timestamp,core,usr,sys,idle,used
1781041082,0,0,00,0,00,100,00,0,00
1781041082,1,10,71,89,29,0,00,100,00
1781041082,2,0,00,3,33,96,67,3,33
1781041082,3,0,00,3,45,96,55,3,45
1781041082,4,0,00,0,00,100,00,0,00
1781041082,5,0,00,3,33,96,67,3,33
1781041082,6,0,00,0,00,100,00,0,00
1781041082,7,0,00,0,00,100,00,0,00
1781041082,8,0,00,0,00,100,00,0,00
1781041082,9,0,00,0,00,100,00,0,00
1781041082,10,0,00,0,00,100,00,0,00
1781041082,11,3,45,6,90,89,66,10,34
1781041083,0,0,00,0,00,100,00,0,00
1781041083,1,10,00,90,00,0,00,100,00
1781041083,2,3,33,0,00,96,67,3,33
1781041083,3,0,00,0,00,100,00,0,00
1781041083,4,0,00,0,00,100,00,0,00
1781041083,5,0,00,0,00,100,00,0,00
1781041083,6,0,00,0,00,100,00,0,00
1781041083,7,0,00,0,00,100,00,0,00
1781041083,8,0,00,0,00,100,00,0,00
1781041083,9,0,00,3,33,96,67,3,33
1781041083,10,0,00,6,90,93,10,6,90
1781041083,11,0,00,3,45,96,55,3,45
1781041083,0,0,00,0,00,100,00,0,00
1781041083,1,10,00,90,00,0,00,100,00
1781041083,2,0,00,3,23,90,32,9,68
1781041083,3,0,00,3,45,96,55,3,45
1781041083,4,3,33,6,67,90,00,10,00
1781041083,5,0,00,3,45,96,55,3,45
1781041083,6,0,00,0,00,100,00,0,00
1781041083,7,0,00,0,00,100,00,0,00
1781041083,8,0,00,0,00,100,00,0,00
1781041083,9,0,00,0,00,100,00,0,00
1781041083,10,0,00,0,00,100,00,0,00
1781041083,11,0,00,0,00,100,00,0,00
1781041084,0,0,00,13,79,86,21,13,79
1781041084,1,26,67,73,33,0,00,100,00
1781041084,2,0,00,0,00,100,00,0,00
1781041084,3,0,00,3,33,96,67,3,33
1781041084,4,0,00,0,00,100,00,0,00
1781041084,5,0,00,0,00,100,00,0,00
1781041084,6,0,00,0,00,100,00,0,00
1781041084,7,0,00,0,00,100,00,0,00
1781041084,8,0,00,0,00,100,00,0,00
1781041084,9,0,00,0,00,100,00,0,00
1781041084,10,0,00,0,00,100,00,0,00
1781041084,11,3,33,6,67,90,00,10,00
1781041085,0,0,00,3,45,96,55,3,45
1781041085,1,100,00,0,00,0,00,100,00
1781041085,2,0,00,0,00,96,55,3,45
1781041085,3,0,00,0,00,100,00,0,00
1781041085,4,0,00,7,14,92,86,7,14
1781041085,5,0,00,3,45,96,55,3,45
1781041085,6,0,00,0,00,100,00,0,00
1781041085,7,0,00,0,00,100,00,0,00
1781041085,8,0,00,0,00,100,00,0,00
1781041085,9,0,00,0,00,100,00,0,00
1781041085,10,0,00,0,00,100,00,0,00
1781041085,11,0,00,0,00,100,00,0,00
1781041085,0,3,45,0,00,96,55,3,45
1781041085,1,100,00,0,00,0,00,100,00
1781041085,2,0,00,3,33,96,67,3,33
1781041085,3,0,00,0,00,100,00,0,00
1781041085,4,0,00,0,00,100,00,0,00
1781041085,5,0,00,0,00,100,00,0,00
1781041085,6,0,00,0,00,100,00,0,00
1781041085,7,0,00,0,00,100,00,0,00
1781041085,8,0,00,0,00,100,00,0,00
1781041085,9,0,00,3,45,96,55,3,45
1781041085,10,0,00,3,45,96,55,3,45
1781041085,11,0,00,7,14,92,86,7,14
1781041086,0,0,00,0,00,100,00,0,00
1781041086,1,100,00,0,00,0,00,100,00
1781041086,2,0,00,0,00,100,00,0,00
1781041086,3,0,00,3,33,96,67,3,33
1781041086,4,0,00,0,00,100,00,0,00
1781041086,5,0,00,3,45,96,55,3,45
1781041086,6,3,45,0,00,96,55,3,45
1781041086,7,0,00,0,00,100,00,0,00
1781041086,8,0,00,0,00,100,00,0,00
1781041086,9,0,00,6,90,93,10,6,90
1781041086,10,0,00,0,00,100,00,0,00
1781041086,11,0,00,0,00,100,00,0,00
1781041087,0,0,00,0,00,100,00,0,00
1781041087,1,100,00,0,00,0,00,100,00
1781041087,2,0,00,3,33,96,67,3,33
1781041087,3,0,00,3,45,96,55,3,45
1781041087,4,0,00,6,90,93,10,6,90
1781041087,5,0,00,0,00,100,00,0,00
1781041087,6,0,00,0,00,100,00,0,00
1781041087,7,0,00,0,00,100,00,0,00
1781041087,8,0,00,0,00,100,00,0,00
1781041087,9,0,00,0,00,100,00,0,00
1781041087,10,0,00,0,00,100,00,0,00
1781041087,11,0,00,3,45,96,55,3,45
1781041087,0,0,00,0,00,100,00,0,00
1781041087,1,100,00,0,00,0,00,100,00
1781041087,2,0,00,0,00,100,00,0,00
1781041087,3,0,00,3,45,96,55,3,45
1781041087,4,0,00,0,00,100,00,0,00
1781041087,5,0,00,0,00,100,00,0,00
1781041087,6,0,00,0,00,100,00,0,00
1781041087,7,0,00,0,00,100,00,0,00
1781041087,8,3,33,0,00,96,67,3,33
1781041087,9,0,00,0,00,100,00,0,00
1781041087,10,0,00,3,45,96,55,3,45
1781041087,11,0,00,10,34,89,66,10,34
1781041088,0,0,00,0,00,100,00,0,00
1781041088,1,100,00,0,00,0,00,100,00
1781041088,2,0,00,0,00,100,00,0,00
1781041088,3,0,00,3,45,96,55,3,45
1781041088,4,0,00,3,45,96,55,3,45
1781041088,5,0,00,0,00,100,00,0,00
1781041088,6,0,00,0,00,100,00,0,00
1781041088,7,0,00,0,00,100,00,0,00
1781041088,8,0,00,0,00,100,00,0,00
1781041088,9,0,00,0,00,100,00,0,00
1781041088,10,0,00,0,00,100,00,0,00
1781041088,11,3,33,6,67,90,00,10,00
1781041088,0,0,00,3,45,96,55,3,45
1781041088,1,100,00,0,00,0,00,100,00
1781041088,2,0,00,0,00,100,00,0,00
1781041088,3,0,00,17,24,82,76,17,24
1781041088,4,0,00,0,00,100,00,0,00
1781041088,5,0,00,0,00,100,00,0,00
1781041088,6,0,00,0,00,100,00,0,00
1781041088,7,0,00,0,00,100,00,0,00
1781041088,8,0,00,0,00,100,00,0,00
1781041088,9,0,00,0,00,100,00,0,00
1781041088,10,0,00,0,00,100,00,0,00
1781041088,11,3,45,6,90,89,66,10,34
1781041089,0,0,00,0,00,100,00,0,00
1781041089,1,100,00,0,00,0,00,100,00
1781041089,2,0,00,3,33,96,67,3,33
1781041089,3,0,00,0,00,100,00,0,00
1781041089,4,0,00,0,00,100,00,0,00
1781041089,5,3,33,0,00,96,67,3,33
1781041089,6,0,00,3,33,96,67,3,33
1781041089,7,0,00,0,00,100,00,0,00
1781041089,8,0,00,3,33,96,67,3,33
1781041089,9,0,00,0,00,100,00,0,00
1781041089,10,0,00,0,00,100,00,0,00
1781041089,11,0,00,7,14,92,86,7,14
1781041090,0,0,00,0,00,100,00,0,00
1781041090,1,100,00,0,00,0,00,100,00
1781041090,2,0,00,0,00,100,00,0,00
1781041090,3,0,00,3,33,93,33,6,67
1781041090,4,0,00,0,00,100,00,0,00
1781041090,5,0,00,0,00,100,00,0,00
1781041090,6,0,00,3,57,96,43,3,57
1781041090,7,0,00,0,00,100,00,0,00
1781041090,8,0,00,0,00,100,00,0,00
1781041090,9,0,00,0,00,100,00,0,00
1781041090,10,0,00,3,45,96,55,3,45
1781041090,11,0,00,3,45,96,55,3,45
1781041090,0,0,00,0,00,100,00,0,00
1781041090,1,100,00,0,00,0,00,100,00
1781041090,2,0,00,0,00,100,00,0,00
1781041090,3,0,00,3,57,96,43,3,57
1781041090,4,0,00,0,00,100,00,0,00
1781041090,5,0,00,0,00,100,00,0,00
1781041090,6,0,00,3,45,96,55,3,45
1781041090,7,0,00,0,00,100,00,0,00
1781041090,8,0,00,0,00,100,00,0,00
1781041090,9,0,00,0,00,100,00,0,00
1781041090,10,0,00,0,00,100,00,0,00
1781041090,11,3,57,3,57,92,86,7,14
1781041091,0,0,00,0,00,100,00,0,00
1781041091,1,100,00,0,00,0,00,100,00
1781041091,2,0,00,0,00,100,00,0,00
1781041091,3,0,00,3,45,96,55,3,45
1781041091,4,0,00,0,00,100,00,0,00
1781041091,5,0,00,0,00,100,00,0,00
1781041091,6,0,00,0,00,100,00,0,00
1781041091,7,0,00,0,00,100,00,0,00
1781041091,8,0,00,0,00,100,00,0,00
1781041091,9,0,00,0,00,100,00,0,00
1781041091,10,0,00,7,14,92,86,7,14
1781041091,11,0,00,0,00,100,00,0,00
1781041092,0,0,00,3,45,96,55,3,45
1781041092,1,100,00,0,00,0,00,100,00
1781041092,2,0,00,3,33,96,67,3,33
1781041092,3,0,00,14,29,85,71,14,29
1781041092,4,0,00,3,45,96,55,3,45
1781041092,5,0,00,7,14,92,86,7,14
1781041092,6,3,45,0,00,96,55,3,45
1781041092,7,0,00,0,00,100,00,0,00
1781041092,8,0,00,0,00,100,00,0,00
1781041092,9,0,00,0,00,100,00,0,00
1781041092,10,0,00,0,00,100,00,0,00
1781041092,11,0,00,0,00,100,00,0,00
1781041092,0,0,00,0,00,96,55,3,45
1781041092,1,100,00,0,00,0,00,100,00
1781041092,2,0,00,0,00,100,00,0,00
1781041092,3,0,00,0,00,100,00,0,00
1781041092,4,0,00,0,00,100,00,0,00
1781041092,5,0,00,0,00,100,00,0,00
1781041092,6,0,00,0,00,100,00,0,00
1781041092,7,0,00,0,00,100,00,0,00
1781041092,8,3,45,0,00,96,55,3,45
1781041092,9,0,00,6,67,93,33,6,67
1781041092,10,0,00,3,33,96,67,3,33
1781041092,11,0,00,6,90,93,10,6,90
1781041093,0,0,00,0,00,100,00,0,00
1781041093,1,100,00,0,00,0,00,100,00
1781041093,2,0,00,0,00,100,00,0,00
1781041093,3,0,00,0,00,100,00,0,00
1781041093,4,0,00,0,00,100,00,0,00
1781041093,5,0,00,0,00,100,00,0,00
1781041093,6,0,00,0,00,100,00,0,00
1781041093,7,0,00,0,00,100,00,0,00
1781041093,8,0,00,3,33,96,67,3,33
1781041093,9,0,00,0,00,100,00,0,00
1781041093,10,0,00,10,00,90,00,10,00
1781041093,11,0,00,3,45,96,55,3,45
1781041094,0,0,00,0,00,100,00,0,00
1781041094,1,100,00,0,00,0,00,100,00
1781041094,2,0,00,0,00,100,00,0,00
1781041094,3,0,00,0,00,100,00,0,00
1781041094,4,0,00,10,00,90,00,10,00
1781041094,5,0,00,0,00,100,00,0,00
1781041094,6,0,00,0,00,100,00,0,00
1781041094,7,0,00,0,00,100,00,0,00
1781041094,8,0,00,0,00,100,00,0,00
1781041094,9,0,00,3,33,96,67,3,33
1781041094,10,0,00,0,00,100,00,0,00
1781041094,11,3,33,3,33,93,33,6,67
1781041094,0,0,00,0,00,100,00,0,00
1781041094,1,100,00,0,00,0,00,100,00
1781041094,2,0,00,0,00,100,00,0,00
1781041094,3,0,00,0,00,100,00,0,00
1781041094,4,0,00,0,00,100,00,0,00
1781041094,5,0,00,0,00,100,00,0,00
1781041094,6,0,00,0,00,100,00,0,00
1781041094,7,0,00,0,00,100,00,0,00
1781041094,8,0,00,3,45,96,55,3,45
1781041094,9,0,00,0,00,100,00,0,00
1781041094,10,0,00,7,14,92,86,7,14
1781041094,11,0,00,3,45,96,55,3,45
1781041095,0,0,00,0,00,100,00,0,00
1781041095,1,100,00,0,00,0,00,100,00
1781041095,2,0,00,0,00,100,00,0,00
1781041095,3,0,00,0,00,100,00,0,00
1781041095,4,0,00,0,00,100,00,0,00
1781041095,5,0,00,6,67,93,33,6,67
1781041095,6,0,00,6,90,93,10,6,90
1781041095,7,0,00,0,00,100,00,0,00
1781041095,8,0,00,0,00,100,00,0,00
1781041095,9,0,00,0,00,100,00,0,00
1781041095,10,0,00,0,00,100,00,0,00
1781041095,11,0,00,0,00,100,00,0,00
1781041096,0,0,00,0,00,96,67,3,33
1781041096,1,100,00,0,00,0,00,100,00
1781041096,2,0,00,0,00,100,00,0,00
1781041096,3,0,00,0,00,100,00,0,00
1781041096,4,0,00,0,00,100,00,0,00
1781041096,5,3,23,6,45,90,32,9,68
1781041096,6,0,00,0,00,100,00,0,00
1781041096,7,0,00,0,00,100,00,0,00
1781041096,8,0,00,0,00,100,00,0,00
1781041096,9,0,00,0,00,100,00,0,00
1781041096,10,0,00,6,90,93,10,6,90
1781041096,11,0,00,0,00,100,00,0,00
1781041096,0,0,00,3,33,96,67,3,33
1781041096,1,100,00,0,00,0,00,100,00
1781041096,2,0,00,0,00,100,00,0,00
1781041096,3,3,45,20,69,75,86,24,14
1781041096,4,0,00,0,00,100,00,0,00
1781041096,5,3,33,0,00,96,67,3,33
1781041096,6,0,00,0,00,100,00,0,00
1781041096,7,0,00,3,33,96,67,3,33
1781041096,8,3,33,0,00,96,67,3,33
1781041096,9,0,00,0,00,100,00,0,00
1781041096,10,0,00,0,00,100,00,0,00
1781041096,11,0,00,3,45,96,55,3,45
1781041097,0,0,00,0,00,100,00,0,00
1781041097,1,100,00,0,00,0,00,100,00
1781041097,2,0,00,3,33,96,67,3,33
1781041097,3,0,00,0,00,100,00,0,00
1781041097,4,0,00,0,00,100,00,0,00
1781041097,5,0,00,0,00,100,00,0,00
1781041097,6,0,00,0,00,100,00,0,00
1781041097,7,0,00,0,00,100,00,0,00
1781041097,8,0,00,3,33,96,67,3,33
1781041097,9,0,00,0,00,100,00,0,00
1781041097,10,3,33,6,67,90,00,10,00
1781041097,11,0,00,6,67,93,33,6,67
1781041098,0,0,00,0,00,100,00,0,00
1781041098,1,100,00,0,00,0,00,100,00
1781041098,2,0,00,0,00,100,00,0,00
1781041098,3,0,00,7,14,92,86,7,14
1781041098,4,0,00,3,45,96,55,3,45
1781041098,5,0,00,0,00,100,00,0,00
1781041098,6,0,00,3,45,96,55,3,45
1781041098,7,0,00,0,00,100,00,0,00
1781041098,8,0,00,0,00,100,00,0,00
1781041098,9,0,00,0,00,100,00,0,00
1781041098,10,0,00,0,00,100,00,0,00
1781041098,11,0,00,0,00,100,00,0,00
1781041098,0,0,00,0,00,100,00,0,00
1781041098,1,100,00,0,00,0,00,100,00
1781041098,2,0,00,0,00,100,00,0,00
1781041098,3,0,00,0,00,100,00,0,00
1781041098,4,0,00,0,00,100,00,0,00
1781041098,5,0,00,6,90,93,10,6,90
1781041098,6,0,00,0,00,100,00,0,00
1781041098,7,0,00,0,00,100,00,0,00
1781041098,8,0,00,0,00,100,00,0,00
1781041098,9,0,00,0,00,100,00,0,00
1781041098,10,0,00,0,00,100,00,0,00
1781041098,11,0,00,0,00,100,00,0,00
1781041099,0,0,00,0,00,100,00,0,00
1781041099,1,100,00,0,00,0,00,100,00
1781041099,2,0,00,0,00,100,00,0,00
1781041099,3,0,00,6,90,93,10,6,90
1781041099,4,0,00,0,00,100,00,0,00
1781041099,5,0,00,0,00,100,00,0,00
1781041099,6,0,00,0,00,100,00,0,00
1781041099,7,0,00,0,00,100,00,0,00
1781041099,8,0,00,0,00,100,00,0,00
1781041099,9,3,45,0,00,96,55,3,45
1781041099,10,0,00,0,00,100,00,0,00
1781041099,11,0,00,0,00,100,00,0,00
1781041099,0,0,00,0,00,100,00,0,00
1781041099,1,100,00,0,00,0,00,100,00
1781041099,2,0,00,3,45,96,55,3,45
1781041099,3,3,33,13,33,83,33,16,67
1781041099,4,0,00,0,00,100,00,0,00
1781041099,5,0,00,6,90,93,10,6,90
1781041099,6,0,00,0,00,100,00,0,00
1781041099,7,0,00,0,00,100,00,0,00
1781041099,8,0,00,0,00,100,00,0,00
1781041099,9,0,00,0,00,100,00,0,00
1781041099,10,0,00,3,45,96,55,3,45
1781041099,11,0,00,0,00,100,00,0,00
1781041100,0,0,00,0,00,100,00,0,00
1781041100,1,100,00,0,00,0,00,100,00
1781041100,2,0,00,0,00,100,00,0,00
1781041100,3,0,00,0,00,100,00,0,00
1781041100,4,0,00,3,33,96,67,3,33
1781041100,5,3,45,0,00,96,55,3,45
1781041100,6,0,00,0,00,100,00,0,00
1781041100,7,0,00,0,00,100,00,0,00
1781041100,8,0,00,0,00,100,00,0,00
1781041100,9,0,00,0,00,100,00,0,00
1781041100,10,0,00,3,33,96,67,3,33
1781041100,11,3,45,3,45,93,10,6,90
1781041101,0,0,00,0,00,100,00,0,00
1781041101,1,100,00,0,00,0,00,100,00
1781041101,2,0,00,0,00,100,00,0,00
1781041101,3,0,00,3,45,96,55,3,45
1781041101,4,0,00,0,00,100,00,0,00
1781041101,5,0,00,6,90,93,10,6,90
1781041101,6,0,00,0,00,100,00,0,00
1781041101,7,0,00,0,00,100,00,0,00
1781041101,8,0,00,0,00,100,00,0,00
1781041101,9,0,00,0,00,100,00,0,00
1781041101,10,0,00,0,00,100,00,0,00
1781041101,11,0,00,0,00,100,00,0,00
1781041101,0,0,00,0,00,100,00,0,00
1781041101,1,100,00,0,00,0,00,100,00
1781041101,2,0,00,0,00,100,00,0,00
1781041101,3,0,00,3,33,96,67,3,33
1781041101,4,0,00,0,00,100,00,0,00
1781041101,5,0,00,0,00,100,00,0,00
1781041101,6,0,00,0,00,100,00,0,00
1781041101,7,0,00,0,00,100,00,0,00
1781041101,8,0,00,0,00,100,00,0,00
1781041101,9,0,00,6,90,93,10,6,90
1781041101,10,0,00,3,45,96,55,3,45
1781041101,11,0,00,0,00,100,00,0,00
1781041102,0,0,00,0,00,100,00,0,00
1781041102,1,100,00,0,00,0,00,100,00
1781041102,2,0,00,0,00,100,00,0,00
1781041102,3,0,00,6,90,93,10,6,90
1781041102,4,0,00,3,57,96,43,3,57
1781041102,5,0,00,0,00,100,00,0,00
1781041102,6,0,00,0,00,100,00,0,00
1781041102,7,0,00,0,00,100,00,0,00
1781041102,8,0,00,0,00,100,00,0,00
1781041102,9,0,00,0,00,100,00,0,00
1781041102,10,0,00,0,00,100,00,0,00
1781041102,11,0,00,0,00,100,00,0,00
1781041103,0,0,00,0,00,100,00,0,00
1781041103,1,100,00,0,00,0,00,100,00
1781041103,2,0,00,3,45,96,55,3,45
1781041103,3,0,00,0,00,100,00,0,00
1781041103,4,0,00,0,00,100,00,0,00
1781041103,5,0,00,0,00,100,00,0,00
1781041103,6,3,45,6,90,89,66,10,34
1781041103,7,0,00,0,00,100,00,0,00
1781041103,8,0,00,0,00,100,00,0,00
1781041103,9,0,00,0,00,100,00,0,00
1781041103,10,0,00,3,45,96,55,3,45
1781041103,11,3,45,0,00,96,55,3,45
1781041103,0,0,00,0,00,100,00,0,00
1781041103,1,100,00,0,00,0,00,100,00
1781041103,2,0,00,0,00,100,00,0,00
1781041103,3,0,00,3,57,96,43,3,57
1781041103,4,0,00,0,00,100,00,0,00
1781041103,5,0,00,0,00,100,00,0,00
1781041103,6,0,00,3,45,96,55,3,45
1781041103,7,0,00,0,00,100,00,0,00
1781041103,8,0,00,0,00,100,00,0,00
1781041103,9,0,00,0,00,100,00,0,00
1781041103,10,0,00,0,00,100,00,0,00
1781041103,11,3,33,6,67,90,00,10,00
1781041104,0,0,00,0,00,100,00,0,00
1781041104,1,100,00,0,00,0,00,100,00
1781041104,2,0,00,0,00,100,00,0,00
1781041104,3,0,00,14,29,85,71,14,29
1781041104,4,3,45,6,90,89,66,10,34
1781041104,5,0,00,0,00,100,00,0,00
1781041104,6,0,00,0,00,100,00,0,00
1781041104,7,0,00,0,00,100,00,0,00
1781041104,8,0,00,0,00,100,00,0,00
1781041104,9,0,00,0,00,100,00,0,00
1781041104,10,0,00,3,33,96,67,3,33
1781041104,11,0,00,0,00,100,00,0,00
1781041105,0,0,00,0,00,100,00,0,00
1781041105,1,100,00,0,00,0,00,100,00
1781041105,2,0,00,0,00,100,00,0,00
1781041105,3,0,00,0,00,100,00,0,00
1781041105,4,0,00,0,00,100,00,0,00
1781041105,5,0,00,0,00,100,00,0,00
1781041105,6,0,00,0,00,100,00,0,00
1781041105,7,0,00,0,00,100,00,0,00
1781041105,8,0,00,0,00,100,00,0,00
1781041105,9,0,00,6,90,93,10,6,90
1781041105,10,3,45,0,00,96,55,3,45
1781041105,11,0,00,3,45,96,55,3,45
1781041105,0,0,00,0,00,100,00,0,00
1781041105,1,100,00,0,00,0,00,100,00
1781041105,2,0,00,0,00,100,00,0,00
1781041105,3,0,00,0,00,100,00,0,00
1781041105,4,0,00,0,00,100,00,0,00
1781041105,5,0,00,0,00,100,00,0,00
1781041105,6,0,00,0,00,100,00,0,00
1781041105,7,0,00,0,00,100,00,0,00
1781041105,8,0,00,0,00,100,00,0,00
1781041105,9,0,00,3,57,96,43,3,57
1781041105,10,0,00,3,45,96,55,3,45
1781041105,11,0,00,0,00,100,00,0,00
1781041106,0,0,00,0,00,100,00,0,00
1781041106,1,100,00,0,00,0,00,100,00
1781041106,2,0,00,0,00,100,00,0,00
1781041106,3,0,00,3,45,96,55,3,45
1781041106,4,0,00,3,45,96,55,3,45
1781041106,5,0,00,0,00,100,00,0,00
1781041106,6,0,00,3,33,96,67,3,33
1781041106,7,0,00,0,00,100,00,0,00
1781041106,8,0,00,0,00,100,00,0,00
1781041106,9,0,00,0,00,100,00,0,00
1781041106,10,0,00,0,00,100,00,0,00
1781041106,11,0,00,6,90,93,10,6,90
1781041106,0,0,00,0,00,100,00,0,00
1781041106,1,100,00,0,00,0,00,100,00
1781041106,2,0,00,0,00,100,00,0,00
1781041106,3,0,00,0,00,100,00,0,00
1781041106,4,3,45,6,90,89,66,10,34
1781041106,5,0,00,0,00,100,00,0,00
1781041106,6,0,00,0,00,100,00,0,00
1781041106,7,0,00,0,00,100,00,0,00
1781041106,8,0,00,0,00,100,00,0,00
1781041106,9,0,00,0,00,100,00,0,00
1781041106,10,0,00,0,00,100,00,0,00
1781041106,11,0,00,0,00,100,00,0,00
1781041107,0,0,00,3,33,96,67,3,33
1781041107,1,0,00,3,33,96,67,3,33
1781041107,2,0,00,0,00,100,00,0,00
1781041107,3,100,00,0,00,0,00,100,00
1781041107,4,0,00,13,79,86,21,13,79
1781041107,5,0,00,3,33,96,67,3,33
1781041107,6,0,00,0,00,100,00,0,00
1781041107,7,0,00,3,33,96,67,3,33
1781041107,8,0,00,6,90,93,10,6,90
1781041107,9,0,00,0,00,100,00,0,00
1781041107,10,0,00,0,00,100,00,0,00
1781041107,11,0,00,0,00,100,00,0,00
1781041108,0,0,00,0,00,100,00,0,00
1781041108,1,0,00,0,00,100,00,0,00
1781041108,2,0,00,0,00,100,00,0,00
1781041108,3,100,00,0,00,0,00,100,00
1781041108,4,0,00,0,00,100,00,0,00
1781041108,5,0,00,0,00,100,00,0,00
1781041108,6,0,00,0,00,100,00,0,00
1781041108,7,0,00,0,00,100,00,0,00
1781041108,8,3,45,6,90,89,66,10,34
1781041108,9,0,00,0,00,100,00,0,00
1781041108,10,3,45,0,00,96,55,3,45
1781041108,11,0,00,0,00,100,00,0,00
1781041108,0,0,00,0,00,100,00,0,00
1781041108,1,0,00,0,00,100,00,0,00
1781041108,2,0,00,10,00,90,00,10,00
1781041108,3,100,00,0,00,0,00,100,00
1781041108,4,0,00,0,00,100,00,0,00
1781041108,5,0,00,0,00,100,00,0,00
1781041108,6,0,00,0,00,100,00,0,00
1781041108,7,0,00,3,45,96,55,3,45
1781041108,8,0,00,0,00,100,00,0,00
1781041108,9,0,00,0,00,100,00,0,00
1781041108,10,0,00,3,33,96,67,3,33
1781041108,11,0,00,0,00,100,00,0,00
1781041109,0,3,45,6,90,89,66,10,34
1781041109,1,0,00,3,57,96,43,3,57
1781041109,2,0,00,3,33,96,67,3,33
1781041109,3,100,00,0,00,0,00,100,00
1781041109,4,0,00,0,00,100,00,0,00
1781041109,5,0,00,0,00,100,00,0,00
1781041109,6,0,00,0,00,100,00,0,00
1781041109,7,0,00,0,00,100,00,0,00
1781041109,8,0,00,3,45,96,55,3,45
1781041109,9,0,00,0,00,100,00,0,00
1781041109,10,0,00,0,00,100,00,0,00
1781041109,11,0,00,0,00,100,00,0,00
1781041110,0,0,00,3,45,96,55,3,45
1781041110,1,0,00,3,45,96,55,3,45
1781041110,2,0,00,0,00,100,00,0,00
1781041110,3,100,00,0,00,0,00,100,00
1781041110,4,0,00,0,00,100,00,0,00
1781041110,5,0,00,0,00,100,00,0,00
1781041110,6,0,00,0,00,100,00,0,00
1781041110,7,0,00,3,33,96,67,3,33
1781041110,8,0,00,6,90,93,10,6,90
1781041110,9,0,00,0,00,100,00,0,00
1781041110,10,0,00,0,00,100,00,0,00
1781041110,11,0,00,0,00,100,00,0,00
1781041110,0,100,00,0,00,0,00,100,00
1781041110,1,0,00,0,00,100,00,0,00
1781041110,2,3,45,0,00,96,55,3,45
1781041110,3,0,00,0,00,100,00,0,00
1781041110,4,0,00,0,00,100,00,0,00
1781041110,5,0,00,3,33,96,67,3,33
1781041110,6,0,00,0,00,100,00,0,00
1781041110,7,0,00,0,00,100,00,0,00
1781041110,8,0,00,0,00,100,00,0,00
1781041110,9,0,00,0,00,100,00,0,00
1781041110,10,0,00,3,45,96,55,3,45
1781041110,11,0,00,7,14,92,86,7,14
1781041111,0,100,00,0,00,0,00,100,00
1781041111,1,0,00,0,00,100,00,0,00
1781041111,2,0,00,3,45,96,55,3,45
1781041111,3,0,00,0,00,100,00,0,00
1781041111,4,0,00,3,70,96,30,3,70
1781041111,5,0,00,0,00,100,00,0,00
1781041111,6,0,00,0,00,100,00,0,00
1781041111,7,0,00,0,00,100,00,0,00
1781041111,8,0,00,0,00,100,00,0,00
1781041111,9,0,00,0,00,100,00,0,00
1781041111,10,0,00,0,00,100,00,0,00
1781041111,11,0,00,0,00,100,00,0,00
1781041112,0,100,00,0,00,0,00,100,00
1781041112,1,0,00,0,00,100,00,0,00
1781041112,2,0,00,0,00,100,00,0,00
1781041112,3,0,00,3,33,96,67,3,33
1781041112,4,0,00,14,29,85,71,14,29
1781041112,5,0,00,0,00,100,00,0,00
1781041112,6,0,00,0,00,100,00,0,00
1781041112,7,0,00,0,00,100,00,0,00
1781041112,8,0,00,0,00,100,00,0,00
1781041112,9,3,45,6,90,89,66,10,34
1781041112,10,0,00,0,00,100,00,0,00
1781041112,11,0,00,0,00,100,00,0,00
1781041112,0,100,00,0,00,0,00,100,00
1781041112,1,0,00,3,33,96,67,3,33
1781041112,2,0,00,0,00,100,00,0,00
1781041112,3,0,00,6,90,93,10,6,90
1781041112,4,3,33,3,33,93,33,6,67
1781041112,5,0,00,3,33,96,67,3,33
1781041112,6,0,00,0,00,100,00,0,00
1781041112,7,0,00,0,00,100,00,0,00
1781041112,8,0,00,0,00,100,00,0,00
1781041112,9,0,00,0,00,100,00,0,00
1781041112,10,0,00,0,00,100,00,0,00
1781041112,11,0,00,0,00,100,00,0,00
1781041113,0,100,00,0,00,0,00,100,00
1781041113,1,0,00,0,00,100,00,0,00
1781041113,2,0,00,3,33,96,67,3,33
1781041113,3,0,00,0,00,100,00,0,00
1781041113,4,0,00,3,33,96,67,3,33
1781041113,5,0,00,10,00,90,00,10,00
1781041113,6,0,00,0,00,100,00,0,00
1781041113,7,0,00,0,00,100,00,0,00
1781041113,8,0,00,0,00,100,00,0,00
1781041113,9,0,00,0,00,100,00,0,00
1781041113,10,0,00,0,00,100,00,0,00
1781041113,11,0,00,0,00,100,00,0,00
1781041114,0,100,00,0,00,0,00,100,00
1781041114,1,0,00,0,00,100,00,0,00
1781041114,2,0,00,0,00,96,67,3,33
1781041114,3,0,00,3,45,96,55,3,45
1781041114,4,0,00,0,00,100,00,0,00
1781041114,5,0,00,0,00,100,00,0,00
1781041114,6,0,00,0,00,100,00,0,00
1781041114,7,0,00,0,00,100,00,0,00
1781041114,8,0,00,0,00,100,00,0,00
1781041114,9,0,00,0,00,100,00,0,00
1781041114,10,0,00,0,00,100,00,0,00
1781041114,11,0,00,6,90,93,10,6,90
1781041114,0,100,00,0,00,0,00,100,00
1781041114,1,0,00,0,00,100,00,0,00
1781041114,2,0,00,0,00,100,00,0,00
1781041114,3,0,00,0,00,100,00,0,00
1781041114,4,0,00,0,00,100,00,0,00
1781041114,5,0,00,0,00,100,00,0,00
1781041114,6,0,00,0,00,100,00,0,00
1781041114,7,0,00,0,00,100,00,0,00
1781041114,8,0,00,0,00,100,00,0,00
1781041114,9,3,33,6,67,90,00,10,00
1781041114,10,0,00,0,00,100,00,0,00
1781041114,11,3,33,3,33,93,33,6,67
1781041115,0,30,00,0,00,70,00,30,00
1781041115,1,0,00,3,45,96,55,3,45
1781041115,2,0,00,0,00,100,00,0,00
1781041115,3,0,00,0,00,100,00,0,00
1781041115,4,0,00,0,00,100,00,0,00
1781041115,5,0,00,3,33,96,67,3,33
1781041115,6,70,00,0,00,30,00,70,00
1781041115,7,0,00,3,33,96,67,3,33
1781041115,8,0,00,0,00,100,00,0,00
1781041115,9,0,00,0,00,100,00,0,00
1781041115,10,0,00,10,34,89,66,10,34
1781041115,11,0,00,10,34,89,66,10,34
1781041116,0,100,00,0,00,0,00,100,00
1781041116,1,0,00,0,00,100,00,0,00
1781041116,2,0,00,3,33,96,67,3,33
1781041116,3,0,00,0,00,100,00,0,00
1781041116,4,0,00,0,00,100,00,0,00
1781041116,5,0,00,0,00,100,00,0,00
1781041116,6,0,00,0,00,100,00,0,00
1781041116,7,0,00,0,00,100,00,0,00
1781041116,8,0,00,0,00,100,00,0,00
1781041116,9,3,33,3,33,93,33,6,67
1781041116,10,0,00,0,00,100,00,0,00
1781041116,11,0,00,6,90,93,10,6,90
1781041116,0,100,00,0,00,0,00,100,00
1781041116,1,0,00,0,00,100,00,0,00
1781041116,2,0,00,0,00,100,00,0,00
1781041116,3,0,00,3,33,96,67,3,33
1781041116,4,0,00,0,00,100,00,0,00
1781041116,5,0,00,3,33,96,67,3,33
1781041116,6,0,00,0,00,100,00,0,00
1781041116,7,0,00,0,00,100,00,0,00
1781041116,8,0,00,3,33,96,67,3,33
1781041116,9,0,00,0,00,100,00,0,00
1781041116,10,3,45,20,69,75,86,24,14
1781041116,11,0,00,0,00,100,00,0,00
1781041117,0,100,00,0,00,0,00,100,00
1781041117,1,0,00,3,45,96,55,3,45
1781041117,2,0,00,0,00,100,00,0,00
1781041117,3,0,00,0,00,100,00,0,00
1781041117,4,0,00,0,00,100,00,0,00
1781041117,5,0,00,3,45,96,55,3,45
1781041117,6,0,00,0,00,100,00,0,00
1781041117,7,0,00,3,45,96,55,3,45
1781041117,8,0,00,0,00,100,00,0,00
1781041117,9,0,00,3,45,96,55,3,45
1781041117,10,0,00,7,14,92,86,7,14
1781041117,11,0,00,0,00,100,00,0,00
1781041118,0,100,00,0,00,0,00,100,00
1781041118,1,0,00,3,33,96,67,3,33
1781041118,2,0,00,0,00,96,67,3,33
1781041118,3,0,00,0,00,100,00,0,00
1781041118,4,0,00,0,00,100,00,0,00
1781041118,5,3,45,6,90,89,66,10,34
1781041118,6,0,00,0,00,100,00,0,00
1781041118,7,0,00,0,00,100,00,0,00
1781041118,8,0,00,0,00,100,00,0,00
1781041118,9,0,00,3,33,96,67,3,33
1781041118,10,0,00,0,00,100,00,0,00
1781041118,11,0,00,0,00,100,00,0,00
1781041118,0,100,00,0,00,0,00,100,00
1781041118,1,0,00,0,00,100,00,0,00
1781041118,2,0,00,3,33,96,67,3,33
1781041118,3,0,00,0,00,100,00,0,00
1781041118,4,0,00,3,45,96,55,3,45
1781041118,5,0,00,3,33,96,67,3,33
1781041118,6,0,00,0,00,100,00,0,00
1781041118,7,0,00,0,00,100,00,0,00
1781041118,8,0,00,0,00,100,00,0,00
1781041118,9,0,00,6,90,93,10,6,90
1781041118,10,0,00,0,00,100,00,0,00
1781041118,11,0,00,3,33,96,67,3,33
1781041119,0,100,00,0,00,0,00,100,00
1781041119,1,0,00,0,00,100,00,0,00
1781041119,2,0,00,0,00,100,00,0,00
1781041119,3,0,00,3,45,96,55,3,45
1781041119,4,0,00,0,00,100,00,0,00
1781041119,5,0,00,0,00,100,00,0,00
1781041119,6,0,00,0,00,100,00,0,00
1781041119,7,0,00,0,00,100,00,0,00
1781041119,8,3,33,0,00,96,67,3,33
1781041119,9,0,00,0,00,100,00,0,00
1781041119,10,0,00,3,57,96,43,3,57
1781041119,11,0,00,0,00,100,00,0,00
1781041119,0,100,00,0,00,0,00,100,00
1781041119,1,0,00,0,00,100,00,0,00
1781041119,2,3,33,3,33,93,33,6,67
1781041119,3,0,00,3,23,96,77,3,23
1781041119,4,3,33,6,67,90,00,10,00
1781041119,5,0,00,3,45,96,55,3,45
1781041119,6,0,00,0,00,100,00,0,00
1781041119,7,0,00,0,00,100,00,0,00
1781041119,8,0,00,0,00,100,00,0,00
1781041119,9,0,00,0,00,100,00,0,00
1781041119,10,3,33,13,33,83,33,16,67
1781041119,11,0,00,0,00,100,00,0,00
1781041120,0,100,00,0,00,0,00,100,00
1781041120,1,0,00,0,00,100,00,0,00
1781041120,2,0,00,0,00,100,00,0,00
1781041120,3,0,00,3,45,96,55,3,45
1781041120,4,3,23,9,68,87,10,12,90
1781041120,5,0,00,0,00,100,00,0,00
1781041120,6,0,00,0,00,100,00,0,00
1781041120,7,0,00,0,00,100,00,0,00
1781041120,8,0,00,0,00,100,00,0,00
1781041120,9,0,00,3,33,96,67,3,33
1781041120,10,0,00,0,00,100,00,0,00
1781041120,11,0,00,0,00,100,00,0,00
1781041121,0,100,00,0,00,0,00,100,00
1781041121,1,0,00,3,45,96,55,3,45
1781041121,2,0,00,3,45,96,55,3,45
1781041121,3,0,00,0,00,100,00,0,00
1781041121,4,0,00,7,14,92,86,7,14
1781041121,5,3,33,3,33,93,33,6,67
1781041121,6,3,33,0,00,96,67,3,33
1781041121,7,0,00,3,45,96,55,3,45
1781041121,8,0,00,0,00,100,00,0,00
1781041121,9,0,00,0,00,100,00,0,00
1781041121,10,0,00,0,00,100,00,0,00
1781041121,11,0,00,0,00,100,00,0,00
1781041121,0,28,57,0,00,71,43,28,57
1781041121,1,0,00,0,00,100,00,0,00
1781041121,2,0,00,0,00,100,00,0,00
1781041121,3,70,00,3,33,26,67,73,33
1781041121,4,3,33,6,67,90,00,10,00
1781041121,5,0,00,0,00,100,00,0,00
1781041121,6,0,00,3,33,96,67,3,33
1781041121,7,3,45,0,00,96,55,3,45
1781041121,8,0,00,0,00,100,00,0,00
1781041121,9,0,00,0,00,100,00,0,00
1781041121,10,0,00,0,00,100,00,0,00
1781041121,11,0,00,0,00,100,00,0,00
1781041122,0,0,00,0,00,100,00,0,00
1781041122,1,0,00,3,45,96,55,3,45
1781041122,2,0,00,0,00,100,00,0,00
1781041122,3,100,00,0,00,0,00,100,00
1781041122,4,0,00,0,00,100,00,0,00
1781041122,5,0,00,0,00,100,00,0,00
1781041122,6,0,00,6,90,93,10,6,90
1781041122,7,0,00,0,00,100,00,0,00
1781041122,8,0,00,0,00,100,00,0,00
1781041122,9,0,00,0,00,100,00,0,00
1781041122,10,0,00,0,00,100,00,0,00
1781041122,11,0,00,3,45,96,55,3,45
1781041123,0,100,00,0,00,0,00,100,00
1781041123,1,0,00,0,00,93,55,6,45
1781041123,2,0,00,0,00,100,00,0,00
1781041123,3,3,45,6,90,89,66,10,34
1781041123,4,0,00,0,00,100,00,0,00
1781041123,5,0,00,0,00,100,00,0,00
1781041123,6,0,00,0,00,100,00,0,00
1781041123,7,0,00,0,00,100,00,0,00
1781041123,8,0,00,0,00,100,00,0,00
1781041123,9,0,00,0,00,100,00,0,00
1781041123,10,0,00,3,57,96,43,3,57
1781041123,11,0,00,0,00,100,00,0,00
1781041123,0,100,00,0,00,0,00,100,00
1781041123,1,0,00,0,00,100,00,0,00
1781041123,2,3,33,0,00,96,67,3,33
1781041123,3,0,00,0,00,100,00,0,00
1781041123,4,0,00,0,00,100,00,0,00
1781041123,5,0,00,3,57,96,43,3,57
1781041123,6,0,00,0,00,100,00,0,00
1781041123,7,0,00,0,00,100,00,0,00
1781041123,8,0,00,0,00,100,00,0,00
1781041123,9,0,00,3,57,96,43,3,57
1781041123,10,0,00,0,00,100,00,0,00
1781041123,11,0,00,0,00,100,00,0,00
1781041124,0,100,00,0,00,0,00,100,00
1781041124,1,0,00,0,00,100,00,0,00
1781041124,2,0,00,0,00,96,67,3,33
1781041124,3,0,00,0,00,100,00,0,00
1781041124,4,0,00,0,00,100,00,0,00
1781041124,5,0,00,0,00,100,00,0,00
1781041124,6,0,00,0,00,100,00,0,00
1781041124,7,0,00,3,33,96,67,3,33
1781041124,8,0,00,0,00,100,00,0,00
1781041124,9,0,00,0,00,100,00,0,00
1781041124,10,3,33,16,67,80,00,20,00
1781041124,11,0,00,7,14,92,86,7,14
1781041125,0,100,00,0,00,0,00,100,00
1781041125,1,0,00,0,00,100,00,0,00
1781041125,2,0,00,0,00,93,55,6,45
1781041125,3,0,00,0,00,100,00,0,00
1781041125,4,0,00,0,00,100,00,0,00
1781041125,5,0,00,10,00,90,00,10,00
1781041125,6,0,00,0,00,100,00,0,00
1781041125,7,0,00,0,00,100,00,0,00
1781041125,8,0,00,0,00,100,00,0,00
1781041125,9,0,00,3,45,96,55,3,45
1781041125,10,0,00,3,45,96,55,3,45
1781041125,11,3,33,0,00,96,67,3,33
1781041125,0,100,00,0,00,0,00,100,00
1781041125,1,0,00,0,00,96,55,3,45
1781041125,2,0,00,0,00,100,00,0,00
1781041125,3,0,00,3,45,96,55,3,45
1781041125,4,0,00,0,00,100,00,0,00
1781041125,5,0,00,0,00,100,00,0,00
1781041125,6,0,00,0,00,100,00,0,00
1781041125,7,0,00,0,00,100,00,0,00
1781041125,8,0,00,0,00,100,00,0,00
1781041125,9,0,00,0,00,100,00,0,00
1781041125,10,0,00,0,00,100,00,0,00
1781041125,11,0,00,7,14,92,86,7,14
1781041126,0,100,00,0,00,0,00,100,00
1781041126,1,0,00,3,33,96,67,3,33
1781041126,2,0,00,0,00,100,00,0,00
1781041126,3,0,00,0,00,100,00,0,00
1781041126,4,0,00,7,14,92,86,7,14
1781041126,5,0,00,0,00,100,00,0,00
1781041126,6,0,00,0,00,100,00,0,00
1781041126,7,0,00,3,33,96,67,3,33
1781041126,8,0,00,0,00,100,00,0,00
1781041126,9,0,00,0,00,96,55,3,45
1781041126,10,0,00,0,00,100,00,0,00
1781041126,11,0,00,6,90,93,10,6,90
1781041127,0,100,00,0,00,0,00,100,00
1781041127,1,0,00,0,00,100,00,0,00
1781041127,2,0,00,0,00,96,55,3,45
1781041127,3,0,00,7,14,92,86,7,14
1781041127,4,0,00,0,00,100,00,0,00
1781041127,5,0,00,0,00,100,00,0,00
1781041127,6,0,00,0,00,100,00,0,00
1781041127,7,0,00,0,00,100,00,0,00
1781041127,8,0,00,0,00,100,00,0,00
1781041127,9,0,00,3,45,96,55,3,45
1781041127,10,0,00,3,45,96,55,3,45
1781041127,11,0,00,3,45,96,55,3,45
1781041127,0,100,00,0,00,0,00,100,00
1781041127,1,0,00,0,00,100,00,0,00
1781041127,2,0,00,0,00,100,00,0,00
1781041127,3,0,00,0,00,100,00,0,00
1781041127,4,3,45,3,45,93,10,6,90
1781041127,5,0,00,0,00,100,00,0,00
1781041127,6,0,00,0,00,100,00,0,00
1781041127,7,0,00,0,00,100,00,0,00
1781041127,8,0,00,0,00,100,00,0,00
1781041127,9,0,00,6,90,93,10,6,90
1781041127,10,3,33,13,33,83,33,16,67
1781041127,11,0,00,0,00,100,00,0,00
1781041128,0,100,00,0,00,0,00,100,00
1781041128,1,0,00,0,00,100,00,0,00
1781041128,2,0,00,0,00,93,55,6,45
1781041128,3,0,00,0,00,100,00,0,00
1781041128,4,0,00,3,45,96,55,3,45
1781041128,5,0,00,0,00,100,00,0,00
1781041128,6,0,00,0,00,100,00,0,00
1781041128,7,0,00,0,00,100,00,0,00
1781041128,8,0,00,0,00,100,00,0,00
1781041128,9,0,00,6,90,93,10,6,90
1781041128,10,0,00,0,00,100,00,0,00
1781041128,11,0,00,0,00,100,00,0,00
1781041128,0,100,00,0,00,0,00,100,00
1781041128,1,0,00,0,00,100,00,0,00
1781041128,2,0,00,0,00,96,67,3,33
1781041128,3,3,45,6,90,89,66,10,34
1781041128,4,0,00,0,00,100,00,0,00
1781041128,5,0,00,0,00,100,00,0,00
1781041128,6,0,00,0,00,100,00,0,00
1781041128,7,0,00,0,00,100,00,0,00
1781041128,8,0,00,0,00,100,00,0,00
1781041128,9,0,00,0,00,100,00,0,00
1781041128,10,0,00,3,45,96,55,3,45
1781041128,11,0,00,3,45,96,55,3,45
1781041129,0,100,00,0,00,0,00,100,00
1781041129,1,3,33,0,00,96,67,3,33
1781041129,2,0,00,0,00,93,33,6,67
1781041129,3,0,00,6,90,93,10,6,90
1781041129,4,0,00,0,00,100,00,0,00
1781041129,5,0,00,0,00,100,00,0,00
1781041129,6,0,00,0,00,100,00,0,00
1781041129,7,0,00,0,00,100,00,0,00
1781041129,8,0,00,0,00,100,00,0,00
1781041129,9,0,00,0,00,100,00,0,00
1781041129,10,0,00,3,45,96,55,3,45
1781041129,11,0,00,0,00,100,00,0,00
1781041130,0,100,00,0,00,0,00,100,00
1781041130,1,0,00,0,00,100,00,0,00
1781041130,2,0,00,0,00,100,00,0,00
1781041130,3,0,00,0,00,100,00,0,00
1781041130,4,0,00,0,00,100,00,0,00
1781041130,5,0,00,3,33,96,67,3,33
1781041130,6,0,00,0,00,100,00,0,00
1781041130,7,0,00,0,00,100,00,0,00
1781041130,8,0,00,0,00,100,00,0,00
1781041130,9,0,00,7,14,92,86,7,14
1781041130,10,0,00,3,57,96,43,3,57
1781041130,11,0,00,0,00,100,00,0,00
1781041130,0,100,00,0,00,0,00,100,00
1781041130,1,0,00,3,45,96,55,3,45
1781041130,2,3,33,0,00,96,67,3,33
1781041130,3,0,00,3,33,96,67,3,33
1781041130,4,0,00,0,00,100,00,0,00
1781041130,5,0,00,7,14,92,86,7,14
1781041130,6,0,00,0,00,100,00,0,00
1781041130,7,0,00,0,00,100,00,0,00
1781041130,8,0,00,0,00,100,00,0,00
1781041130,9,3,33,0,00,96,67,3,33
1781041130,10,0,00,0,00,100,00,0,00
1781041130,11,0,00,0,00,100,00,0,00
1781041131,0,100,00,0,00,0,00,100,00
1781041131,1,0,00,0,00,100,00,0,00
1781041131,2,0,00,3,33,96,67,3,33
1781041131,3,0,00,0,00,100,00,0,00
1781041131,4,0,00,0,00,100,00,0,00
1781041131,5,0,00,0,00,100,00,0,00
1781041131,6,0,00,0,00,100,00,0,00
1781041131,7,0,00,0,00,100,00,0,00
1781041131,8,0,00,0,00,100,00,0,00
1781041131,9,0,00,3,70,96,30,3,70
1781041131,10,0,00,0,00,100,00,0,00
1781041131,11,0,00,0,00,100,00,0,00
1781041132,0,100,00,0,00,0,00,100,00
1781041132,1,0,00,0,00,100,00,0,00
1781041132,2,0,00,0,00,100,00,0,00
1781041132,3,0,00,0,00,100,00,0,00
1781041132,4,3,45,6,90,89,66,10,34
1781041132,5,0,00,0,00,100,00,0,00
1781041132,6,0,00,0,00,100,00,0,00
1781041132,7,3,33,0,00,96,67,3,33
1781041132,8,0,00,0,00,100,00,0,00
1781041132,9,0,00,0,00,100,00,0,00
1781041132,10,0,00,13,33,86,67,13,33
1781041132,11,0,00,3,45,96,55,3,45
1781041132,0,100,00,0,00,0,00,100,00
1781041132,1,0,00,0,00,100,00,0,00
1781041132,2,0,00,0,00,100,00,0,00
1781041132,3,0,00,3,45,96,55,3,45
1781041132,4,0,00,3,33,96,67,3,33
1781041132,5,0,00,0,00,100,00,0,00
1781041132,6,0,00,0,00,100,00,0,00
1781041132,7,0,00,0,00,100,00,0,00
1781041132,8,0,00,0,00,100,00,0,00
1781041132,9,0,00,0,00,100,00,0,00
1781041132,10,3,33,6,67,90,00,10,00
1781041132,11,0,00,3,45,96,55,3,45
1781041133,0,100,00,0,00,0,00,100,00
1781041133,1,0,00,0,00,100,00,0,00
1781041133,2,0,00,0,00,100,00,0,00
1781041133,3,0,00,0,00,100,00,0,00
1781041133,4,0,00,6,90,93,10,6,90
1781041133,5,0,00,0,00,100,00,0,00
1781041133,6,0,00,0,00,100,00,0,00
1781041133,7,0,00,0,00,100,00,0,00
1781041133,8,0,00,0,00,100,00,0,00
1781041133,9,0,00,0,00,100,00,0,00
1781041133,10,0,00,0,00,100,00,0,00
1781041133,11,3,33,3,33,93,33,6,67
1781041134,0,100,00,0,00,0,00,100,00
1781041134,1,0,00,3,45,96,55,3,45
1781041134,2,0,00,0,00,100,00,0,00
1781041134,3,0,00,0,00,100,00,0,00
1781041134,4,0,00,0,00,100,00,0,00
1781041134,5,0,00,0,00,100,00,0,00
1781041134,6,0,00,0,00,100,00,0,00
1781041134,7,0,00,0,00,100,00,0,00
1781041134,8,0,00,0,00,100,00,0,00
1781041134,9,0,00,0,00,100,00,0,00
1781041134,10,0,00,7,14,92,86,7,14
1781041134,11,0,00,3,33,96,67,3,33
1781041134,0,100,00,0,00,0,00,100,00
1781041134,1,0,00,0,00,100,00,0,00
1781041134,2,0,00,0,00,100,00,0,00
1781041134,3,0,00,0,00,100,00,0,00
1781041134,4,0,00,0,00,100,00,0,00
1781041134,5,0,00,0,00,100,00,0,00
1781041134,6,0,00,3,45,96,55,3,45
1781041134,7,0,00,0,00,100,00,0,00
1781041134,8,0,00,0,00,100,00,0,00
1781041134,9,0,00,0,00,100,00,0,00
1781041134,10,0,00,3,57,96,43,3,57
1781041134,11,0,00,0,00,100,00,0,00
1781041135,0,100,00,0,00,0,00,100,00
1781041135,1,0,00,0,00,100,00,0,00
1781041135,2,0,00,0,00,100,00,0,00
1781041135,3,0,00,0,00,100,00,0,00
1781041135,4,0,00,3,33,96,67,3,33
1781041135,5,3,23,9,68,87,10,12,90
1781041135,6,0,00,0,00,100,00,0,00
1781041135,7,0,00,0,00,100,00,0,00
1781041135,8,0,00,3,45,96,55,3,45
1781041135,9,3,33,0,00,96,67,3,33
1781041135,10,0,00,7,14,92,86,7,14
1781041135,11,0,00,0,00,100,00,0,00
1781041136,0,100,00,0,00,0,00,100,00
1781041136,1,0,00,0,00,100,00,0,00
1781041136,2,0,00,0,00,100,00,0,00
1781041136,3,0,00,0,00,100,00,0,00
1781041136,4,0,00,3,45,96,55,3,45
1781041136,5,0,00,7,14,92,86,7,14
1781041136,6,0,00,0,00,100,00,0,00
1781041136,7,0,00,0,00,100,00,0,00
1781041136,8,0,00,0,00,100,00,0,00
1781041136,9,0,00,0,00,100,00,0,00
1781041136,10,0,00,0,00,100,00,0,00
1781041136,11,0,00,0,00,100,00,0,00
1781041136,0,100,00,0,00,0,00,100,00
1781041136,1,0,00,0,00,100,00,0,00
1781041136,2,0,00,0,00,100,00,0,00
1781041136,3,0,00,3,45,96,55,3,45
1781041136,4,0,00,0,00,100,00,0,00
1781041136,5,0,00,0,00,100,00,0,00
1781041136,6,0,00,0,00,100,00,0,00
1781041136,7,0,00,3,33,96,67,3,33
1781041136,8,0,00,0,00,100,00,0,00
1781041136,9,0,00,0,00,100,00,0,00
1781041136,10,3,45,13,79,82,76,17,24
1781041136,11,0,00,7,14,92,86,7,14
1781041137,0,100,00,0,00,0,00,100,00
1781041137,1,0,00,0,00,100,00,0,00
1781041137,2,0,00,0,00,100,00,0,00
1781041137,3,0,00,0,00,100,00,0,00
1781041137,4,3,33,6,67,90,00,10,00
1781041137,5,0,00,3,45,96,55,3,45
1781041137,6,0,00,0,00,100,00,0,00
1781041137,7,0,00,0,00,100,00,0,00
1781041137,8,0,00,0,00,100,00,0,00
1781041137,9,3,33,3,33,93,33,6,67
1781041137,10,0,00,0,00,100,00,0,00
1781041137,11,0,00,0,00,100,00,0,00
1781041138,0,100,00,0,00,0,00,100,00
1781041138,1,0,00,0,00,100,00,0,00
1781041138,2,3,45,0,00,96,55,3,45
1781041138,3,0,00,0,00,100,00,0,00
1781041138,4,0,00,0,00,100,00,0,00
1781041138,5,0,00,3,57,96,43,3,57
1781041138,6,0,00,0,00,100,00,0,00
1781041138,7,0,00,3,45,96,55,3,45
1781041138,8,0,00,0,00,100,00,0,00
1781041138,9,0,00,0,00,100,00,0,00
1781041138,10,0,00,3,57,96,43,3,57
1781041138,11,0,00,0,00,100,00,0,00
1781041138,0,100,00,0,00,0,00,100,00
1781041138,1,0,00,0,00,100,00,0,00
1781041138,2,0,00,0,00,100,00,0,00
1781041138,3,0,00,0,00,100,00,0,00
1781041138,4,3,45,6,90,89,66,10,34
1781041138,5,0,00,3,45,96,55,3,45
1781041138,6,0,00,0,00,100,00,0,00
1781041138,7,0,00,0,00,100,00,0,00
1781041138,8,0,00,0,00,100,00,0,00
1781041138,9,0,00,0,00,100,00,0,00
1781041138,10,0,00,0,00,100,00,0,00
1781041138,11,0,00,0,00,100,00,0,00
1781041139,0,100,00,0,00,0,00,100,00
1781041139,1,0,00,0,00,100,00,0,00
1781041139,2,0,00,3,45,96,55,3,45
1781041139,3,0,00,0,00,100,00,0,00
1781041139,4,0,00,0,00,100,00,0,00
1781041139,5,3,33,6,67,90,00,10,00
1781041139,6,0,00,0,00,100,00,0,00
1781041139,7,0,00,0,00,100,00,0,00
1781041139,8,0,00,0,00,100,00,0,00
1781041139,9,0,00,0,00,100,00,0,00
1781041139,10,0,00,6,90,93,10,6,90
1781041139,11,0,00,0,00,100,00,0,00
1781041139,0,100,00,0,00,0,00,100,00
1781041139,1,0,00,0,00,100,00,0,00
1781041139,2,0,00,0,00,100,00,0,00
1781041139,3,0,00,0,00,100,00,0,00
1781041139,4,0,00,0,00,100,00,0,00
1781041139,5,0,00,0,00,100,00,0,00
1781041139,6,0,00,0,00,100,00,0,00
1781041139,7,0,00,0,00,100,00,0,00
1781041139,8,0,00,0,00,100,00,0,00
1781041139,9,0,00,0,00,100,00,0,00
1781041139,10,3,45,20,69,75,86,24,14
1781041139,11,0,00,3,45,96,55,3,45
1781041140,0,100,00,0,00,0,00,100,00
1781041140,1,0,00,0,00,100,00,0,00
1781041140,2,0,00,0,00,100,00,0,00
1781041140,3,3,33,0,00,96,67,3,33
1781041140,4,0,00,0,00,100,00,0,00
1781041140,5,3,57,0,00,96,43,3,57
1781041140,6,0,00,0,00,100,00,0,00
1781041140,7,0,00,3,33,96,67,3,33
1781041140,8,0,00,0,00,100,00,0,00
1781041140,9,0,00,3,33,96,67,3,33
1781041140,10,3,33,10,00,86,67,13,33
1781041140,11,0,00,3,45,96,55,3,45
1781041141,0,100,00,0,00,0,00,100,00
1781041141,1,0,00,0,00,100,00,0,00
1781041141,2,0,00,0,00,100,00,0,00
1781041141,3,0,00,0,00,100,00,0,00
1781041141,4,0,00,3,33,96,67,3,33
1781041141,5,0,00,0,00,100,00,0,00
1781041141,6,0,00,0,00,100,00,0,00
1781041141,7,0,00,0,00,100,00,0,00
1781041141,8,0,00,0,00,100,00,0,00
1781041141,9,0,00,0,00,100,00,0,00
1781041141,10,0,00,6,90,93,10,6,90
1781041141,11,0,00,3,57,96,43,3,57
1781041141,0,100,00,0,00,0,00,100,00
1781041141,1,0,00,3,45,96,55,3,45
1781041141,2,3,33,6,67,90,00,10,00
1781041141,3,0,00,3,45,96,55,3,45
1781041141,4,0,00,0,00,100,00,0,00
1781041141,5,0,00,0,00,100,00,0,00
1781041141,6,0,00,0,00,100,00,0,00
1781041141,7,0,00,0,00,100,00,0,00
1781041141,8,0,00,3,33,96,67,3,33
1781041141,9,0,00,0,00,100,00,0,00
1781041141,10,0,00,3,45,96,55,3,45
1781041141,11,0,00,3,45,96,55,3,45
1781041142,0,0,00,0,00,100,00,0,00
1781041142,1,0,00,0,00,100,00,0,00
1781041142,2,0,00,0,00,100,00,0,00
1781041142,3,100,00,0,00,0,00,100,00
1781041142,4,0,00,7,14,92,86,7,14
1781041142,5,0,00,0,00,100,00,0,00
1781041142,6,0,00,3,45,96,55,3,45
1781041142,7,7,14,0,00,92,86,7,14
1781041142,8,0,00,0,00,100,00,0,00
1781041142,9,0,00,0,00,100,00,0,00
1781041142,10,0,00,0,00,100,00,0,00
1781041142,11,0,00,0,00,100,00,0,00
1781041143,0,0,00,3,57,96,43,3,57
1781041143,1,0,00,0,00,100,00,0,00
1781041143,2,0,00,3,45,96,55,3,45
1781041143,3,100,00,0,00,0,00,100,00
1781041143,4,0,00,0,00,100,00,0,00
1781041143,5,0,00,0,00,100,00,0,00
1781041143,6,0,00,0,00,100,00,0,00
1781041143,7,3,45,6,90,89,66,10,34
1781041143,8,0,00,0,00,100,00,0,00
1781041143,9,0,00,0,00,100,00,0,00
1781041143,10,3,33,6,67,90,00,10,00
1781041143,11,0,00,3,45,96,55,3,45
1781041143,0,3,33,3,33,93,33,6,67
1781041143,1,0,00,0,00,100,00,0,00
1781041143,2,3,45,0,00,96,55,3,45
1781041143,3,100,00,0,00,0,00,100,00
1781041143,4,0,00,0,00,100,00,0,00
1781041143,5,0,00,0,00,100,00,0,00
1781041143,6,0,00,0,00,100,00,0,00
1781041143,7,3,45,6,90,89,66,10,34
1781041143,8,0,00,0,00,100,00,0,00
1781041143,9,0,00,0,00,100,00,0,00
1781041143,10,0,00,0,00,100,00,0,00
1781041143,11,0,00,0,00,100,00,0,00
1781041144,0,0,00,3,45,96,55,3,45
1781041144,1,0,00,0,00,100,00,0,00
1781041144,2,3,23,9,68,87,10,12,90
1781041144,3,100,00,0,00,0,00,100,00
1781041144,4,0,00,0,00,100,00,0,00
1781041144,5,0,00,0,00,100,00,0,00
1781041144,6,0,00,0,00,100,00,0,00
1781041144,7,0,00,0,00,100,00,0,00
1781041144,8,0,00,0,00,100,00,0,00
1781041144,9,3,33,0,00,96,67,3,33
1781041144,10,0,00,13,79,86,21,13,79
1781041144,11,0,00,0,00,100,00,0,00
1781041145,0,0,00,7,14,92,86,7,14
1781041145,1,0,00,0,00,100,00,0,00
1781041145,2,0,00,0,00,100,00,0,00
1781041145,3,0,00,0,00,100,00,0,00
1781041145,4,0,00,0,00,100,00,0,00
1781041145,5,0,00,3,45,96,55,3,45
1781041145,6,0,00,0,00,100,00,0,00
1781041145,7,3,33,3,33,93,33,6,67
1781041145,8,0,00,0,00,100,00,0,00
1781041145,9,100,00,0,00,0,00,100,00
1781041145,10,0,00,3,45,96,55,3,45
1781041145,11,0,00,0,00,100,00,0,00
1781041145,0,3,33,3,33,93,33,6,67
1781041145,1,0,00,3,33,96,67,3,33
1781041145,2,0,00,0,00,100,00,0,00
1781041145,3,100,00,0,00,0,00,100,00
1781041145,4,0,00,0,00,100,00,0,00
1781041145,5,0,00,0,00,100,00,0,00
1781041145,6,0,00,0,00,100,00,0,00
1781041145,7,0,00,0,00,100,00,0,00
1781041145,8,0,00,6,90,93,10,6,90
1781041145,9,0,00,0,00,100,00,0,00
1781041145,10,0,00,0,00,100,00,0,00
1781041145,11,0,00,0,00,100,00,0,00
1781041146,0,7,14,7,14,85,71,14,29
1781041146,1,0,00,6,90,93,10,6,90
1781041146,2,0,00,0,00,100,00,0,00
1781041146,3,100,00,0,00,0,00,100,00
1781041146,4,0,00,0,00,100,00,0,00
1781041146,5,0,00,0,00,100,00,0,00
1781041146,6,0,00,0,00,100,00,0,00
1781041146,7,10,34,0,00,89,66,10,34
1781041146,8,10,00,13,33,76,67,23,33
1781041146,9,0,00,0,00,100,00,0,00
1781041146,10,0,00,0,00,100,00,0,00
1781041146,11,7,14,7,14,85,71,14,29
1781041147,0,0,00,3,45,93,10,6,90
1781041147,1,0,00,0,00,100,00,0,00
1781041147,2,0,00,0,00,100,00,0,00
1781041147,3,100,00,0,00,0,00,100,00
1781041147,4,0,00,0,00,100,00,0,00
1781041147,5,0,00,0,00,100,00,0,00
1781041147,6,0,00,0,00,100,00,0,00
1781041147,7,0,00,0,00,100,00,0,00
1781041147,8,0,00,7,14,92,86,7,14
1781041147,9,0,00,0,00,100,00,0,00
1781041147,10,3,33,3,33,93,33,6,67
1781041147,11,0,00,3,33,96,67,3,33
1781041147,0,3,45,13,79,82,76,17,24
1781041147,1,0,00,3,45,96,55,3,45
1781041147,2,0,00,0,00,100,00,0,00
1781041147,3,100,00,0,00,0,00,100,00
1781041147,4,0,00,0,00,100,00,0,00
1781041147,5,0,00,0,00,100,00,0,00
1781041147,6,0,00,0,00,100,00,0,00
1781041147,7,0,00,0,00,100,00,0,00
1781041147,8,3,33,10,00,86,67,13,33
1781041147,9,0,00,0,00,100,00,0,00
1781041147,10,0,00,0,00,100,00,0,00
1781041147,11,0,00,0,00,100,00,0,00
1781041148,0,0,00,0,00,100,00,0,00
1781041148,1,0,00,3,45,96,55,3,45
1781041148,2,0,00,3,45,96,55,3,45
1781041148,3,100,00,0,00,0,00,100,00
1781041148,4,0,00,0,00,100,00,0,00
1781041148,5,0,00,0,00,100,00,0,00
1781041148,6,3,33,6,67,90,00,10,00
1781041148,7,0,00,0,00,100,00,0,00
1781041148,8,0,00,0,00,100,00,0,00
1781041148,9,0,00,0,00,100,00,0,00
1781041148,10,0,00,0,00,100,00,0,00
1781041148,11,0,00,0,00,100,00,0,00
1781041149,0,0,00,10,71,89,29,10,71
1781041149,1,0,00,0,00,100,00,0,00
1781041149,2,0,00,3,45,96,55,3,45
1781041149,3,100,00,0,00,0,00,100,00
1781041149,4,0,00,0,00,100,00,0,00
1781041149,5,0,00,3,45,96,55,3,45
1781041149,6,0,00,0,00,100,00,0,00
1781041149,7,0,00,3,33,96,67,3,33
1781041149,8,0,00,0,00,100,00,0,00
1781041149,9,0,00,0,00,100,00,0,00
1781041149,10,0,00,0,00,100,00,0,00
1781041149,11,0,00,0,00,100,00,0,00
1781041149,0,3,45,6,90,89,66,10,34
1781041149,1,0,00,0,00,100,00,0,00
1781041149,2,0,00,3,33,96,67,3,33
1781041149,3,100,00,0,00,0,00,100,00
1781041149,4,0,00,0,00,100,00,0,00
1781041149,5,0,00,0,00,100,00,0,00
1781041149,6,0,00,0,00,100,00,0,00
1781041149,7,0,00,0,00,100,00,0,00
1781041149,8,0,00,0,00,100,00,0,00
1781041149,9,0,00,0,00,100,00,0,00
1781041149,10,0,00,3,45,96,55,3,45
1781041149,11,0,00,0,00,100,00,0,00
1781041150,0,0,00,0,00,100,00,0,00
1781041150,1,0,00,3,45,96,55,3,45
1781041150,2,0,00,0,00,100,00,0,00
1781041150,3,100,00,0,00,0,00,100,00
1781041150,4,0,00,0,00,100,00,0,00
1781041150,5,0,00,0,00,100,00,0,00
1781041150,6,0,00,6,90,93,10,6,90
1781041150,7,0,00,0,00,100,00,0,00
1781041150,8,0,00,0,00,100,00,0,00
1781041150,9,0,00,0,00,100,00,0,00
1781041150,10,0,00,0,00,100,00,0,00
1781041150,11,0,00,0,00,100,00,0,00
1781041151,0,0,00,0,00,100,00,0,00
1781041151,1,0,00,0,00,100,00,0,00
1781041151,2,0,00,3,70,96,30,3,70
1781041151,3,100,00,0,00,0,00,100,00
1781041151,4,0,00,0,00,100,00,0,00
1781041151,5,0,00,3,45,96,55,3,45
1781041151,6,0,00,0,00,100,00,0,00
1781041151,7,0,00,0,00,100,00,0,00
1781041151,8,0,00,3,45,96,55,3,45
1781041151,9,0,00,0,00,100,00,0,00
1781041151,10,0,00,0,00,100,00,0,00
1781041151,11,0,00,0,00,100,00,0,00
1781041151,0,3,33,10,00,86,67,13,33
1781041151,1,0,00,3,33,96,67,3,33
1781041151,2,0,00,0,00,100,00,0,00
1781041151,3,100,00,0,00,0,00,100,00
1781041151,4,0,00,0,00,100,00,0,00
1781041151,5,0,00,0,00,100,00,0,00
1781041151,6,0,00,0,00,100,00,0,00
1781041151,7,0,00,0,00,100,00,0,00
1781041151,8,0,00,0,00,100,00,0,00
1781041151,9,0,00,0,00,96,55,3,45
1781041151,10,0,00,0,00,100,00,0,00
1781041151,11,0,00,0,00,100,00,0,00
1781041152,0,0,00,13,79,86,21,13,79
1781041152,1,0,00,0,00,100,00,0,00
1781041152,2,0,00,0,00,100,00,0,00
1781041152,3,100,00,0,00,0,00,100,00
1781041152,4,0,00,0,00,100,00,0,00
1781041152,5,0,00,0,00,100,00,0,00
1781041152,6,0,00,3,33,96,67,3,33
1781041152,7,0,00,0,00,100,00,0,00
1781041152,8,0,00,10,34,89,66,10,34
1781041152,9,3,33,0,00,96,67,3,33
1781041152,10,0,00,0,00,100,00,0,00
1781041152,11,0,00,0,00,100,00,0,00
1781041152,0,0,00,0,00,100,00,0,00
1781041152,1,0,00,0,00,100,00,0,00
1781041152,2,0,00,0,00,100,00,0,00
1781041152,3,100,00,0,00,0,00,100,00
1781041152,4,0,00,0,00,100,00,0,00
1781041152,5,0,00,0,00,100,00,0,00
1781041152,6,0,00,0,00,100,00,0,00
1781041152,7,0,00,0,00,100,00,0,00
1781041152,8,0,00,6,90,93,10,6,90
1781041152,9,0,00,0,00,100,00,0,00
1781041152,10,0,00,0,00,100,00,0,00
1781041152,11,0,00,0,00,100,00,0,00
1781041153,0,0,00,0,00,100,00,0,00
1781041153,1,0,00,0,00,100,00,0,00
1781041153,2,0,00,3,33,96,67,3,33
1781041153,3,100,00,0,00,0,00,100,00
1781041153,4,0,00,0,00,100,00,0,00
1781041153,5,0,00,0,00,100,00,0,00
1781041153,6,0,00,0,00,100,00,0,00
1781041153,7,0,00,0,00,100,00,0,00
1781041153,8,0,00,6,90,93,10,6,90
1781041153,9,0,00,0,00,100,00,0,00
1781041153,10,0,00,3,45,96,55,3,45
1781041153,11,0,00,0,00,100,00,0,00
1781041154,0,0,00,0,00,100,00,0,00
1781041154,1,0,00,7,14,92,86,7,14
1781041154,2,0,00,3,45,96,55,3,45
1781041154,3,100,00,0,00,0,00,100,00
1781041154,4,0,00,0,00,100,00,0,00
1781041154,5,0,00,3,33,96,67,3,33
1781041154,6,0,00,0,00,100,00,0,00
1781041154,7,0,00,0,00,100,00,0,00
1781041154,8,0,00,0,00,100,00,0,00
1781041154,9,0,00,0,00,100,00,0,00
1781041154,10,0,00,0,00,100,00,0,00
1781041154,11,0,00,0,00,100,00,0,00
1781041154,0,0,00,0,00,100,00,0,00
1781041154,1,0,00,3,45,96,55,3,45
1781041154,2,3,45,6,90,89,66,10,34
1781041154,3,21,43,0,00,78,57,21,43
1781041154,4,0,00,0,00,100,00,0,00
1781041154,5,3,45,0,00,96,55,3,45
1781041154,6,0,00,3,45,96,55,3,45
1781041154,7,0,00,0,00,100,00,0,00
1781041154,8,0,00,0,00,100,00,0,00
1781041154,9,79,31,0,00,20,69,79,31
1781041154,10,0,00,0,00,100,00,0,00
1781041154,11,0,00,3,45,96,55,3,45
1781041155,0,0,00,3,45,96,55,3,45
1781041155,1,0,00,0,00,100,00,0,00
1781041155,2,0,00,0,00,100,00,0,00
1781041155,3,0,00,0,00,100,00,0,00
1781041155,4,0,00,0,00,100,00,0,00
1781041155,5,0,00,0,00,100,00,0,00
1781041155,6,0,00,0,00,100,00,0,00
1781041155,7,0,00,3,45,96,55,3,45
1781041155,8,0,00,3,45,96,55,3,45
1781041155,9,100,00,0,00,0,00,100,00
1781041155,10,3,33,6,67,90,00,10,00
1781041155,11,0,00,0,00,100,00,0,00
1781041156,0,0,00,3,45,96,55,3,45
1781041156,1,0,00,0,00,100,00,0,00
1781041156,2,0,00,0,00,100,00,0,00
1781041156,3,100,00,0,00,0,00,100,00
1781041156,4,0,00,0,00,100,00,0,00
1781041156,5,0,00,0,00,100,00,0,00
1781041156,6,0,00,0,00,100,00,0,00
1781041156,7,0,00,0,00,100,00,0,00
1781041156,8,0,00,7,14,92,86,7,14
1781041156,9,0,00,0,00,100,00,0,00
1781041156,10,0,00,3,45,96,55,3,45
1781041156,11,0,00,0,00,100,00,0,00
1781041156,0,3,33,16,67,80,00,20,00
1781041156,1,0,00,10,34,89,66,10,34
1781041156,2,0,00,0,00,100,00,0,00
1781041156,3,0,00,0,00,100,00,0,00
1781041156,4,3,45,0,00,96,55,3,45
1781041156,5,0,00,0,00,100,00,0,00
1781041156,6,0,00,0,00,100,00,0,00
1781041156,7,0,00,0,00,100,00,0,00
1781041156,8,0,00,3,33,96,67,3,33
1781041156,9,100,00,0,00,0,00,100,00
1781041156,10,0,00,0,00,100,00,0,00
1781041156,11,0,00,0,00,100,00,0,00
1781041157,0,0,00,0,00,100,00,0,00
1781041157,1,0,00,0,00,100,00,0,00
1781041157,2,0,00,0,00,100,00,0,00
1781041157,3,100,00,0,00,0,00,100,00
1781041157,4,0,00,0,00,100,00,0,00
1781041157,5,0,00,3,45,96,55,3,45
1781041157,6,0,00,3,45,96,55,3,45
1781041157,7,0,00,6,90,93,10,6,90
1781041157,8,0,00,3,45,96,55,3,45
1781041157,9,0,00,0,00,100,00,0,00
1781041157,10,0,00,0,00,100,00,0,00
1781041157,11,0,00,0,00,100,00,0,00
1781041158,0,0,00,3,45,96,55,3,45
1781041158,1,0,00,0,00,100,00,0,00
1781041158,2,0,00,10,00,90,00,10,00
1781041158,3,100,00,0,00,0,00,100,00
1781041158,4,0,00,0,00,100,00,0,00
1781041158,5,0,00,0,00,100,00,0,00
1781041158,6,0,00,0,00,100,00,0,00
1781041158,7,0,00,0,00,100,00,0,00
1781041158,8,0,00,0,00,100,00,0,00
1781041158,9,0,00,0,00,100,00,0,00
1781041158,10,0,00,0,00,100,00,0,00
1781041158,11,0,00,0,00,100,00,0,00
1781041158,0,0,00,3,45,96,55,3,45
1781041158,1,0,00,3,33,96,67,3,33
1781041158,2,3,45,6,90,89,66,10,34
1781041158,3,100,00,0,00,0,00,100,00
1781041158,4,0,00,0,00,100,00,0,00
1781041158,5,0,00,0,00,100,00,0,00
1781041158,6,0,00,0,00,100,00,0,00
1781041158,7,0,00,0,00,100,00,0,00
1781041158,8,0,00,0,00,100,00,0,00
1781041158,9,0,00,0,00,100,00,0,00
1781041158,10,0,00,0,00,100,00,0,00
1781041158,11,0,00,3,45,96,55,3,45
1781041159,0,3,33,3,33,93,33,6,67
1781041159,1,0,00,0,00,100,00,0,00
1781041159,2,0,00,3,57,96,43,3,57
1781041159,3,100,00,0,00,0,00,100,00
1781041159,4,0,00,0,00,100,00,0,00
1781041159,5,0,00,0,00,100,00,0,00
1781041159,6,0,00,0,00,100,00,0,00
1781041159,7,0,00,0,00,100,00,0,00
1781041159,8,0,00,0,00,100,00,0,00
1781041159,9,0,00,0,00,100,00,0,00
1781041159,10,0,00,0,00,100,00,0,00
1781041159,11,0,00,0,00,100,00,0,00
1781041160,0,0,00,10,34,89,66,10,34
1781041160,1,0,00,3,45,96,55,3,45
1781041160,2,0,00,0,00,100,00,0,00
1781041160,3,100,00,0,00,0,00,100,00
1781041160,4,0,00,3,33,96,67,3,33
1781041160,5,0,00,0,00,100,00,0,00
1781041160,6,3,33,13,33,83,33,16,67
1781041160,7,0,00,0,00,100,00,0,00
1781041160,8,0,00,0,00,100,00,0,00
1781041160,9,0,00,0,00,100,00,0,00
1781041160,10,0,00,0,00,100,00,0,00
1781041160,11,0,00,0,00,100,00,0,00
1781041160,0,0,00,0,00,100,00,0,00
1781041160,1,0,00,3,45,96,55,3,45
1781041160,2,0,00,6,90,93,10,6,90
1781041160,3,100,00,0,00,0,00,100,00
1781041160,4,0,00,0,00,100,00,0,00
1781041160,5,0,00,0,00,100,00,0,00
1781041160,6,0,00,3,45,96,55,3,45
1781041160,7,0,00,0,00,100,00,0,00
1781041160,8,0,00,0,00,100,00,0,00
1781041160,9,0,00,0,00,100,00,0,00
1781041160,10,0,00,0,00,100,00,0,00
1781041160,11,0,00,0,00,100,00,0,00
1781041161,0,0,00,0,00,100,00,0,00
1781041161,1,0,00,0,00,100,00,0,00
1781041161,2,0,00,0,00,100,00,0,00
1781041161,3,100,00,0,00,0,00,100,00
1781041161,4,0,00,0,00,100,00,0,00
1781041161,5,0,00,0,00,100,00,0,00
1781041161,6,0,00,3,33,96,67,3,33
1781041161,7,3,23,9,68,87,10,12,90
1781041161,8,0,00,0,00,100,00,0,00
1781041161,9,0,00,0,00,100,00,0,00
1781041161,10,0,00,0,00,100,00,0,00
1781041161,11,0,00,3,33,96,67,3,33
1781041162,0,3,33,3,33,93,33,6,67
1781041162,1,0,00,6,90,93,10,6,90
1781041162,2,0,00,0,00,100,00,0,00
1781041162,3,100,00,0,00,0,00,100,00
1781041162,4,0,00,0,00,100,00,0,00
1781041162,5,0,00,0,00,100,00,0,00
1781041162,6,0,00,0,00,100,00,0,00
1781041162,7,0,00,0,00,100,00,0,00
1781041162,8,0,00,0,00,100,00,0,00
1781041162,9,0,00,0,00,100,00,0,00
1781041162,10,0,00,0,00,100,00,0,00
1781041162,11,0,00,0,00,100,00,0,00
1781041162,0,0,00,0,00,100,00,0,00
1781041162,1,0,00,0,00,100,00,0,00
1781041162,2,0,00,0,00,100,00,0,00
1781041162,3,100,00,0,00,0,00,100,00
1781041162,4,0,00,0,00,100,00,0,00
1781041162,5,0,00,3,33,96,67,3,33
1781041162,6,0,00,0,00,100,00,0,00
1781041162,7,0,00,7,14,92,86,7,14
1781041162,8,0,00,0,00,100,00,0,00
1781041162,9,0,00,0,00,100,00,0,00
1781041162,10,0,00,0,00,100,00,0,00
1781041162,11,0,00,3,45,96,55,3,45
1781041163,0,0,00,7,14,92,86,7,14
1781041163,1,0,00,0,00,100,00,0,00
1781041163,2,0,00,0,00,100,00,0,00
1781041163,3,100,00,0,00,0,00,100,00
1781041163,4,0,00,0,00,100,00,0,00
1781041163,5,0,00,0,00,100,00,0,00
1781041163,6,0,00,0,00,100,00,0,00
1781041163,7,0,00,0,00,100,00,0,00
1781041163,8,0,00,0,00,100,00,0,00
1781041163,9,0,00,0,00,100,00,0,00
1781041163,10,0,00,0,00,100,00,0,00
1781041163,11,0,00,0,00,100,00,0,00
1781041163,0,3,45,6,90,89,66,10,34
1781041163,1,0,00,0,00,100,00,0,00
1781041163,2,0,00,3,45,96,55,3,45
1781041163,3,0,00,0,00,100,00,0,00
1781041163,4,0,00,0,00,100,00,0,00
1781041163,5,0,00,0,00,100,00,0,00
1781041163,6,0,00,0,00,100,00,0,00
1781041163,7,0,00,0,00,100,00,0,00
1781041163,8,0,00,0,00,100,00,0,00
1781041163,9,100,00,0,00,0,00,100,00
1781041163,10,0,00,0,00,100,00,0,00
1781041163,11,0,00,0,00,100,00,0,00
1781041164,0,0,00,0,00,100,00,0,00
1781041164,1,3,33,3,33,93,33,6,67
1781041164,2,3,45,6,90,89,66,10,34
1781041164,3,0,00,0,00,100,00,0,00
1781041164,4,0,00,0,00,100,00,0,00
1781041164,5,0,00,0,00,100,00,0,00
1781041164,6,0,00,16,67,83,33,16,67
1781041164,7,0,00,0,00,100,00,0,00
1781041164,8,0,00,3,23,96,77,3,23
1781041164,9,100,00,0,00,0,00,100,00
1781041164,10,0,00,3,33,96,67,3,33
1781041164,11,0,00,0,00,100,00,0,00
1781041165,0,0,00,0,00,100,00,0,00
1781041165,1,0,00,3,33,96,67,3,33
1781041165,2,0,00,6,90,93,10,6,90
1781041165,3,0,00,0,00,100,00,0,00
1781041165,4,0,00,0,00,100,00,0,00
1781041165,5,0,00,0,00,100,00,0,00
1781041165,6,0,00,3,45,96,55,3,45
1781041165,7,0,00,0,00,100,00,0,00
1781041165,8,0,00,0,00,100,00,0,00
1781041165,9,100,00,0,00,0,00,100,00
1781041165,10,0,00,0,00,100,00,0,00
1781041165,11,3,45,0,00,96,55,3,45
1781041165,0,0,00,10,34,89,66,10,34
1781041165,1,3,33,3,33,93,33,6,67
1781041165,2,0,00,0,00,100,00,0,00
1781041165,3,0,00,0,00,100,00,0,00
1781041165,4,0,00,0,00,100,00,0,00
1781041165,5,0,00,0,00,100,00,0,00
1781041165,6,0,00,3,45,96,55,3,45
1781041165,7,0,00,0,00,100,00,0,00
1781041165,8,0,00,0,00,100,00,0,00
1781041165,9,100,00,0,00,0,00,100,00
1781041165,10,0,00,0,00,100,00,0,00
1781041165,11,0,00,0,00,100,00,0,00
1781041166,0,0,00,0,00,100,00,0,00
1781041166,1,0,00,7,14,92,86,7,14
1781041166,2,0,00,0,00,100,00,0,00
1781041166,3,0,00,0,00,100,00,0,00
1781041166,4,0,00,0,00,100,00,0,00
1781041166,5,0,00,0,00,100,00,0,00
1781041166,6,0,00,3,33,96,67,3,33
1781041166,7,3,45,0,00,96,55,3,45
1781041166,8,0,00,0,00,100,00,0,00
1781041166,9,100,00,0,00,0,00,100,00
1781041166,10,0,00,0,00,100,00,0,00
1781041166,11,0,00,3,45,96,55,3,45
1781041167,0,0,00,0,00,100,00,0,00
1781041167,1,0,00,3,33,96,67,3,33
1781041167,2,0,00,0,00,100,00,0,00
1781041167,3,0,00,0,00,100,00,0,00
1781041167,4,0,00,3,33,96,67,3,33
1781041167,5,0,00,0,00,100,00,0,00
1781041167,6,0,00,0,00,100,00,0,00
1781041167,7,0,00,6,90,93,10,6,90
1781041167,8,0,00,0,00,100,00,0,00
1781041167,9,100,00,0,00,0,00,100,00
1781041167,10,0,00,0,00,100,00,0,00
1781041167,11,0,00,0,00,100,00,0,00
1781041167,0,0,00,3,45,96,55,3,45
1781041167,1,3,33,10,00,86,67,13,33
1781041167,2,0,00,0,00,100,00,0,00
1781041167,3,0,00,0,00,100,00,0,00
1781041167,4,0,00,0,00,100,00,0,00
1781041167,5,0,00,0,00,100,00,0,00
1781041167,6,3,33,10,00,86,67,13,33
1781041167,7,0,00,0,00,100,00,0,00
1781041167,8,0,00,0,00,100,00,0,00
1781041167,9,100,00,0,00,0,00,100,00
1781041167,10,0,00,0,00,100,00,0,00
1781041167,11,0,00,0,00,100,00,0,00
1781041168,0,0,00,0,00,100,00,0,00
1781041168,1,0,00,0,00,100,00,0,00
1781041168,2,0,00,3,45,96,55,3,45
1781041168,3,0,00,0,00,100,00,0,00
1781041168,4,0,00,0,00,100,00,0,00
1781041168,5,0,00,0,00,100,00,0,00
1781041168,6,0,00,10,34,89,66,10,34
1781041168,7,0,00,0,00,100,00,0,00
1781041168,8,0,00,0,00,100,00,0,00
1781041168,9,100,00,0,00,0,00,100,00
1781041168,10,0,00,0,00,100,00,0,00
1781041168,11,0,00,0,00,100,00,0,00
1781041169,0,0,00,0,00,100,00,0,00
1781041169,1,0,00,0,00,100,00,0,00
1781041169,2,0,00,0,00,100,00,0,00
1781041169,3,0,00,0,00,100,00,0,00
1781041169,4,0,00,0,00,100,00,0,00
1781041169,5,0,00,0,00,100,00,0,00
1781041169,6,0,00,17,24,82,76,17,24
1781041169,7,0,00,0,00,100,00,0,00
1781041169,8,0,00,6,90,93,10,6,90
1781041169,9,100,00,0,00,0,00,100,00
1781041169,10,0,00,0,00,100,00,0,00
1781041169,11,0,00,3,33,96,67,3,33
1781041169,0,0,00,7,14,92,86,7,14
1781041169,1,0,00,0,00,100,00,0,00
1781041169,2,0,00,0,00,100,00,0,00
1781041169,3,100,00,0,00,0,00,100,00
1781041169,4,0,00,0,00,100,00,0,00
1781041169,5,0,00,0,00,100,00,0,00
1781041169,6,0,00,0,00,100,00,0,00
1781041169,7,3,33,3,33,93,33,6,67
1781041169,8,0,00,0,00,100,00,0,00
1781041169,9,0,00,0,00,100,00,0,00
1781041169,10,3,33,0,00,96,67,3,33
1781041169,11,0,00,0,00,100,00,0,00
1781041170,0,0,00,10,34,89,66,10,34
1781041170,1,0,00,6,45,93,55,6,45
1781041170,2,0,00,0,00,100,00,0,00
1781041170,3,100,00,0,00,0,00,100,00
1781041170,4,0,00,0,00,100,00,0,00
1781041170,5,0,00,0,00,100,00,0,00
1781041170,6,0,00,0,00,100,00,0,00
1781041170,7,0,00,0,00,100,00,0,00
1781041170,8,0,00,0,00,100,00,0,00
1781041170,9,0,00,0,00,100,00,0,00
1781041170,10,0,00,0,00,100,00,0,00
1781041170,11,0,00,0,00,100,00,0,00
1781041171,0,0,00,0,00,100,00,0,00
1781041171,1,0,00,0,00,100,00,0,00
1781041171,2,0,00,0,00,100,00,0,00
1781041171,3,100,00,0,00,0,00,100,00
1781041171,4,0,00,0,00,100,00,0,00
1781041171,5,0,00,0,00,100,00,0,00
1781041171,6,0,00,0,00,100,00,0,00
1781041171,7,0,00,0,00,100,00,0,00
1781041171,8,3,33,6,67,90,00,10,00
1781041171,9,0,00,0,00,100,00,0,00
1781041171,10,0,00,0,00,100,00,0,00
1781041171,11,0,00,0,00,100,00,0,00
1781041171,0,0,00,3,45,96,55,3,45
1781041171,1,0,00,0,00,100,00,0,00
1781041171,2,0,00,0,00,100,00,0,00
1781041171,3,100,00,0,00,0,00,100,00
1781041171,4,0,00,0,00,100,00,0,00
1781041171,5,0,00,0,00,100,00,0,00
1781041171,6,0,00,0,00,100,00,0,00
1781041171,7,0,00,0,00,100,00,0,00
1781041171,8,0,00,7,14,92,86,7,14
1781041171,9,0,00,0,00,100,00,0,00
1781041171,10,0,00,0,00,100,00,0,00
1781041171,11,0,00,3,45,96,55,3,45
1781041172,0,0,00,14,29,85,71,14,29
1781041172,1,3,33,0,00,96,67,3,33
1781041172,2,0,00,3,45,96,55,3,45
1781041172,3,100,00,0,00,0,00,100,00
1781041172,4,0,00,0,00,100,00,0,00
1781041172,5,0,00,0,00,100,00,0,00
1781041172,6,0,00,0,00,100,00,0,00
1781041172,7,0,00,10,00,90,00,10,00
1781041172,8,0,00,3,33,96,67,3,33
1781041172,9,0,00,0,00,100,00,0,00
1781041172,10,0,00,0,00,100,00,0,00
1781041172,11,0,00,0,00,100,00,0,00
1781041173,0,0,00,0,00,100,00,0,00
1781041173,1,0,00,3,45,96,55,3,45
1781041173,2,0,00,0,00,100,00,0,00
1781041173,3,100,00,0,00,0,00,100,00
1781041173,4,0,00,0,00,100,00,0,00
1781041173,5,0,00,0,00,100,00,0,00
1781041173,6,0,00,3,45,96,55,3,45
1781041173,7,3,45,6,90,89,66,10,34
1781041173,8,0,00,0,00,100,00,0,00
1781041173,9,0,00,0,00,100,00,0,00
1781041173,10,0,00,3,33,96,67,3,33
1781041173,11,0,00,0,00,100,00,0,00
1781041173,0,0,00,3,45,96,55,3,45
1781041173,1,0,00,3,33,96,67,3,33
1781041173,2,0,00,7,14,92,86,7,14
1781041173,3,100,00,0,00,0,00,100,00
1781041173,4,0,00,3,45,96,55,3,45
1781041173,5,0,00,0,00,100,00,0,00
1781041173,6,0,00,0,00,100,00,0,00
1781041173,7,0,00,0,00,100,00,0,00
1781041173,8,0,00,3,45,96,55,3,45
1781041173,9,0,00,0,00,100,00,0,00
1781041173,10,0,00,0,00,100,00,0,00
1781041173,11,0,00,0,00,100,00,0,00
1781041174,0,0,00,7,41,92,59,7,41
1781041174,1,0,00,0,00,100,00,0,00
1781041174,2,0,00,0,00,100,00,0,00
1781041174,3,100,00,0,00,0,00,100,00
1781041174,4,0,00,0,00,100,00,0,00
1781041174,5,0,00,0,00,100,00,0,00
1781041174,6,0,00,0,00,100,00,0,00
1781041174,7,0,00,0,00,100,00,0,00
1781041174,8,0,00,0,00,100,00,0,00
1781041174,9,0,00,0,00,100,00,0,00
1781041174,10,0,00,0,00,100,00,0,00
1781041174,11,0,00,0,00,100,00,0,00
1781041175,0,3,45,6,90,89,66,10,34
1781041175,1,0,00,0,00,100,00,0,00
1781041175,2,0,00,0,00,100,00,0,00
1781041175,3,100,00,0,00,0,00,100,00
1781041175,4,0,00,0,00,100,00,0,00
1781041175,5,0,00,0,00,100,00,0,00
1781041175,6,0,00,0,00,100,00,0,00
1781041175,7,0,00,3,45,96,55,3,45
1781041175,8,0,00,0,00,100,00,0,00
1781041175,9,0,00,0,00,100,00,0,00
1781041175,10,0,00,0,00,100,00,0,00
1781041175,11,0,00,0,00,100,00,0,00
1781041175,0,0,00,0,00,100,00,0,00
1781041175,1,0,00,0,00,100,00,0,00
1781041175,2,0,00,0,00,100,00,0,00
1781041175,3,100,00,0,00,0,00,100,00
1781041175,4,0,00,0,00,100,00,0,00
1781041175,5,0,00,0,00,100,00,0,00
1781041175,6,0,00,3,45,96,55,3,45
1781041175,7,0,00,10,34,89,66,10,34
1781041175,8,0,00,0,00,100,00,0,00
1781041175,9,0,00,0,00,100,00,0,00
1781041175,10,0,00,0,00,100,00,0,00
1781041175,11,0,00,0,00,100,00,0,00
1781041176,0,0,00,3,57,96,43,3,57
1781041176,1,0,00,7,14,92,86,7,14
1781041176,2,0,00,0,00,100,00,0,00
1781041176,3,0,00,0,00,100,00,0,00
1781041176,4,0,00,0,00,100,00,0,00
1781041176,5,0,00,0,00,100,00,0,00
1781041176,6,0,00,0,00,100,00,0,00
1781041176,7,0,00,0,00,100,00,0,00
1781041176,8,0,00,3,57,96,43,3,57
1781041176,9,100,00,0,00,0,00,100,00
1781041176,10,0,00,0,00,100,00,0,00
1781041176,11,0,00,0,00,100,00,0,00
1781041176,0,3,33,16,67,80,00,20,00
1781041176,1,3,33,3,33,93,33,6,67
1781041176,2,0,00,7,14,92,86,7,14
1781041176,3,0,00,0,00,100,00,0,00
1781041176,4,0,00,3,33,96,67,3,33
1781041176,5,0,00,0,00,100,00,0,00
1781041176,6,0,00,0,00,100,00,0,00
1781041176,7,0,00,0,00,100,00,0,00
1781041176,8,0,00,0,00,100,00,0,00
1781041176,9,100,00,0,00,0,00,100,00
1781041176,10,0,00,0,00,100,00,0,00
1781041176,11,0,00,0,00,100,00,0,00
1781041177,0,0,00,7,14,92,86,7,14
1781041177,1,0,00,0,00,100,00,0,00
1781041177,2,0,00,0,00,100,00,0,00
1781041177,3,0,00,0,00,100,00,0,00
1781041177,4,0,00,0,00,100,00,0,00
1781041177,5,0,00,0,00,100,00,0,00
1781041177,6,0,00,0,00,100,00,0,00
1781041177,7,0,00,0,00,100,00,0,00
1781041177,8,0,00,0,00,100,00,0,00
1781041177,9,100,00,0,00,0,00,100,00
1781041177,10,0,00,0,00,100,00,0,00
1781041177,11,3,45,0,00,96,55,3,45
1781041178,0,3,45,6,90,89,66,10,34
1781041178,1,0,00,3,45,96,55,3,45
1781041178,2,0,00,0,00,100,00,0,00
1781041178,3,89,29,0,00,10,71,89,29
1781041178,4,0,00,0,00,100,00,0,00
1781041178,5,3,33,0,00,96,67,3,33
1781041178,6,0,00,3,33,96,67,3,33
1781041178,7,0,00,0,00,100,00,0,00
1781041178,8,0,00,0,00,100,00,0,00
1781041178,9,13,33,0,00,86,67,13,33
1781041178,10,0,00,0,00,100,00,0,00
1781041178,11,0,00,0,00,100,00,0,00
1781041178,0,0,00,0,00,100,00,0,00
1781041178,1,0,00,10,34,89,66,10,34
1781041178,2,0,00,0,00,100,00,0,00
1781041178,3,100,00,0,00,0,00,100,00
1781041178,4,0,00,0,00,100,00,0,00
1781041178,5,0,00,0,00,100,00,0,00
1781041178,6,0,00,3,33,96,67,3,33
1781041178,7,0,00,0,00,100,00,0,00
1781041178,8,0,00,0,00,100,00,0,00
1781041178,9,0,00,0,00,100,00,0,00
1781041178,10,0,00,3,45,96,55,3,45
1781041178,11,0,00,0,00,100,00,0,00
1781041179,0,0,00,0,00,100,00,0,00
1781041179,1,0,00,6,90,93,10,6,90
1781041179,2,0,00,0,00,100,00,0,00
1781041179,3,100,00,0,00,0,00,100,00
1781041179,4,0,00,0,00,100,00,0,00
1781041179,5,0,00,3,33,96,67,3,33
1781041179,6,3,33,3,33,93,33,6,67
1781041179,7,0,00,3,45,96,55,3,45
1781041179,8,0,00,3,45,96,55,3,45
1781041179,9,0,00,0,00,100,00,0,00
1781041179,10,0,00,0,00,100,00,0,00
1781041179,11,0,00,0,00,100,00,0,00
1781041180,0,0,00,0,00,100,00,0,00
1781041180,1,0,00,13,79,86,21,13,79
1781041180,2,3,23,6,45,90,32,9,68
1781041180,3,100,00,0,00,0,00,100,00
1781041180,4,0,00,0,00,100,00,0,00
1781041180,5,0,00,0,00,100,00,0,00
1781041180,6,3,45,0,00,96,55,3,45
1781041180,7,0,00,6,90,93,10,6,90
1781041180,8,0,00,0,00,100,00,0,00
1781041180,9,0,00,0,00,100,00,0,00
1781041180,10,0,00,0,00,100,00,0,00
1781041180,11,0,00,0,00,100,00,0,00
1781041180,0,0,00,0,00,100,00,0,00
1781041180,1,0,00,0,00,100,00,0,00
1781041180,2,0,00,6,90,93,10,6,90
1781041180,3,100,00,0,00,0,00,100,00
1781041180,4,0,00,0,00,100,00,0,00
1781041180,5,0,00,0,00,100,00,0,00
1781041180,6,0,00,3,45,96,55,3,45
1781041180,7,0,00,0,00,100,00,0,00
1781041180,8,0,00,0,00,100,00,0,00
1781041180,9,0,00,0,00,100,00,0,00
1781041180,10,0,00,0,00,100,00,0,00
1781041180,11,0,00,0,00,100,00,0,00
1781041181,0,0,00,3,33,96,67,3,33
1781041181,1,3,45,10,34,86,21,13,79
1781041181,2,0,00,0,00,100,00,0,00
1781041181,3,100,00,0,00,0,00,100,00
1781041181,4,0,00,0,00,100,00,0,00
1781041181,5,0,00,0,00,100,00,0,00
1781041181,6,0,00,3,33,96,67,3,33
1781041181,7,0,00,0,00,100,00,0,00
1781041181,8,3,33,0,00,96,67,3,33
1781041181,9,0,00,0,00,100,00,0,00
1781041181,10,0,00,3,33,96,67,3,33
1781041181,11,0,00,3,33,96,67,3,33
1781041182,0,0,00,0,00,100,00,0,00
1781041182,1,0,00,3,33,96,67,3,33
1781041182,2,0,00,3,45,96,55,3,45
1781041182,3,100,00,0,00,0,00,100,00
1781041182,4,0,00,0,00,100,00,0,00
1781041182,5,0,00,0,00,100,00,0,00
1781041182,6,0,00,0,00,100,00,0,00
1781041182,7,0,00,7,14,92,86,7,14
1781041182,8,0,00,0,00,100,00,0,00
1781041182,9,0,00,0,00,100,00,0,00
1781041182,10,0,00,0,00,100,00,0,00
1781041182,11,0,00,0,00,100,00,0,00
1781041182,0,0,00,0,00,100,00,0,00
1781041182,1,0,00,6,90,93,10,6,90
1781041182,2,0,00,3,45,96,55,3,45
1781041182,3,100,00,0,00,0,00,100,00
1781041182,4,0,00,3,45,96,55,3,45
1781041182,5,0,00,0,00,100,00,0,00
1781041182,6,0,00,0,00,100,00,0,00
1781041182,7,0,00,0,00,100,00,0,00
1781041182,8,0,00,3,45,96,55,3,45
1781041182,9,0,00,0,00,100,00,0,00
1781041182,10,0,00,0,00,100,00,0,00
1781041182,11,0,00,0,00,100,00,0,00
1781041183,0,0,00,3,57,96,43,3,57
1781041183,1,0,00,3,33,96,67,3,33
1781041183,2,0,00,6,90,93,10,6,90
1781041183,3,100,00,0,00,0,00,100,00
1781041183,4,0,00,0,00,100,00,0,00
1781041183,5,0,00,3,45,96,55,3,45
1781041183,6,0,00,0,00,100,00,0,00
1781041183,7,0,00,0,00,100,00,0,00
1781041183,8,0,00,0,00,100,00,0,00
1781041183,9,0,00,0,00,100,00,0,00
1781041183,10,0,00,0,00,100,00,0,00
1781041183,11,0,00,0,00,100,00,0,00
1781041184,0,0,00,0,00,100,00,0,00
1781041184,1,0,00,3,57,96,43,3,57
1781041184,2,0,00,0,00,100,00,0,00
1781041184,3,100,00,0,00,0,00,100,00
1781041184,4,0,00,0,00,100,00,0,00
1781041184,5,0,00,0,00,100,00,0,00
1781041184,6,0,00,0,00,100,00,0,00
1781041184,7,0,00,0,00,100,00,0,00
1781041184,8,0,00,0,00,100,00,0,00
1781041184,9,0,00,0,00,100,00,0,00
1781041184,10,0,00,0,00,100,00,0,00
1781041184,11,0,00,0,00,100,00,0,00
1781041184,0,0,00,7,14,92,86,7,14
1781041184,1,3,33,13,33,83,33,16,67
1781041184,2,0,00,3,33,96,67,3,33
1781041184,3,13,33,0,00,86,67,13,33
1781041184,4,0,00,0,00,100,00,0,00
1781041184,5,0,00,0,00,100,00,0,00
1781041184,6,0,00,0,00,100,00,0,00
1781041184,7,3,45,0,00,96,55,3,45
1781041184,8,3,45,0,00,96,55,3,45
1781041184,9,86,21,0,00,13,79,86,21
1781041184,10,0,00,3,45,96,55,3,45
1781041184,11,0,00,0,00,100,00,0,00
1781041185,0,0,00,0,00,100,00,0,00
1781041185,1,0,00,0,00,100,00,0,00
1781041185,2,0,00,7,14,92,86,7,14
1781041185,3,0,00,0,00,100,00,0,00
1781041185,4,0,00,0,00,100,00,0,00
1781041185,5,0,00,0,00,100,00,0,00
1781041185,6,0,00,0,00,100,00,0,00
1781041185,7,0,00,3,45,96,55,3,45
1781041185,8,0,00,0,00,100,00,0,00
1781041185,9,100,00,0,00,0,00,100,00
1781041185,10,0,00,0,00,100,00,0,00
1781041185,11,0,00,0,00,100,00,0,00
1781041186,0,0,00,0,00,100,00,0,00
1781041186,1,0,00,0,00,100,00,0,00
1781041186,2,0,00,0,00,100,00,0,00
1781041186,3,0,00,0,00,100,00,0,00
1781041186,4,0,00,0,00,100,00,0,00
1781041186,5,0,00,0,00,100,00,0,00
1781041186,6,0,00,0,00,100,00,0,00
1781041186,7,0,00,10,34,89,66,10,34
1781041186,8,0,00,3,33,96,67,3,33
1781041186,9,100,00,0,00,0,00,100,00
1781041186,10,0,00,0,00,100,00,0,00
1781041186,11,0,00,0,00,100,00,0,00
1781041186,0,3,57,0,00,96,43,3,57
1781041186,1,0,00,0,00,100,00,0,00
1781041186,2,0,00,6,90,93,10,6,90
1781041186,3,0,00,0,00,100,00,0,00
1781041186,4,0,00,0,00,100,00,0,00
1781041186,5,0,00,0,00,100,00,0,00
1781041186,6,0,00,0,00,100,00,0,00
1781041186,7,3,45,0,00,96,55,3,45
1781041186,8,0,00,0,00,100,00,0,00
1781041186,9,100,00,0,00,0,00,100,00
1781041186,10,0,00,0,00,100,00,0,00
1781041186,11,0,00,0,00,100,00,0,00
1781041187,0,0,00,3,45,96,55,3,45
1781041187,1,0,00,0,00,100,00,0,00
1781041187,2,0,00,3,57,96,43,3,57
1781041187,3,0,00,0,00,100,00,0,00
1781041187,4,0,00,0,00,100,00,0,00
1781041187,5,0,00,0,00,100,00,0,00
1781041187,6,0,00,0,00,100,00,0,00
1781041187,7,0,00,3,45,96,55,3,45
1781041187,8,0,00,0,00,100,00,0,00
1781041187,9,100,00,0,00,0,00,100,00
1781041187,10,0,00,3,45,96,55,3,45
1781041187,11,0,00,0,00,100,00,0,00
1781041187,0,0,00,10,00,90,00,10,00
1781041187,1,0,00,3,33,96,67,3,33
1781041187,2,0,00,0,00,100,00,0,00
1781041187,3,0,00,0,00,100,00,0,00
1781041187,4,0,00,0,00,100,00,0,00
1781041187,5,0,00,0,00,100,00,0,00
1781041187,6,0,00,0,00,100,00,0,00
1781041187,7,0,00,3,33,96,67,3,33
1781041187,8,3,45,6,90,89,66,10,34
1781041187,9,100,00,0,00,0,00,100,00
1781041187,10,0,00,0,00,100,00,0,00
1781041187,11,0,00,0,00,100,00,0,00
1781041188,0,0,00,0,00,100,00,0,00
1781041188,1,0,00,3,45,96,55,3,45
1781041188,2,0,00,0,00,100,00,0,00
1781041188,3,0,00,0,00,100,00,0,00
1781041188,4,0,00,0,00,100,00,0,00
1781041188,5,0,00,0,00,100,00,0,00
1781041188,6,0,00,0,00,100,00,0,00
1781041188,7,0,00,7,14,92,86,7,14
1781041188,8,0,00,0,00,100,00,0,00
1781041188,9,100,00,0,00,0,00,100,00
1781041188,10,0,00,0,00,100,00,0,00
1781041188,11,0,00,3,33,96,67,3,33
1781041189,0,3,33,13,33,83,33,16,67
1781041189,1,0,00,0,00,100,00,0,00
1781041189,2,3,33,0,00,96,67,3,33
1781041189,3,0,00,0,00,100,00,0,00
1781041189,4,0,00,0,00,100,00,0,00
1781041189,5,0,00,0,00,100,00,0,00
1781041189,6,0,00,0,00,100,00,0,00
1781041189,7,3,45,6,90,89,66,10,34
1781041189,8,0,00,0,00,100,00,0,00
1781041189,9,100,00,0,00,0,00,100,00
1781041189,10,0,00,0,00,100,00,0,00
1781041189,11,0,00,0,00,100,00,0,00
1781041189,0,0,00,3,45,96,55,3,45
1781041189,1,0,00,0,00,100,00,0,00
1781041189,2,0,00,3,33,96,67,3,33
1781041189,3,0,00,0,00,100,00,0,00
1781041189,4,0,00,3,45,96,55,3,45
1781041189,5,0,00,3,33,96,67,3,33
1781041189,6,0,00,7,14,92,86,7,14
1781041189,7,0,00,0,00,100,00,0,00
1781041189,8,3,33,3,33,93,33,6,67
1781041189,9,100,00,0,00,0,00,100,00
1781041189,10,0,00,0,00,100,00,0,00
1781041189,11,0,00,0,00,100,00,0,00
1781041190,0,0,00,0,00,100,00,0,00
1781041190,1,0,00,0,00,100,00,0,00
1781041190,2,0,00,0,00,100,00,0,00
1781041190,3,0,00,0,00,100,00,0,00
1781041190,4,0,00,0,00,100,00,0,00
1781041190,5,0,00,0,00,100,00,0,00
1781041190,6,0,00,6,67,93,33,6,67
1781041190,7,0,00,0,00,100,00,0,00
1781041190,8,0,00,10,00,90,00,10,00
1781041190,9,100,00,0,00,0,00,100,00
1781041190,10,0,00,3,33,96,67,3,33
1781041190,11,0,00,0,00,100,00,0,00
1781041191,0,0,00,0,00,100,00,0,00
1781041191,1,0,00,0,00,100,00,0,00
1781041191,2,0,00,6,90,93,10,6,90
1781041191,3,0,00,0,00,100,00,0,00
1781041191,4,0,00,0,00,100,00,0,00
1781041191,5,0,00,0,00,100,00,0,00
1781041191,6,0,00,0,00,100,00,0,00
1781041191,7,0,00,0,00,100,00,0,00
1781041191,8,0,00,0,00,100,00,0,00
1781041191,9,100,00,0,00,0,00,100,00
1781041191,10,0,00,0,00,100,00,0,00
1781041191,11,0,00,0,00,100,00,0,00
1781041191,0,0,00,0,00,100,00,0,00
1781041191,1,0,00,0,00,100,00,0,00
1781041191,2,0,00,0,00,100,00,0,00
1781041191,3,0,00,0,00,100,00,0,00
1781041191,4,0,00,0,00,100,00,0,00
1781041191,5,0,00,0,00,100,00,0,00
1781041191,6,0,00,3,45,96,55,3,45
1781041191,7,0,00,0,00,100,00,0,00
1781041191,8,0,00,3,57,96,43,3,57
1781041191,9,100,00,0,00,0,00,100,00
1781041191,10,0,00,0,00,100,00,0,00
1781041191,11,0,00,0,00,100,00,0,00
1781041192,0,3,33,16,67,80,00,20,00
1781041192,1,0,00,3,45,96,55,3,45
1781041192,2,3,45,0,00,96,55,3,45
1781041192,3,86,67,0,00,13,33,86,67
1781041192,4,0,00,3,33,96,67,3,33
1781041192,5,0,00,0,00,100,00,0,00
1781041192,6,3,45,6,90,89,66,10,34
1781041192,7,0,00,3,33,96,67,3,33
1781041192,8,0,00,0,00,100,00,0,00
1781041192,9,10,34,0,00,89,66,10,34
1781041192,10,0,00,0,00,100,00,0,00
1781041192,11,0,00,0,00,100,00,0,00
1781041193,0,0,00,6,90,93,10,6,90
1781041193,1,0,00,0,00,100,00,0,00
1781041193,2,0,00,6,90,93,10,6,90
1781041193,3,100,00,0,00,0,00,100,00
1781041193,4,0,00,0,00,100,00,0,00
1781041193,5,0,00,0,00,100,00,0,00
1781041193,6,0,00,0,00,100,00,0,00
1781041193,7,0,00,0,00,100,00,0,00
1781041193,8,0,00,0,00,100,00,0,00
1781041193,9,0,00,0,00,100,00,0,00
1781041193,10,0,00,0,00,100,00,0,00
1781041193,11,0,00,0,00,100,00,0,00
1781041193,0,0,00,0,00,100,00,0,00
1781041193,1,0,00,0,00,100,00,0,00
1781041193,2,0,00,0,00,100,00,0,00
1781041193,3,100,00,0,00,0,00,100,00
1781041193,4,0,00,0,00,100,00,0,00
1781041193,5,0,00,0,00,100,00,0,00
1781041193,6,0,00,0,00,100,00,0,00
1781041193,7,3,33,6,67,90,00,10,00
1781041193,8,0,00,3,45,96,55,3,45
1781041193,9,0,00,0,00,100,00,0,00
1781041193,10,0,00,0,00,100,00,0,00
1781041193,11,0,00,0,00,100,00,0,00
1781041194,0,0,00,0,00,100,00,0,00
1781041194,1,0,00,3,45,96,55,3,45
1781041194,2,0,00,0,00,100,00,0,00
1781041194,3,100,00,0,00,0,00,100,00
1781041194,4,0,00,0,00,100,00,0,00
1781041194,5,0,00,0,00,100,00,0,00
1781041194,6,0,00,6,90,93,10,6,90
1781041194,7,0,00,0,00,100,00,0,00
1781041194,8,0,00,3,33,96,67,3,33
1781041194,9,0,00,0,00,100,00,0,00
1781041194,10,0,00,3,33,96,67,3,33
1781041194,11,0,00,0,00,100,00,0,00
1781041195,0,0,00,0,00,100,00,0,00
1781041195,1,0,00,0,00,100,00,0,00
1781041195,2,0,00,3,45,96,55,3,45
1781041195,3,100,00,0,00,0,00,100,00
1781041195,4,0,00,0,00,100,00,0,00
1781041195,5,0,00,0,00,100,00,0,00
1781041195,6,3,33,6,67,90,00,10,00
1781041195,7,0,00,3,33,96,67,3,33
1781041195,8,0,00,0,00,100,00,0,00
1781041195,9,0,00,0,00,100,00,0,00
1781041195,10,0,00,0,00,100,00,0,00
1781041195,11,0,00,0,00,100,00,0,00
1781041195,0,0,00,0,00,100,00,0,00
1781041195,1,3,45,3,45,93,10,6,90
1781041195,2,0,00,3,33,96,67,3,33
1781041195,3,100,00,0,00,0,00,100,00
1781041195,4,0,00,3,33,96,67,3,33
1781041195,5,0,00,0,00,100,00,0,00
1781041195,6,0,00,3,45,96,55,3,45
1781041195,7,0,00,0,00,100,00,0,00
1781041195,8,0,00,0,00,100,00,0,00
1781041195,9,0,00,0,00,100,00,0,00
1781041195,10,0,00,0,00,100,00,0,00
1781041195,11,0,00,0,00,100,00,0,00
1781041196,0,0,00,3,57,96,43,3,57
1781041196,1,0,00,0,00,100,00,0,00
1781041196,2,0,00,0,00,100,00,0,00
1781041196,3,100,00,0,00,0,00,100,00
1781041196,4,0,00,0,00,100,00,0,00
1781041196,5,3,45,0,00,96,55,3,45
1781041196,6,0,00,0,00,100,00,0,00
1781041196,7,0,00,3,45,96,55,3,45
1781041196,8,0,00,0,00,100,00,0,00
1781041196,9,3,45,0,00,96,55,3,45
1781041196,10,0,00,3,45,96,55,3,45
1781041196,11,0,00,0,00,100,00,0,00
1781041197,0,0,00,17,24,82,76,17,24
1781041197,1,0,00,0,00,100,00,0,00
1781041197,2,0,00,0,00,100,00,0,00
1781041197,3,100,00,0,00,0,00,100,00
1781041197,4,0,00,0,00,100,00,0,00
1781041197,5,0,00,0,00,100,00,0,00
1781041197,6,0,00,6,90,93,10,6,90
1781041197,7,0,00,0,00,100,00,0,00
1781041197,8,0,00,0,00,100,00,0,00
1781041197,9,0,00,0,00,100,00,0,00
1781041197,10,0,00,0,00,100,00,0,00
1781041197,11,0,00,0,00,100,00,0,00
1781041197,0,0,00,0,00,100,00,0,00
1781041197,1,0,00,0,00,100,00,0,00
1781041197,2,0,00,0,00,100,00,0,00
1781041197,3,100,00,0,00,0,00,100,00
1781041197,4,0,00,0,00,100,00,0,00
1781041197,5,0,00,0,00,100,00,0,00
1781041197,6,3,33,6,67,90,00,10,00
1781041197,7,0,00,6,67,93,33,6,67
1781041197,8,0,00,3,33,96,67,3,33
1781041197,9,0,00,0,00,100,00,0,00
1781041197,10,0,00,0,00,100,00,0,00
1781041197,11,0,00,0,00,100,00,0,00
1781041198,0,0,00,0,00,100,00,0,00
1781041198,1,0,00,0,00,100,00,0,00
1781041198,2,0,00,6,67,93,33,6,67
1781041198,3,100,00,0,00,0,00,100,00
1781041198,4,3,33,0,00,96,67,3,33
1781041198,5,0,00,0,00,100,00,0,00
1781041198,6,0,00,10,00,90,00,10,00
1781041198,7,0,00,0,00,100,00,0,00
1781041198,8,0,00,0,00,100,00,0,00
1781041198,9,0,00,0,00,100,00,0,00
1781041198,10,0,00,0,00,100,00,0,00
1781041198,11,0,00,0,00,100,00,0,00
1781041199,0,3,45,6,90,89,66,10,34
1781041199,1,0,00,3,45,96,55,3,45
1781041199,2,0,00,3,33,96,67,3,33
1781041199,3,100,00,0,00,0,00,100,00
1781041199,4,0,00,0,00,100,00,0,00
1781041199,5,0,00,3,33,96,67,3,33
1781041199,6,0,00,0,00,100,00,0,00
1781041199,7,0,00,0,00,100,00,0,00
1781041199,8,0,00,0,00,100,00,0,00
1781041199,9,0,00,0,00,100,00,0,00
1781041199,10,0,00,0,00,100,00,0,00
1781041199,11,0,00,0,00,100,00,0,00
1781041199,0,0,00,10,34,89,66,10,34
1781041199,1,0,00,0,00,100,00,0,00
1781041199,2,0,00,0,00,100,00,0,00
1781041199,3,100,00,0,00,0,00,100,00
1781041199,4,0,00,0,00,100,00,0,00
1781041199,5,0,00,0,00,100,00,0,00
1781041199,6,0,00,0,00,100,00,0,00
1781041199,7,0,00,0,00,100,00,0,00
1781041199,8,0,00,0,00,100,00,0,00
1781041199,9,0,00,0,00,100,00,0,00
1781041199,10,0,00,0,00,100,00,0,00
1781041199,11,0,00,0,00,100,00,0,00
1781041200,0,0,00,3,45,96,55,3,45
1781041200,1,0,00,6,90,93,10,6,90
1781041200,2,0,00,10,34,89,66,10,34
1781041200,3,100,00,0,00,0,00,100,00
1781041200,4,0,00,0,00,100,00,0,00
1781041200,5,0,00,0,00,100,00,0,00
1781041200,6,0,00,0,00,100,00,0,00
1781041200,7,0,00,0,00,100,00,0,00
1781041200,8,3,33,0,00,96,67,3,33
1781041200,9,0,00,0,00,100,00,0,00
1781041200,10,0,00,0,00,100,00,0,00
1781041200,11,3,45,0,00,96,55,3,45
1781041200,0,0,00,0,00,100,00,0,00
1781041200,1,0,00,0,00,100,00,0,00
1781041200,2,0,00,0,00,100,00,0,00
1781041200,3,100,00,0,00,0,00,100,00
1781041200,4,0,00,0,00,100,00,0,00
1781041200,5,0,00,0,00,100,00,0,00
1781041200,6,0,00,0,00,100,00,0,00
1781041200,7,0,00,0,00,100,00,0,00
1781041200,8,0,00,6,90,93,10,6,90
1781041200,9,0,00,0,00,100,00,0,00
1781041200,10,0,00,0,00,100,00,0,00
1781041200,11,0,00,3,33,96,67,3,33
1781041201,0,0,00,3,57,96,43,3,57
1781041201,1,0,00,3,33,96,67,3,33
1781041201,2,3,45,13,79,82,76,17,24
1781041201,3,100,00,0,00,0,00,100,00
1781041201,4,0,00,3,33,96,67,3,33
1781041201,5,0,00,0,00,100,00,0,00
1781041201,6,0,00,0,00,100,00,0,00
1781041201,7,0,00,0,00,100,00,0,00
1781041201,8,3,45,6,90,89,66,10,34
1781041201,9,0,00,0,00,100,00,0,00
1781041201,10,0,00,0,00,100,00,0,00
1781041201,11,0,00,0,00,100,00,0,00
1781041202,0,0,00,6,90,93,10,6,90
1781041202,1,3,45,3,45,93,10,6,90
1781041202,2,0,00,0,00,100,00,0,00
1781041202,3,100,00,0,00,0,00,100,00
1781041202,4,0,00,0,00,100,00,0,00
1781041202,5,0,00,0,00,100,00,0,00
1781041202,6,0,00,0,00,100,00,0,00
1781041202,7,0,00,0,00,100,00,0,00
1781041202,8,0,00,0,00,100,00,0,00
1781041202,9,0,00,0,00,100,00,0,00
1781041202,10,0,00,0,00,100,00,0,00
1781041202,11,0,00,0,00,100,00,0,00
1781041202,0,0,00,10,34,89,66,10,34
1781041202,1,0,00,3,45,96,55,3,45
1781041202,2,0,00,0,00,100,00,0,00
1781041202,3,100,00,0,00,0,00,100,00
1781041202,4,0,00,0,00,100,00,0,00
1781041202,5,0,00,0,00,100,00,0,00
1781041202,6,0,00,0,00,100,00,0,00
1781041202,7,0,00,0,00,100,00,0,00
1781041202,8,0,00,0,00,100,00,0,00
1781041202,9,0,00,0,00,100,00,0,00
1781041202,10,0,00,0,00,100,00,0,00
1781041202,11,0,00,0,00,100,00,0,00
1781041203,0,0,00,3,45,96,55,3,45
1781041203,1,0,00,0,00,100,00,0,00
1781041203,2,0,00,3,45,96,55,3,45
1781041203,3,100,00,0,00,0,00,100,00
1781041203,4,0,00,0,00,100,00,0,00
1781041203,5,0,00,0,00,100,00,0,00
1781041203,6,0,00,0,00,100,00,0,00
1781041203,7,0,00,6,90,93,10,6,90
1781041203,8,0,00,0,00,100,00,0,00
1781041203,9,0,00,0,00,100,00,0,00
1781041203,10,0,00,0,00,100,00,0,00
1781041203,11,0,00,3,45,96,55,3,45
1781041204,0,3,57,0,00,96,43,3,57
1781041204,1,0,00,0,00,100,00,0,00
1781041204,2,0,00,0,00,100,00,0,00
1781041204,3,100,00,0,00,0,00,100,00
1781041204,4,0,00,0,00,100,00,0,00
1781041204,5,0,00,0,00,100,00,0,00
1781041204,6,0,00,3,57,96,43,3,57
1781041204,7,3,45,3,45,93,10,6,90
1781041204,8,0,00,7,14,92,86,7,14
1781041204,9,0,00,0,00,100,00,0,00
1781041204,10,0,00,3,45,96,55,3,45
1781041204,11,0,00,0,00,100,00,0,00
1781041204,0,3,33,10,00,86,67,13,33
1781041204,1,3,33,3,33,93,33,6,67
1781041204,2,0,00,13,79,86,21,13,79
1781041204,3,100,00,0,00,0,00,100,00
1781041204,4,0,00,0,00,100,00,0,00
1781041204,5,0,00,0,00,100,00,0,00
1781041204,6,0,00,0,00,100,00,0,00
1781041204,7,0,00,0,00,100,00,0,00
1781041204,8,0,00,0,00,100,00,0,00
1781041204,9,0,00,0,00,100,00,0,00
1781041204,10,0,00,0,00,100,00,0,00
1781041204,11,0,00,0,00,100,00,0,00
1781041205,0,0,00,0,00,100,00,0,00
1781041205,1,0,00,0,00,100,00,0,00
1781041205,2,3,33,6,67,90,00,10,00
1781041205,3,100,00,0,00,0,00,100,00
1781041205,4,0,00,0,00,100,00,0,00
1781041205,5,0,00,0,00,100,00,0,00
1781041205,6,0,00,0,00,100,00,0,00
1781041205,7,0,00,0,00,100,00,0,00
1781041205,8,0,00,0,00,100,00,0,00
1781041205,9,0,00,0,00,100,00,0,00
1781041205,10,0,00,0,00,100,00,0,00
1781041205,11,0,00,3,33,96,67,3,33
1781041206,0,0,00,3,45,96,55,3,45
1781041206,1,3,45,0,00,96,55,3,45
1781041206,2,0,00,0,00,100,00,0,00
1781041206,3,0,00,0,00,100,00,0,00
1781041206,4,0,00,0,00,100,00,0,00
1781041206,5,0,00,0,00,100,00,0,00
1781041206,6,0,00,0,00,100,00,0,00
1781041206,7,0,00,0,00,100,00,0,00
1781041206,8,3,33,10,00,86,67,13,33
1781041206,9,100,00,0,00,0,00,100,00
1781041206,10,0,00,0,00,100,00,0,00
1781041206,11,0,00,0,00,100,00,0,00
1781041206,0,0,00,0,00,100,00,0,00
1781041206,1,0,00,3,45,96,55,3,45
1781041206,2,0,00,3,45,96,55,3,45
1781041206,3,0,00,0,00,100,00,0,00
1781041206,4,0,00,0,00,100,00,0,00
1781041206,5,0,00,0,00,100,00,0,00
1781041206,6,0,00,7,14,92,86,7,14
1781041206,7,0,00,0,00,100,00,0,00
1781041206,8,0,00,0,00,100,00,0,00
1781041206,9,100,00,0,00,0,00,100,00
1781041206,10,0,00,0,00,100,00,0,00
1781041206,11,0,00,0,00,100,00,0,00
1781041207,0,0,00,0,00,100,00,0,00
1781041207,1,0,00,0,00,100,00,0,00
1781041207,2,0,00,0,00,100,00,0,00
1781041207,3,0,00,0,00,100,00,0,00
1781041207,4,0,00,0,00,100,00,0,00
1781041207,5,0,00,0,00,100,00,0,00
1781041207,6,0,00,3,57,96,43,3,57
1781041207,7,0,00,3,45,96,55,3,45
1781041207,8,0,00,0,00,100,00,0,00
1781041207,9,100,00,0,00,0,00,100,00
1781041207,10,0,00,0,00,100,00,0,00
1781041207,11,0,00,3,45,96,55,3,45
1781041208,0,0,00,0,00,100,00,0,00
1781041208,1,0,00,3,45,96,55,3,45
1781041208,2,0,00,0,00,96,55,3,45
1781041208,3,0,00,0,00,100,00,0,00
1781041208,4,0,00,0,00,100,00,0,00
1781041208,5,0,00,0,00,100,00,0,00
1781041208,6,3,33,6,67,90,00,10,00
1781041208,7,0,00,0,00,100,00,0,00
1781041208,8,0,00,0,00,96,55,3,45
1781041208,9,100,00,0,00,0,00,100,00
1781041208,10,0,00,3,45,96,55,3,45
1781041208,11,0,00,0,00,100,00,0,00
1781041208,0,0,00,6,90,93,10,6,90
1781041208,1,0,00,0,00,100,00,0,00
1781041208,2,0,00,3,45,96,55,3,45
1781041208,3,0,00,0,00,100,00,0,00
1781041208,4,0,00,0,00,100,00,0,00
1781041208,5,0,00,0,00,100,00,0,00
1781041208,6,0,00,3,33,96,67,3,33
1781041208,7,0,00,0,00,100,00,0,00
1781041208,8,0,00,0,00,100,00,0,00
1781041208,9,100,00,0,00,0,00,100,00
1781041208,10,0,00,0,00,100,00,0,00
1781041208,11,0,00,0,00,100,00,0,00
1781041209,0,0,00,0,00,100,00,0,00
1781041209,1,3,45,0,00,96,55,3,45
1781041209,2,3,33,13,33,83,33,16,67
1781041209,3,0,00,0,00,100,00,0,00
1781041209,4,0,00,3,33,96,67,3,33
1781041209,5,0,00,0,00,100,00,0,00
1781041209,6,0,00,6,90,93,10,6,90
1781041209,7,0,00,0,00,100,00,0,00
1781041209,8,0,00,0,00,100,00,0,00
1781041209,9,100,00,0,00,0,00,100,00
1781041209,10,0,00,3,33,96,67,3,33
1781041209,11,3,33,0,00,96,67,3,33
1781041210,0,0,00,0,00,100,00,0,00
1781041210,1,0,00,6,90,93,10,6,90
1781041210,2,0,00,0,00,100,00,0,00
1781041210,3,0,00,0,00,100,00,0,00
1781041210,4,0,00,0,00,100,00,0,00
1781041210,5,0,00,0,00,100,00,0,00
1781041210,6,0,00,0,00,100,00,0,00
1781041210,7,0,00,0,00,100,00,0,00
1781041210,8,0,00,3,45,96,55,3,45
1781041210,9,100,00,0,00,0,00,100,00
1781041210,10,3,33,0,00,96,67,3,33
1781041210,11,0,00,0,00,100,00,0,00
1781041210,0,3,57,10,71,85,71,14,29
1781041210,1,0,00,3,45,96,55,3,45
1781041210,2,0,00,0,00,100,00,0,00
1781041210,3,0,00,0,00,100,00,0,00
1781041210,4,0,00,0,00,100,00,0,00
1781041210,5,0,00,0,00,100,00,0,00
1781041210,6,0,00,3,33,96,67,3,33
1781041210,7,0,00,0,00,100,00,0,00
1781041210,8,0,00,0,00,100,00,0,00
1781041210,9,100,00,0,00,0,00,100,00
1781041210,10,0,00,0,00,100,00,0,00
1781041210,11,0,00,3,33,96,67,3,33
1781041211,0,0,00,0,00,100,00,0,00
1781041211,1,3,23,6,45,90,32,9,68
1781041211,2,0,00,0,00,100,00,0,00
1781041211,3,0,00,0,00,100,00,0,00
1781041211,4,0,00,0,00,100,00,0,00
1781041211,5,0,00,0,00,100,00,0,00
1781041211,6,3,33,6,67,90,00,10,00
1781041211,7,0,00,0,00,100,00,0,00
1781041211,8,0,00,0,00,100,00,0,00
1781041211,9,100,00,0,00,0,00,100,00
1781041211,10,0,00,0,00,100,00,0,00
1781041211,11,0,00,0,00,100,00,0,00
1781041211,0,0,00,3,57,96,43,3,57
1781041211,1,0,00,0,00,100,00,0,00
1781041211,2,0,00,6,90,93,10,6,90
1781041211,3,0,00,0,00,100,00,0,00
1781041211,4,0,00,0,00,100,00,0,00
1781041211,5,0,00,0,00,100,00,0,00
1781041211,6,0,00,0,00,100,00,0,00
1781041211,7,0,00,0,00,100,00,0,00
1781041211,8,0,00,0,00,100,00,0,00
1781041211,9,100,00,0,00,0,00,100,00
1781041211,10,0,00,0,00,100,00,0,00
1781041211,11,0,00,0,00,100,00,0,00
1781041212,0,0,00,10,34,89,66,10,34
1781041212,1,0,00,3,45,96,55,3,45
1781041212,2,0,00,10,34,89,66,10,34
1781041212,3,0,00,0,00,100,00,0,00
1781041212,4,0,00,3,33,96,67,3,33
1781041212,5,0,00,0,00,100,00,0,00
1781041212,6,0,00,0,00,100,00,0,00
1781041212,7,0,00,0,00,100,00,0,00
1781041212,8,0,00,0,00,100,00,0,00
1781041212,9,100,00,0,00,0,00,100,00
1781041212,10,0,00,0,00,100,00,0,00
1781041212,11,0,00,3,23,96,77,3,23
1781041213,0,0,00,0,00,100,00,0,00
1781041213,1,0,00,0,00,100,00,0,00
1781041213,2,0,00,3,33,96,67,3,33
1781041213,3,0,00,0,00,100,00,0,00
1781041213,4,0,00,0,00,100,00,0,00
1781041213,5,0,00,0,00,100,00,0,00
1781041213,6,3,57,3,57,92,86,7,14
1781041213,7,0,00,0,00,100,00,0,00
1781041213,8,0,00,3,45,96,55,3,45
1781041213,9,100,00,0,00,0,00,100,00
1781041213,10,0,00,0,00,100,00,0,00
1781041213,11,0,00,0,00,100,00,0,00
1781041213,0,0,00,0,00,100,00,0,00
1781041213,1,0,00,0,00,100,00,0,00
1781041213,2,0,00,21,43,78,57,21,43
1781041213,3,0,00,0,00,100,00,0,00
1781041213,4,0,00,0,00,100,00,0,00
1781041213,5,0,00,0,00,100,00,0,00
1781041213,6,0,00,3,45,96,55,3,45
1781041213,7,0,00,0,00,100,00,0,00
1781041213,8,0,00,0,00,100,00,0,00
1781041213,9,100,00,0,00,0,00,100,00
1781041213,10,0,00,0,00,100,00,0,00
1781041213,11,0,00,0,00,100,00,0,00
1781041214,0,0,00,0,00,100,00,0,00
1781041214,1,0,00,3,45,96,55,3,45
1781041214,2,0,00,0,00,100,00,0,00
1781041214,3,100,00,0,00,0,00,100,00
1781041214,4,0,00,0,00,100,00,0,00
1781041214,5,0,00,3,45,96,55,3,45
1781041214,6,0,00,3,45,96,55,3,45
1781041214,7,0,00,0,00,100,00,0,00
1781041214,8,0,00,10,34,89,66,10,34
1781041214,9,0,00,0,00,100,00,0,00
1781041214,10,0,00,0,00,100,00,0,00
1781041214,11,0,00,0,00,100,00,0,00
1781041215,0,0,00,0,00,100,00,0,00
1781041215,1,0,00,0,00,100,00,0,00
1781041215,2,0,00,3,45,96,55,3,45
1781041215,3,100,00,0,00,0,00,100,00
1781041215,4,0,00,0,00,100,00,0,00
1781041215,5,0,00,0,00,100,00,0,00
1781041215,6,0,00,0,00,100,00,0,00
1781041215,7,0,00,10,34,89,66,10,34
1781041215,8,0,00,0,00,100,00,0,00
1781041215,9,0,00,0,00,100,00,0,00
1781041215,10,0,00,0,00,100,00,0,00
1781041215,11,0,00,0,00,100,00,0,00
1781041215,0,0,00,0,00,100,00,0,00
1781041215,1,0,00,3,45,96,55,3,45
1781041215,2,0,00,0,00,100,00,0,00
1781041215,3,100,00,0,00,0,00,100,00
1781041215,4,0,00,0,00,100,00,0,00
1781041215,5,0,00,0,00,100,00,0,00
1781041215,6,0,00,0,00,100,00,0,00
1781041215,7,0,00,0,00,100,00,0,00
1781041215,8,0,00,10,34,89,66,10,34
1781041215,9,0,00,0,00,100,00,0,00
1781041215,10,0,00,0,00,100,00,0,00
1781041215,11,0,00,0,00,100,00,0,00
1781041216,0,0,00,3,45,96,55,3,45
1781041216,1,0,00,0,00,100,00,0,00
1781041216,2,0,00,0,00,100,00,0,00
1781041216,3,100,00,0,00,0,00,100,00
1781041216,4,0,00,0,00,100,00,0,00
1781041216,5,0,00,3,45,96,55,3,45
1781041216,6,0,00,0,00,100,00,0,00
1781041216,7,0,00,10,00,90,00,10,00
1781041216,8,0,00,0,00,100,00,0,00
1781041216,9,0,00,0,00,100,00,0,00
1781041216,10,0,00,0,00,100,00,0,00
1781041216,11,0,00,0,00,100,00,0,00
1781041217,0,3,45,0,00,96,55,3,45
1781041217,1,0,00,0,00,100,00,0,00
1781041217,2,0,00,13,79,86,21,13,79
1781041217,3,100,00,0,00,0,00,100,00
1781041217,4,0,00,0,00,100,00,0,00
1781041217,5,0,00,0,00,100,00,0,00
1781041217,6,0,00,0,00,100,00,0,00
1781041217,7,0,00,0,00,100,00,0,00
1781041217,8,3,23,9,68,87,10,12,90
1781041217,9,0,00,0,00,100,00,0,00
1781041217,10,0,00,0,00,100,00,0,00
1781041217,11,0,00,0,00,100,00,0,00
1781041217,0,0,00,0,00,100,00,0,00
1781041217,1,0,00,0,00,100,00,0,00
1781041217,2,0,00,3,70,96,30,3,70
1781041217,3,100,00,0,00,0,00,100,00
1781041217,4,0,00,0,00,100,00,0,00
1781041217,5,0,00,3,45,96,55,3,45
1781041217,6,0,00,3,45,96,55,3,45
1781041217,7,0,00,0,00,100,00,0,00
1781041217,8,0,00,0,00,100,00,0,00
1781041217,9,0,00,0,00,100,00,0,00
1781041217,10,0,00,0,00,100,00,0,00
1781041217,11,0,00,0,00,100,00,0,00
1781041218,0,3,45,6,90,89,66,10,34
1781041218,1,0,00,3,45,96,55,3,45
1781041218,2,0,00,0,00,100,00,0,00
1781041218,3,100,00,0,00,0,00,100,00
1781041218,4,0,00,0,00,100,00,0,00
1781041218,5,0,00,0,00,100,00,0,00
1781041218,6,0,00,0,00,100,00,0,00
1781041218,7,0,00,0,00,100,00,0,00
1781041218,8,0,00,0,00,100,00,0,00
1781041218,9,0,00,0,00,100,00,0,00
1781041218,10,0,00,3,33,96,67,3,33
1781041218,11,0,00,0,00,100,00,0,00
1781041219,0,3,45,6,90,89,66,10,34
1781041219,1,0,00,3,57,96,43,3,57
1781041219,2,0,00,3,45,96,55,3,45
1781041219,3,100,00,0,00,0,00,100,00
1781041219,4,0,00,3,45,96,55,3,45
1781041219,5,0,00,0,00,100,00,0,00
1781041219,6,0,00,0,00,100,00,0,00
1781041219,7,0,00,0,00,100,00,0,00
1781041219,8,0,00,0,00,100,00,0,00
1781041219,9,0,00,0,00,100,00,0,00
1781041219,10,0,00,0,00,100,00,0,00
1781041219,11,0,00,0,00,100,00,0,00
1781041219,0,0,00,0,00,100,00,0,00
1781041219,1,0,00,0,00,100,00,0,00
1781041219,2,0,00,6,90,93,10,6,90
1781041219,3,100,00,0,00,0,00,100,00
1781041219,4,0,00,0,00,100,00,0,00
1781041219,5,0,00,0,00,100,00,0,00
1781041219,6,0,00,3,57,96,43,3,57
1781041219,7,0,00,3,33,96,67,3,33
1781041219,8,0,00,0,00,100,00,0,00
1781041219,9,0,00,0,00,100,00,0,00
1781041219,10,0,00,0,00,100,00,0,00
1781041219,11,0,00,0,00,100,00,0,00
1781041220,0,0,00,3,45,96,55,3,45
1781041220,1,0,00,0,00,100,00,0,00
1781041220,2,0,00,0,00,100,00,0,00
1781041220,3,0,00,0,00,100,00,0,00
1781041220,4,0,00,0,00,100,00,0,00
1781041220,5,0,00,0,00,100,00,0,00
1781041220,6,0,00,0,00,100,00,0,00
1781041220,7,0,00,0,00,100,00,0,00
1781041220,8,3,33,6,67,90,00,10,00
1781041220,9,100,00,0,00,0,00,100,00
1781041220,10,0,00,0,00,100,00,0,00
1781041220,11,0,00,3,33,96,67,3,33
1781041221,0,0,00,0,00,100,00,0,00
1781041221,1,0,00,0,00,100,00,0,00
1781041221,2,0,00,0,00,100,00,0,00
1781041221,3,0,00,0,00,100,00,0,00
1781041221,4,0,00,0,00,100,00,0,00
1781041221,5,0,00,0,00,100,00,0,00
1781041221,6,0,00,3,45,96,55,3,45
1781041221,7,0,00,3,45,96,55,3,45
1781041221,8,3,33,6,67,90,00,10,00
1781041221,9,100,00,0,00,0,00,100,00
1781041221,10,0,00,0,00,100,00,0,00
1781041221,11,0,00,0,00,100,00,0,00
1781041221,0,0,00,10,71,89,29,10,71
1781041221,1,3,45,3,45,93,10,6,90
1781041221,2,0,00,13,79,86,21,13,79
1781041221,3,0,00,0,00,100,00,0,00
1781041221,4,0,00,0,00,100,00,0,00
1781041221,5,0,00,0,00,100,00,0,00
1781041221,6,0,00,0,00,100,00,0,00
1781041221,7,0,00,0,00,100,00,0,00
1781041221,8,0,00,0,00,100,00,0,00
1781041221,9,100,00,0,00,0,00,100,00
1781041221,10,0,00,0,00,100,00,0,00
1781041221,11,0,00,0,00,100,00,0,00
1781041222,0,0,00,7,14,92,86,7,14
1781041222,1,0,00,3,45,96,55,3,45
1781041222,2,0,00,3,45,96,55,3,45
1781041222,3,0,00,0,00,100,00,0,00
1781041222,4,0,00,0,00,100,00,0,00
1781041222,5,0,00,0,00,100,00,0,00
1781041222,6,0,00,0,00,100,00,0,00
1781041222,7,0,00,0,00,100,00,0,00
1781041222,8,0,00,0,00,100,00,0,00
1781041222,9,100,00,0,00,0,00,100,00
1781041222,10,0,00,0,00,100,00,0,00
1781041222,11,0,00,0,00,100,00,0,00
1781041223,0,0,00,0,00,100,00,0,00
1781041223,1,0,00,3,45,96,55,3,45
1781041223,2,0,00,0,00,100,00,0,00
1781041223,3,0,00,0,00,100,00,0,00
1781041223,4,0,00,0,00,100,00,0,00
1781041223,5,0,00,0,00,100,00,0,00
1781041223,6,0,00,3,33,96,67,3,33
1781041223,7,0,00,0,00,100,00,0,00
1781041223,8,0,00,6,90,93,10,6,90
1781041223,9,100,00,0,00,0,00,100,00
1781041223,10,0,00,0,00,100,00,0,00
1781041223,11,0,00,0,00,100,00,0,00
1781041223,0,0,00,0,00,100,00,0,00
1781041223,1,0,00,0,00,100,00,0,00
1781041223,2,0,00,0,00,100,00,0,00
1781041223,3,0,00,0,00,100,00,0,00
1781041223,4,0,00,0,00,100,00,0,00
1781041223,5,0,00,0,00,100,00,0,00
1781041223,6,0,00,6,90,93,10,6,90
1781041223,7,0,00,0,00,100,00,0,00
1781041223,8,0,00,0,00,100,00,0,00
1781041223,9,100,00,0,00,0,00,100,00
1781041223,10,0,00,0,00,100,00,0,00
1781041223,11,0,00,0,00,100,00,0,00
1781041224,0,0,00,3,45,96,55,3,45
1781041224,1,0,00,3,57,96,43,3,57
1781041224,2,0,00,6,90,93,10,6,90
1781041224,3,0,00,0,00,100,00,0,00
1781041224,4,0,00,3,33,96,67,3,33
1781041224,5,0,00,0,00,100,00,0,00
1781041224,6,0,00,0,00,100,00,0,00
1781041224,7,0,00,0,00,100,00,0,00
1781041224,8,0,00,0,00,100,00,0,00
1781041224,9,100,00,0,00,0,00,100,00
1781041224,10,0,00,0,00,100,00,0,00
1781041224,11,0,00,0,00,100,00,0,00
1781041224,0,0,00,0,00,100,00,0,00
1781041224,1,3,33,3,33,93,33,6,67
1781041224,2,0,00,13,79,86,21,13,79
1781041224,3,0,00,0,00,100,00,0,00
1781041224,4,3,33,0,00,96,67,3,33
1781041224,5,0,00,0,00,100,00,0,00
1781041224,6,0,00,0,00,100,00,0,00
1781041224,7,0,00,6,90,93,10,6,90
1781041224,8,0,00,0,00,100,00,0,00
1781041224,9,100,00,0,00,0,00,100,00
1781041224,10,0,00,3,33,96,67,3,33
1781041224,11,0,00,0,00,100,00,0,00
1781041225,0,0,00,3,45,96,55,3,45
1781041225,1,0,00,0,00,100,00,0,00
1781041225,2,3,33,3,33,93,33,6,67
1781041225,3,0,00,0,00,100,00,0,00
1781041225,4,0,00,0,00,100,00,0,00
1781041225,5,0,00,3,33,96,67,3,33
1781041225,6,0,00,0,00,100,00,0,00
1781041225,7,3,33,6,67,90,00,10,00
1781041225,8,0,00,0,00,100,00,0,00
1781041225,9,100,00,0,00,0,00,100,00
1781041225,10,0,00,0,00,100,00,0,00
1781041225,11,0,00,0,00,100,00,0,00
1781041226,0,0,00,0,00,100,00,0,00
1781041226,1,0,00,0,00,100,00,0,00
1781041226,2,3,33,20,00,76,67,23,33
1781041226,3,0,00,0,00,100,00,0,00
1781041226,4,0,00,0,00,100,00,0,00
1781041226,5,0,00,0,00,100,00,0,00
1781041226,6,0,00,3,33,96,67,3,33
1781041226,7,0,00,3,33,96,67,3,33
1781041226,8,0,00,0,00,100,00,0,00
1781041226,9,100,00,0,00,0,00,100,00
1781041226,10,0,00,0,00,100,00,0,00
1781041226,11,0,00,0,00,100,00,0,00
1781041226,0,3,45,6,90,89,66,10,34
1781041226,1,0,00,3,45,96,55,3,45
1781041226,2,0,00,0,00,100,00,0,00
1781041226,3,0,00,0,00,100,00,0,00
1781041226,4,0,00,0,00,100,00,0,00
1781041226,5,0,00,0,00,100,00,0,00
1781041226,6,0,00,0,00,100,00,0,00
1781041226,7,0,00,0,00,100,00,0,00
1781041226,8,0,00,0,00,100,00,0,00
1781041226,9,100,00,0,00,0,00,100,00
1781041226,10,0,00,0,00,100,00,0,00
1781041226,11,0,00,0,00,100,00,0,00
1781041227,0,0,00,0,00,100,00,0,00
1781041227,1,0,00,0,00,100,00,0,00
1781041227,2,0,00,0,00,100,00,0,00
1781041227,3,0,00,0,00,100,00,0,00
1781041227,4,0,00,3,33,96,67,3,33
1781041227,5,0,00,0,00,100,00,0,00
1781041227,6,3,33,3,33,93,33,6,67
1781041227,7,0,00,3,33,96,67,3,33
1781041227,8,0,00,7,14,92,86,7,14
1781041227,9,100,00,0,00,0,00,100,00
1781041227,10,0,00,3,33,96,67,3,33
1781041227,11,0,00,3,33,96,67,3,33
1781041228,0,0,00,0,00,100,00,0,00
1781041228,1,0,00,0,00,100,00,0,00
1781041228,2,3,45,6,90,89,66,10,34
1781041228,3,100,00,0,00,0,00,100,00
1781041228,4,0,00,0,00,100,00,0,00
1781041228,5,0,00,0,00,100,00,0,00
1781041228,6,0,00,0,00,100,00,0,00
1781041228,7,0,00,0,00,100,00,0,00
1781041228,8,0,00,0,00,100,00,0,00
1781041228,9,0,00,0,00,100,00,0,00
1781041228,10,0,00,0,00,100,00,0,00
1781041228,11,0,00,0,00,100,00,0,00
1781041228,0,0,00,0,00,100,00,0,00
1781041228,1,0,00,0,00,100,00,0,00
1781041228,2,0,00,6,90,93,10,6,90
1781041228,3,100,00,0,00,0,00,100,00
1781041228,4,0,00,0,00,100,00,0,00
1781041228,5,0,00,0,00,100,00,0,00
1781041228,6,0,00,3,45,96,55,3,45
1781041228,7,0,00,0,00,100,00,0,00
1781041228,8,0,00,0,00,100,00,0,00
1781041228,9,0,00,0,00,100,00,0,00
1781041228,10,0,00,0,00,100,00,0,00
1781041228,11,0,00,0,00,100,00,0,00
1781041229,0,0,00,3,33,96,67,3,33
1781041229,1,3,33,3,33,93,33,6,67
1781041229,2,0,00,10,34,89,66,10,34
1781041229,3,100,00,0,00,0,00,100,00
1781041229,4,0,00,0,00,100,00,0,00
1781041229,5,0,00,0,00,100,00,0,00
1781041229,6,3,33,6,67,90,00,10,00
1781041229,7,0,00,0,00,100,00,0,00
1781041229,8,0,00,3,23,96,77,3,23
1781041229,9,0,00,0,00,100,00,0,00
1781041229,10,0,00,0,00,100,00,0,00
1781041229,11,0,00,0,00,100,00,0,00
1781041230,0,0,00,6,67,93,33,6,67
1781041230,1,0,00,0,00,100,00,0,00
1781041230,2,0,00,0,00,100,00,0,00
1781041230,3,100,00,0,00,0,00,100,00
1781041230,4,0,00,0,00,100,00,0,00
1781041230,5,0,00,0,00,100,00,0,00
1781041230,6,0,00,0,00,100,00,0,00
1781041230,7,0,00,3,33,96,67,3,33
1781041230,8,0,00,6,90,93,10,6,90
1781041230,9,0,00,0,00,100,00,0,00
1781041230,10,0,00,0,00,100,00,0,00
1781041230,11,0,00,0,00,100,00,0,00
1781041230,0,0,00,3,45,96,55,3,45
1781041230,1,0,00,0,00,100,00,0,00
1781041230,2,0,00,0,00,100,00,0,00
1781041230,3,100,00,0,00,0,00,100,00
1781041230,4,0,00,3,33,96,67,3,33
1781041230,5,0,00,0,00,100,00,0,00
1781041230,6,0,00,0,00,100,00,0,00
1781041230,7,0,00,0,00,100,00,0,00
1781041230,8,0,00,6,90,93,10,6,90
1781041230,9,0,00,0,00,100,00,0,00
1781041230,10,0,00,0,00,100,00,0,00
1781041230,11,0,00,0,00,100,00,0,00
1781041231,0,0,00,0,00,100,00,0,00
1781041231,1,0,00,7,14,92,86,7,14
1781041231,2,0,00,3,45,96,55,3,45
1781041231,3,86,21,0,00,13,79,86,21
1781041231,4,0,00,0,00,100,00,0,00
1781041231,5,0,00,0,00,100,00,0,00
1781041231,6,0,00,0,00,100,00,0,00
1781041231,7,0,00,0,00,100,00,0,00
1781041231,8,0,00,0,00,100,00,0,00
1781041231,9,14,29,0,00,85,71,14,29
1781041231,10,0,00,0,00,100,00,0,00
1781041231,11,0,00,0,00,100,00,0,00
1781041232,0,0,00,3,45,96,55,3,45
1781041232,1,0,00,0,00,100,00,0,00
1781041232,2,0,00,6,90,93,10,6,90
1781041232,3,0,00,0,00,100,00,0,00
1781041232,4,0,00,0,00,100,00,0,00
1781041232,5,0,00,0,00,100,00,0,00
1781041232,6,0,00,3,45,96,55,3,45
1781041232,7,0,00,0,00,100,00,0,00
1781041232,8,0,00,0,00,100,00,0,00
1781041232,9,100,00,0,00,0,00,100,00
1781041232,10,0,00,3,33,96,67,3,33
1781041232,11,0,00,0,00,100,00,0,00
1781041232,0,0,00,0,00,100,00,0,00
1781041232,1,0,00,0,00,100,00,0,00
1781041232,2,0,00,7,14,92,86,7,14
1781041232,3,0,00,0,00,100,00,0,00
1781041232,4,0,00,0,00,100,00,0,00
1781041232,5,0,00,0,00,100,00,0,00
1781041232,6,0,00,0,00,100,00,0,00
1781041232,7,0,00,0,00,100,00,0,00
1781041232,8,0,00,0,00,100,00,0,00
1781041232,9,100,00,0,00,0,00,100,00
1781041232,10,0,00,0,00,100,00,0,00
1781041232,11,0,00,3,45,96,55,3,45
1781041233,0,0,00,3,45,96,55,3,45
1781041233,1,0,00,0,00,100,00,0,00
1781041233,2,0,00,0,00,100,00,0,00
1781041233,3,0,00,0,00,100,00,0,00
1781041233,4,0,00,3,45,96,55,3,45
1781041233,5,0,00,3,33,96,67,3,33
1781041233,6,0,00,3,33,96,67,3,33
1781041233,7,0,00,3,45,96,55,3,45
1781041233,8,0,00,7,14,92,86,7,14
1781041233,9,100,00,0,00,0,00,100,00
1781041233,10,0,00,0,00,100,00,0,00
1781041233,11,0,00,0,00,100,00,0,00
1781041234,0,0,00,0,00,100,00,0,00
1781041234,1,0,00,3,33,96,67,3,33
1781041234,2,0,00,0,00,100,00,0,00
1781041234,3,0,00,0,00,100,00,0,00
1781041234,4,0,00,0,00,100,00,0,00
1781041234,5,0,00,0,00,100,00,0,00
1781041234,6,0,00,6,67,93,33,6,67
1781041234,7,0,00,0,00,100,00,0,00
1781041234,8,3,33,23,33,73,33,26,67
1781041234,9,100,00,0,00,0,00,100,00
1781041234,10,0,00,0,00,100,00,0,00
1781041234,11,0,00,0,00,100,00,0,00
1781041234,0,0,00,0,00,100,00,0,00
1781041234,1,0,00,0,00,100,00,0,00
1781041234,2,0,00,0,00,100,00,0,00
1781041234,3,0,00,0,00,100,00,0,00
1781041234,4,0,00,0,00,100,00,0,00
1781041234,5,0,00,0,00,100,00,0,00
1781041234,6,0,00,3,45,96,55,3,45
1781041234,7,0,00,0,00,100,00,0,00
1781041234,8,0,00,6,90,93,10,6,90
1781041234,9,100,00,0,00,0,00,100,00
1781041234,10,0,00,0,00,100,00,0,00
1781041234,11,3,33,0,00,96,67,3,33
1781041235,0,0,00,0,00,100,00,0,00
1781041235,1,0,00,3,45,96,55,3,45
1781041235,2,0,00,0,00,100,00,0,00
1781041235,3,0,00,0,00,100,00,0,00
1781041235,4,0,00,0,00,100,00,0,00
1781041235,5,0,00,0,00,100,00,0,00
1781041235,6,0,00,10,00,90,00,10,00
1781041235,7,0,00,0,00,100,00,0,00
1781041235,8,0,00,0,00,100,00,0,00
1781041235,9,100,00,0,00,0,00,100,00
1781041235,10,0,00,0,00,100,00,0,00
1781041235,11,0,00,0,00,100,00,0,00
1781041236,0,0,00,0,00,100,00,0,00
1781041236,1,0,00,0,00,100,00,0,00
1781041236,2,0,00,0,00,100,00,0,00
1781041236,3,0,00,0,00,100,00,0,00
1781041236,4,0,00,0,00,100,00,0,00
1781041236,5,0,00,0,00,100,00,0,00
1781041236,6,0,00,7,14,92,86,7,14
1781041236,7,3,33,3,33,93,33,6,67
1781041236,8,0,00,0,00,100,00,0,00
1781041236,9,100,00,0,00,0,00,100,00
1781041236,10,0,00,0,00,100,00,0,00
1781041236,11,0,00,0,00,100,00,0,00
1781041236,0,0,00,0,00,100,00,0,00
1781041236,1,0,00,3,45,96,55,3,45
1781041236,2,0,00,0,00,100,00,0,00
1781041236,3,0,00,0,00,100,00,0,00
1781041236,4,0,00,3,33,96,67,3,33
1781041236,5,0,00,0,00,100,00,0,00
1781041236,6,0,00,6,90,93,10,6,90
1781041236,7,0,00,3,33,96,67,3,33
1781041236,8,0,00,0,00,100,00,0,00
1781041236,9,100,00,0,00,0,00,100,00
1781041236,10,0,00,0,00,100,00,0,00
1781041236,11,0,00,0,00,100,00,0,00
1781041237,0,0,00,0,00,100,00,0,00
1781041237,1,0,00,0,00,100,00,0,00
1781041237,2,3,33,6,67,90,00,10,00
1781041237,3,0,00,0,00,100,00,0,00
1781041237,4,3,33,0,00,96,67,3,33
1781041237,5,0,00,0,00,100,00,0,00
1781041237,6,0,00,3,33,96,67,3,33
1781041237,7,0,00,0,00,100,00,0,00
1781041237,8,3,33,13,33,83,33,16,67
1781041237,9,100,00,0,00,0,00,100,00
1781041237,10,0,00,0,00,100,00,0,00
1781041237,11,0,00,0,00,100,00,0,00
1781041237,0,0,00,0,00,100,00,0,00
1781041237,1,0,00,3,33,96,67,3,33
1781041237,2,0,00,0,00,100,00,0,00
1781041237,3,0,00,0,00,100,00,0,00
1781041237,4,0,00,3,45,96,55,3,45
1781041237,5,0,00,0,00,100,00,0,00
1781041237,6,0,00,3,45,96,55,3,45
1781041237,7,0,00,0,00,100,00,0,00
1781041237,8,0,00,3,57,96,43,3,57
1781041237,9,100,00,0,00,0,00,100,00
1781041237,10,0,00,0,00,100,00,0,00
1781041237,11,0,00,0,00,100,00,0,00
1781041238,0,0,00,0,00,100,00,0,00
1781041238,1,0,00,0,00,100,00,0,00
1781041238,2,0,00,3,33,96,67,3,33
1781041238,3,0,00,0,00,100,00,0,00
1781041238,4,0,00,0,00,100,00,0,00
1781041238,5,0,00,0,00,100,00,0,00
1781041238,6,0,00,7,14,92,86,7,14
1781041238,7,0,00,0,00,100,00,0,00
1781041238,8,3,45,13,79,82,76,17,24
1781041238,9,100,00,0,00,0,00,100,00
1781041238,10,0,00,0,00,100,00,0,00
1781041238,11,0,00,0,00,100,00,0,00
1781041239,0,0,00,0,00,100,00,0,00
1781041239,1,0,00,0,00,100,00,0,00
1781041239,2,0,00,0,00,100,00,0,00
1781041239,3,0,00,0,00,100,00,0,00
1781041239,4,0,00,3,45,96,55,3,45
1781041239,5,0,00,0,00,100,00,0,00
1781041239,6,0,00,7,14,92,86,7,14
1781041239,7,0,00,0,00,100,00,0,00
1781041239,8,0,00,3,33,96,67,3,33
1781041239,9,100,00,0,00,0,00,100,00
1781041239,10,0,00,0,00,100,00,0,00
1781041239,11,0,00,0,00,100,00,0,00
1781041239,0,0,00,0,00,100,00,0,00
1781041239,1,0,00,0,00,100,00,0,00
1781041239,2,0,00,0,00,100,00,0,00
1781041239,3,92,86,0,00,7,14,92,86
1781041239,4,0,00,0,00,100,00,0,00
1781041239,5,0,00,3,33,96,67,3,33
1781041239,6,0,00,0,00,100,00,0,00
1781041239,7,0,00,3,45,96,55,3,45
1781041239,8,0,00,7,14,92,86,7,14
1781041239,9,6,90,0,00,93,10,6,90
1781041239,10,0,00,0,00,100,00,0,00
1781041239,11,0,00,0,00,100,00,0,00
1781041240,0,0,00,0,00,100,00,0,00
1781041240,1,0,00,3,33,96,67,3,33
1781041240,2,0,00,3,33,96,67,3,33
1781041240,3,100,00,0,00,0,00,100,00
1781041240,4,0,00,0,00,100,00,0,00
1781041240,5,0,00,0,00,100,00,0,00
1781041240,6,0,00,7,14,92,86,7,14
1781041240,7,0,00,0,00,100,00,0,00
1781041240,8,0,00,0,00,100,00,0,00
1781041240,9,0,00,0,00,100,00,0,00
1781041240,10,0,00,0,00,100,00,0,00
1781041240,11,0,00,0,00,100,00,0,00
1781041241,0,0,00,7,14,92,86,7,14
1781041241,1,0,00,0,00,100,00,0,00
1781041241,2,0,00,0,00,100,00,0,00
1781041241,3,100,00,0,00,0,00,100,00
1781041241,4,0,00,3,33,96,67,3,33
1781041241,5,0,00,0,00,100,00,0,00
1781041241,6,0,00,0,00,100,00,0,00
1781041241,7,0,00,3,45,96,55,3,45
1781041241,8,0,00,0,00,100,00,0,00
1781041241,9,0,00,0,00,100,00,0,00
1781041241,10,3,45,0,00,96,55,3,45
1781041241,11,0,00,0,00,100,00,0,00
1781041241,0,0,00,3,57,96,43,3,57
1781041241,1,3,45,0,00,96,55,3,45
1781041241,2,0,00,0,00,100,00,0,00
1781041241,3,100,00,0,00,0,00,100,00
1781041241,4,0,00,0,00,100,00,0,00
1781041241,5,0,00,0,00,100,00,0,00
1781041241,6,3,45,6,90,89,66,10,34
1781041241,7,0,00,3,33,96,67,3,33
1781041241,8,0,00,13,79,86,21,13,79
1781041241,9,0,00,0,00,100,00,0,00
1781041241,10,0,00,0,00,100,00,0,00
1781041241,11,0,00,0,00,100,00,0,00
1781041242,0,0,00,3,45,96,55,3,45
1781041242,1,0,00,7,14,92,86,7,14
1781041242,2,0,00,0,00,100,00,0,00
1781041242,3,20,69,0,00,79,31,20,69
1781041242,4,0,00,0,00,100,00,0,00
1781041242,5,0,00,0,00,100,00,0,00
1781041242,6,0,00,0,00,100,00,0,00
1781041242,7,0,00,0,00,100,00,0,00
1781041242,8,0,00,0,00,100,00,0,00
1781041242,9,76,67,0,00,23,33,76,67
1781041242,10,0,00,0,00,100,00,0,00
1781041242,11,0,00,0,00,100,00,0,00
1781041243,0,0,00,3,45,96,55,3,45
1781041243,1,3,45,6,90,89,66,10,34
1781041243,2,0,00,0,00,100,00,0,00
1781041243,3,0,00,0,00,100,00,0,00
1781041243,4,0,00,0,00,100,00,0,00
1781041243,5,0,00,3,45,96,55,3,45
1781041243,6,0,00,0,00,100,00,0,00
1781041243,7,0,00,0,00,100,00,0,00
1781041243,8,0,00,0,00,100,00,0,00
1781041243,9,100,00,0,00,0,00,100,00
1781041243,10,0,00,3,33,96,67,3,33
1781041243,11,0,00,0,00,100,00,0,00
1781041243,0,0,00,3,45,96,55,3,45
1781041243,1,0,00,3,45,96,55,3,45
1781041243,2,0,00,6,90,93,10,6,90
1781041243,3,0,00,0,00,100,00,0,00
1781041243,4,0,00,0,00,100,00,0,00
1781041243,5,0,00,0,00,100,00,0,00
1781041243,6,0,00,0,00,100,00,0,00
1781041243,7,0,00,0,00,100,00,0,00
1781041243,8,0,00,0,00,100,00,0,00
1781041243,9,100,00,0,00,0,00,100,00
1781041243,10,0,00,0,00,100,00,0,00
1781041243,11,0,00,0,00,100,00,0,00
1781041244,0,0,00,7,14,92,86,7,14
1781041244,1,0,00,3,45,96,55,3,45
1781041244,2,0,00,0,00,100,00,0,00
1781041244,3,0,00,0,00,100,00,0,00
1781041244,4,0,00,0,00,100,00,0,00
1781041244,5,0,00,0,00,100,00,0,00
1781041244,6,0,00,0,00,100,00,0,00
1781041244,7,0,00,0,00,100,00,0,00
1781041244,8,0,00,0,00,100,00,0,00
1781041244,9,100,00,0,00,0,00,100,00
1781041244,10,0,00,0,00,100,00,0,00
1781041244,11,0,00,0,00,100,00,0,00
1781041245,0,0,00,0,00,100,00,0,00
1781041245,1,0,00,0,00,100,00,0,00
1781041245,2,0,00,0,00,100,00,0,00
1781041245,3,0,00,0,00,100,00,0,00
1781041245,4,0,00,0,00,100,00,0,00
1781041245,5,0,00,0,00,100,00,0,00
1781041245,6,0,00,3,33,96,67,3,33
1781041245,7,0,00,6,90,93,10,6,90
1781041245,8,0,00,0,00,100,00,0,00
1781041245,9,100,00,0,00,0,00,100,00
1781041245,10,0,00,0,00,100,00,0,00
1781041245,11,0,00,0,00,100,00,0,00
1781041245,0,0,00,0,00,100,00,0,00
1781041245,1,3,33,3,33,93,33,6,67
1781041245,2,0,00,0,00,100,00,0,00
1781041245,3,0,00,0,00,100,00,0,00
1781041245,4,0,00,0,00,100,00,0,00
1781041245,5,0,00,3,45,96,55,3,45
1781041245,6,0,00,0,00,100,00,0,00
1781041245,7,0,00,6,90,93,10,6,90
1781041245,8,0,00,0,00,100,00,0,00
1781041245,9,100,00,0,00,0,00,100,00
1781041245,10,0,00,0,00,100,00,0,00
1781041245,11,0,00,0,00,100,00,0,00
1781041246,0,0,00,0,00,100,00,0,00
1781041246,1,3,33,10,00,86,67,13,33
1781041246,2,0,00,0,00,100,00,0,00
1781041246,3,0,00,0,00,100,00,0,00
1781041246,4,0,00,0,00,100,00,0,00
1781041246,5,0,00,0,00,100,00,0,00
1781041246,6,0,00,0,00,100,00,0,00
1781041246,7,0,00,0,00,100,00,0,00
1781041246,8,0,00,14,29,85,71,14,29
1781041246,9,100,00,0,00,0,00,100,00
1781041246,10,0,00,0,00,100,00,0,00
1781041246,11,0,00,0,00,100,00,0,00
1781041247,0,0,00,0,00,100,00,0,00
1781041247,1,0,00,0,00,100,00,0,00
1781041247,2,0,00,0,00,100,00,0,00
1781041247,3,0,00,0,00,100,00,0,00
1781041247,4,0,00,0,00,100,00,0,00
1781041247,5,0,00,0,00,100,00,0,00
1781041247,6,0,00,7,14,92,86,7,14
1781041247,7,0,00,3,45,96,55,3,45
1781041247,8,3,45,0,00,96,55,3,45
1781041247,9,100,00,0,00,0,00,100,00
1781041247,10,0,00,0,00,100,00,0,00
1781041247,11,0,00,0,00,100,00,0,00
1781041247,0,0,00,7,14,92,86,7,14
1781041247,1,0,00,3,45,96,55,3,45
1781041247,2,0,00,0,00,100,00,0,00
1781041247,3,0,00,0,00,100,00,0,00
1781041247,4,0,00,0,00,100,00,0,00
1781041247,5,0,00,3,33,96,67,3,33
1781041247,6,0,00,3,33,96,67,3,33
1781041247,7,0,00,0,00,100,00,0,00
1781041247,8,0,00,0,00,100,00,0,00
1781041247,9,100,00,0,00,0,00,100,00
1781041247,10,0,00,0,00,100,00,0,00
1781041247,11,0,00,0,00,100,00,0,00
1781041248,0,0,00,3,23,93,55,6,45
1781041248,1,0,00,0,00,100,00,0,00
1781041248,2,0,00,6,90,93,10,6,90
1781041248,3,0,00,0,00,100,00,0,00
1781041248,4,0,00,0,00,100,00,0,00
1781041248,5,0,00,0,00,100,00,0,00
1781041248,6,0,00,0,00,100,00,0,00
1781041248,7,0,00,0,00,100,00,0,00
1781041248,8,0,00,0,00,100,00,0,00
1781041248,9,100,00,0,00,0,00,100,00
1781041248,10,0,00,0,00,100,00,0,00
1781041248,11,0,00,0,00,100,00,0,00
1781041248,0,0,00,0,00,100,00,0,00
1781041248,1,0,00,0,00,100,00,0,00
1781041248,2,3,33,6,67,90,00,10,00
1781041248,3,0,00,0,00,100,00,0,00
1781041248,4,0,00,0,00,100,00,0,00
1781041248,5,0,00,0,00,100,00,0,00
1781041248,6,0,00,0,00,100,00,0,00
1781041248,7,0,00,0,00,100,00,0,00
1781041248,8,0,00,0,00,100,00,0,00
1781041248,9,100,00,0,00,0,00,100,00
1781041248,10,0,00,0,00,100,00,0,00
1781041248,11,0,00,0,00,100,00,0,00
1781041249,0,3,45,6,90,89,66,10,34
1781041249,1,3,33,0,00,96,67,3,33
1781041249,2,3,33,0,00,96,67,3,33
1781041249,3,0,00,0,00,100,00,0,00
1781041249,4,0,00,3,33,96,67,3,33
1781041249,5,0,00,3,33,96,67,3,33
1781041249,6,0,00,0,00,100,00,0,00
1781041249,7,0,00,3,45,96,55,3,45
1781041249,8,3,45,10,34,86,21,13,79
1781041249,9,100,00,0,00,0,00,100,00
1781041249,10,0,00,3,33,96,67,3,33
1781041249,11,0,00,0,00,100,00,0,00
1781041250,0,0,00,3,45,96,55,3,45
1781041250,1,0,00,0,00,100,00,0,00
1781041250,2,0,00,0,00,100,00,0,00
1781041250,3,100,00,0,00,0,00,100,00
1781041250,4,0,00,0,00,100,00,0,00
1781041250,5,0,00,0,00,100,00,0,00
1781041250,6,0,00,0,00,100,00,0,00
1781041250,7,3,33,6,67,90,00,10,00
1781041250,8,0,00,0,00,100,00,0,00
1781041250,9,0,00,0,00,100,00,0,00
1781041250,10,0,00,0,00,100,00,0,00
1781041250,11,3,33,0,00,96,67,3,33
1781041250,0,3,33,10,00,86,67,13,33
1781041250,1,0,00,0,00,100,00,0,00
1781041250,2,0,00,0,00,100,00,0,00
1781041250,3,100,00,0,00,0,00,100,00
1781041250,4,0,00,0,00,100,00,0,00
1781041250,5,3,45,0,00,96,55,3,45
1781041250,6,0,00,0,00,100,00,0,00
1781041250,7,0,00,0,00,100,00,0,00
1781041250,8,0,00,0,00,100,00,0,00
1781041250,9,0,00,0,00,100,00,0,00
1781041250,10,0,00,0,00,100,00,0,00
1781041250,11,0,00,0,00,100,00,0,00
1781041251,0,0,00,0,00,100,00,0,00
1781041251,1,0,00,7,14,92,86,7,14
1781041251,2,0,00,3,45,96,55,3,45
1781041251,3,100,00,0,00,0,00,100,00
1781041251,4,0,00,0,00,100,00,0,00
1781041251,5,0,00,0,00,100,00,0,00
1781041251,6,3,33,0,00,96,67,3,33
1781041251,7,0,00,0,00,100,00,0,00
1781041251,8,0,00,0,00,100,00,0,00
1781041251,9,0,00,0,00,100,00,0,00
1781041251,10,0,00,0,00,100,00,0,00
1781041251,11,0,00,0,00,100,00,0,00
1781041252,0,0,00,0,00,100,00,0,00
1781041252,1,0,00,0,00,100,00,0,00
1781041252,2,0,00,3,45,96,55,3,45
1781041252,3,100,00,0,00,0,00,100,00
1781041252,4,0,00,0,00,100,00,0,00
1781041252,5,0,00,3,45,96,55,3,45
1781041252,6,0,00,0,00,100,00,0,00
1781041252,7,0,00,7,14,92,86,7,14
1781041252,8,0,00,0,00,100,00,0,00
1781041252,9,0,00,0,00,100,00,0,00
1781041252,10,0,00,3,45,96,55,3,45
1781041252,11,0,00,0,00,100,00,0,00
1781041252,0,0,00,0,00,100,00,0,00
1781041252,1,0,00,7,14,92,86,7,14
1781041252,2,0,00,0,00,100,00,0,00
1781041252,3,100,00,0,00,0,00,100,00
1781041252,4,0,00,0,00,100,00,0,00
1781041252,5,0,00,0,00,100,00,0,00
1781041252,6,0,00,0,00,100,00,0,00
1781041252,7,0,00,0,00,100,00,0,00
1781041252,8,0,00,0,00,100,00,0,00
1781041252,9,0,00,0,00,100,00,0,00
1781041252,10,0,00,0,00,100,00,0,00
1781041252,11,0,00,0,00,100,00,0,00
1781041253,0,0,00,3,45,96,55,3,45
1781041253,1,0,00,3,45,96,55,3,45
1781041253,2,0,00,0,00,100,00,0,00
1781041253,3,100,00,0,00,0,00,100,00
1781041253,4,0,00,0,00,100,00,0,00
1781041253,5,0,00,0,00,100,00,0,00
1781041253,6,0,00,0,00,100,00,0,00
1781041253,7,0,00,0,00,100,00,0,00
1781041253,8,0,00,3,70,96,30,3,70
1781041253,9,0,00,0,00,100,00,0,00
1781041253,10,0,00,0,00,100,00,0,00
1781041253,11,0,00,0,00,100,00,0,00
1781041254,0,3,23,3,23,93,55,6,45
1781041254,1,3,33,3,33,93,33,6,67
1781041254,2,3,45,20,69,75,86,24,14
1781041254,3,100,00,0,00,0,00,100,00
1781041254,4,0,00,0,00,100,00,0,00
1781041254,5,0,00,3,33,96,67,3,33
1781041254,6,0,00,0,00,100,00,0,00
1781041254,7,0,00,3,33,96,67,3,33
1781041254,8,0,00,0,00,100,00,0,00
1781041254,9,0,00,0,00,100,00,0,00
1781041254,10,0,00,0,00,100,00,0,00
1781041254,11,0,00,0,00,100,00,0,00
1781041254,0,0,00,0,00,100,00,0,00
1781041254,1,0,00,6,90,93,10,6,90
1781041254,2,0,00,0,00,100,00,0,00
1781041254,3,100,00,0,00,0,00,100,00
1781041254,4,0,00,0,00,100,00,0,00
1781041254,5,0,00,0,00,100,00,0,00
1781041254,6,0,00,3,45,96,55,3,45
1781041254,7,0,00,0,00,100,00,0,00
1781041254,8,0,00,0,00,100,00,0,00
1781041254,9,0,00,0,00,100,00,0,00
1781041254,10,0,00,0,00,100,00,0,00
1781041254,11,0,00,3,45,96,55,3,45
1781041255,0,0,00,3,45,96,55,3,45
1781041255,1,0,00,0,00,100,00,0,00
1781041255,2,0,00,0,00,100,00,0,00
1781041255,3,100,00,0,00,0,00,100,00
1781041255,4,3,23,3,23,93,55,6,45
1781041255,5,0,00,0,00,100,00,0,00
1781041255,6,0,00,0,00,100,00,0,00
1781041255,7,0,00,6,90,93,10,6,90
1781041255,8,0,00,3,33,96,67,3,33
1781041255,9,0,00,0,00,100,00,0,00
1781041255,10,0,00,0,00,100,00,0,00
1781041255,11,0,00,0,00,100,00,0,00
1781041256,0,0,00,3,57,96,43,3,57
1781041256,1,0,00,0,00,100,00,0,00
1781041256,2,0,00,0,00,100,00,0,00
1781041256,3,100,00,0,00,0,00,100,00
1781041256,4,0,00,0,00,100,00,0,00
1781041256,5,0,00,3,33,96,67,3,33
1781041256,6,0,00,0,00,100,00,0,00
1781041256,7,0,00,6,90,93,10,6,90
1781041256,8,0,00,0,00,100,00,0,00
1781041256,9,0,00,0,00,100,00,0,00
1781041256,10,0,00,0,00,100,00,0,00
1781041256,11,0,00,0,00,100,00,0,00
1781041256,0,0,00,0,00,100,00,0,00
1781041256,1,0,00,3,45,96,55,3,45
1781041256,2,0,00,0,00,100,00,0,00
1781041256,3,100,00,0,00,0,00,100,00
1781041256,4,0,00,0,00,100,00,0,00
1781041256,5,0,00,0,00,100,00,0,00
1781041256,6,0,00,3,57,96,43,3,57
1781041256,7,0,00,0,00,100,00,0,00
1781041256,8,0,00,0,00,100,00,0,00
1781041256,9,0,00,0,00,100,00,0,00
1781041256,10,0,00,0,00,100,00,0,00
1781041256,11,0,00,0,00,100,00,0,00
1781041257,0,0,00,0,00,100,00,0,00
1781041257,1,0,00,0,00,100,00,0,00
1781041257,2,3,45,10,34,86,21,13,79
1781041257,3,100,00,0,00,0,00,100,00
1781041257,4,0,00,0,00,100,00,0,00
1781041257,5,0,00,0,00,100,00,0,00
1781041257,6,3,45,10,34,86,21,13,79
1781041257,7,0,00,0,00,100,00,0,00
1781041257,8,0,00,0,00,100,00,0,00
1781041257,9,0,00,0,00,100,00,0,00
1781041257,10,0,00,0,00,100,00,0,00
1781041257,11,0,00,0,00,100,00,0,00
1781041258,0,0,00,3,57,96,43,3,57
1781041258,1,0,00,0,00,100,00,0,00
1781041258,2,0,00,3,45,96,55,3,45
1781041258,3,100,00,0,00,0,00,100,00
1781041258,4,0,00,0,00,100,00,0,00
1781041258,5,0,00,3,45,96,55,3,45
1781041258,6,0,00,3,33,96,67,3,33
1781041258,7,0,00,10,00,90,00,10,00
1781041258,8,0,00,0,00,100,00,0,00
1781041258,9,0,00,0,00,100,00,0,00
1781041258,10,0,00,3,33,96,67,3,33
1781041258,11,0,00,0,00,100,00,0,00
1781041258,0,0,00,0,00,100,00,0,00
1781041258,1,0,00,0,00,100,00,0,00
1781041258,2,3,33,13,33,83,33,16,67
1781041258,3,100,00,0,00,0,00,100,00
1781041258,4,0,00,0,00,100,00,0,00
1781041258,5,0,00,0,00,100,00,0,00
1781041258,6,3,33,6,67,90,00,10,00
1781041258,7,0,00,0,00,100,00,0,00
1781041258,8,0,00,0,00,100,00,0,00
1781041258,9,0,00,0,00,100,00,0,00
1781041258,10,0,00,0,00,100,00,0,00
1781041258,11,0,00,0,00,100,00,0,00
1781041259,0,0,00,0,00,100,00,0,00
1781041259,1,0,00,3,45,96,55,3,45
1781041259,2,0,00,0,00,100,00,0,00
1781041259,3,100,00,0,00,0,00,100,00
1781041259,4,0,00,0,00,100,00,0,00
1781041259,5,0,00,0,00,100,00,0,00
1781041259,6,0,00,6,90,93,10,6,90
1781041259,7,0,00,0,00,100,00,0,00
1781041259,8,0,00,0,00,100,00,0,00
1781041259,9,0,00,0,00,100,00,0,00
1781041259,10,0,00,0,00,100,00,0,00
1781041259,11,0,00,0,00,100,00,0,00
1781041259,0,0,00,7,14,92,86,7,14
1781041259,1,0,00,0,00,100,00,0,00
1781041259,2,0,00,0,00,100,00,0,00
1781041259,3,75,86,0,00,24,14,75,86
1781041259,4,0,00,0,00,100,00,0,00
1781041259,5,0,00,0,00,100,00,0,00
1781041259,6,0,00,0,00,100,00,0,00
1781041259,7,0,00,0,00,100,00,0,00
1781041259,8,0,00,3,45,96,55,3,45
1781041259,9,24,14,0,00,75,86,24,14
1781041259,10,0,00,0,00,100,00,0,00
1781041259,11,0,00,0,00,100,00,0,00
1781041260,0,3,45,3,45,93,10,6,90
1781041260,1,3,33,3,33,93,33,6,67
1781041260,2,0,00,0,00,100,00,0,00
1781041260,3,100,00,0,00,0,00,100,00
1781041260,4,0,00,0,00,100,00,0,00
1781041260,5,0,00,0,00,100,00,0,00
1781041260,6,0,00,0,00,100,00,0,00
1781041260,7,0,00,0,00,100,00,0,00
1781041260,8,0,00,0,00,100,00,0,00
1781041260,9,0,00,0,00,100,00,0,00
1781041260,10,0,00,0,00,100,00,0,00
1781041260,11,0,00,0,00,100,00,0,00
1781041261,0,0,00,3,57,96,43,3,57
1781041261,1,0,00,0,00,100,00,0,00
1781041261,2,0,00,0,00,100,00,0,00
1781041261,3,100,00,0,00,0,00,100,00
1781041261,4,0,00,3,45,96,55,3,45
1781041261,5,0,00,3,45,96,55,3,45
1781041261,6,0,00,3,45,96,55,3,45
1781041261,7,3,45,6,90,89,66,10,34
1781041261,8,0,00,3,45,96,55,3,45
1781041261,9,0,00,0,00,100,00,0,00
1781041261,10,0,00,0,00,100,00,0,00
1781041261,11,0,00,0,00,100,00,0,00
1781041261,0,0,00,0,00,100,00,0,00
1781041261,1,3,33,3,33,93,33,6,67
1781041261,2,0,00,13,79,86,21,13,79
1781041261,3,100,00,0,00,0,00,100,00
1781041261,4,0,00,0,00,100,00,0,00
1781041261,5,0,00,0,00,100,00,0,00
1781041261,6,0,00,7,14,92,86,7,14
1781041261,7,0,00,0,00,100,00,0,00
1781041261,8,0,00,0,00,100,00,0,00
1781041261,9,0,00,0,00,100,00,0,00
1781041261,10,0,00,0,00,100,00,0,00
1781041261,11,0,00,0,00,100,00,0,00
1781041262,0,0,00,0,00,100,00,0,00
1781041262,1,0,00,0,00,100,00,0,00
1781041262,2,0,00,6,90,93,10,6,90
1781041262,3,100,00,0,00,0,00,100,00
1781041262,4,0,00,0,00,100,00,0,00
1781041262,5,3,33,0,00,96,67,3,33
1781041262,6,0,00,0,00,100,00,0,00
1781041262,7,0,00,0,00,100,00,0,00
1781041262,8,0,00,0,00,100,00,0,00
1781041262,9,0,00,0,00,100,00,0,00
1781041262,10,0,00,0,00,100,00,0,00
1781041262,11,0,00,0,00,100,00,0,00
1781041263,0,0,00,10,34,89,66,10,34
1781041263,1,0,00,0,00,100,00,0,00
1781041263,2,0,00,0,00,100,00,0,00
1781041263,3,100,00,0,00,0,00,100,00
1781041263,4,0,00,0,00,100,00,0,00
1781041263,5,0,00,3,33,96,67,3,33
1781041263,6,0,00,0,00,100,00,0,00
1781041263,7,0,00,3,45,96,55,3,45
1781041263,8,0,00,0,00,100,00,0,00
1781041263,9,0,00,0,00,100,00,0,00
1781041263,10,0,00,0,00,100,00,0,00
1781041263,11,0,00,0,00,100,00,0,00
1781041263,0,0,00,0,00,100,00,0,00
1781041263,1,0,00,0,00,100,00,0,00
1781041263,2,0,00,0,00,100,00,0,00
1781041263,3,100,00,0,00,0,00,100,00
1781041263,4,0,00,3,45,96,55,3,45
1781041263,5,0,00,0,00,100,00,0,00
1781041263,6,0,00,3,45,96,55,3,45
1781041263,7,0,00,3,33,96,67,3,33
1781041263,8,0,00,6,90,93,10,6,90
1781041263,9,0,00,0,00,100,00,0,00
1781041263,10,0,00,0,00,100,00,0,00
1781041263,11,0,00,0,00,100,00,0,00
1781041264,0,0,00,0,00,100,00,0,00
1781041264,1,0,00,0,00,100,00,0,00
1781041264,2,0,00,0,00,100,00,0,00
1781041264,3,100,00,0,00,0,00,100,00
1781041264,4,0,00,0,00,100,00,0,00
1781041264,5,0,00,3,33,96,67,3,33
1781041264,6,0,00,7,14,92,86,7,14
1781041264,7,0,00,3,57,96,43,3,57
1781041264,8,0,00,0,00,100,00,0,00
1781041264,9,0,00,0,00,100,00,0,00
1781041264,10,0,00,0,00,100,00,0,00
1781041264,11,0,00,0,00,100,00,0,00
1781041265,0,3,45,3,45,93,10,6,90
1781041265,1,0,00,3,45,96,55,3,45
1781041265,2,0,00,0,00,100,00,0,00
1781041265,3,100,00,0,00,0,00,100,00
1781041265,4,0,00,0,00,100,00,0,00
1781041265,5,0,00,0,00,100,00,0,00
1781041265,6,0,00,3,45,96,55,3,45
1781041265,7,0,00,0,00,100,00,0,00
1781041265,8,0,00,0,00,100,00,0,00
1781041265,9,0,00,0,00,100,00,0,00
1781041265,10,0,00,0,00,100,00,0,00
1781041265,11,0,00,0,00,100,00,0,00
1781041265,0,0,00,0,00,100,00,0,00
1781041265,1,0,00,0,00,100,00,0,00
1781041265,2,0,00,6,90,93,10,6,90
1781041265,3,100,00,0,00,0,00,100,00
1781041265,4,0,00,0,00,100,00,0,00
1781041265,5,0,00,0,00,100,00,0,00
1781041265,6,0,00,3,57,96,43,3,57
1781041265,7,0,00,0,00,100,00,0,00
1781041265,8,0,00,0,00,100,00,0,00
1781041265,9,0,00,0,00,100,00,0,00
1781041265,10,0,00,3,33,96,67,3,33
1781041265,11,0,00,0,00,100,00,0,00
1781041266,0,0,00,3,45,96,55,3,45
1781041266,1,3,33,0,00,96,67,3,33
1781041266,2,3,45,17,24,79,31,20,69
1781041266,3,100,00,0,00,0,00,100,00
1781041266,4,0,00,0,00,100,00,0,00
1781041266,5,0,00,0,00,100,00,0,00
1781041266,6,0,00,0,00,100,00,0,00
1781041266,7,0,00,0,00,100,00,0,00
1781041266,8,0,00,0,00,100,00,0,00
1781041266,9,0,00,0,00,100,00,0,00
1781041266,10,0,00,0,00,100,00,0,00
1781041266,11,0,00,0,00,100,00,0,00
1781041267,0,0,00,10,71,89,29,10,71
1781041267,1,0,00,0,00,100,00,0,00
1781041267,2,0,00,0,00,100,00,0,00
1781041267,3,100,00,0,00,0,00,100,00
1781041267,4,0,00,0,00,100,00,0,00
1781041267,5,0,00,3,33,96,67,3,33
1781041267,6,0,00,0,00,100,00,0,00
1781041267,7,0,00,0,00,100,00,0,00
1781041267,8,3,33,0,00,96,67,3,33
1781041267,9,0,00,0,00,100,00,0,00
1781041267,10,0,00,0,00,100,00,0,00
1781041267,11,0,00,0,00,100,00,0,00
1781041267,0,0,00,3,33,96,67,3,33
1781041267,1,0,00,3,33,96,67,3,33
1781041267,2,0,00,0,00,100,00,0,00
1781041267,3,100,00,0,00,0,00,100,00
1781041267,4,0,00,0,00,100,00,0,00
1781041267,5,0,00,0,00,100,00,0,00
1781041267,6,0,00,0,00,100,00,0,00
1781041267,7,0,00,0,00,100,00,0,00
1781041267,8,0,00,10,34,89,66,10,34
1781041267,9,0,00,0,00,100,00,0,00
1781041267,10,0,00,0,00,100,00,0,00
1781041267,11,0,00,0,00,100,00,0,00
1781041268,0,0,00,3,57,96,43,3,57
1781041268,1,0,00,3,70,96,30,3,70
1781041268,2,0,00,0,00,100,00,0,00
1781041268,3,0,00,0,00,100,00,0,00
1781041268,4,0,00,0,00,100,00,0,00
1781041268,5,0,00,0,00,100,00,0,00
1781041268,6,0,00,0,00,100,00,0,00
1781041268,7,0,00,0,00,100,00,0,00
1781041268,8,0,00,3,45,96,55,3,45
1781041268,9,100,00,0,00,0,00,100,00
1781041268,10,0,00,0,00,100,00,0,00
1781041268,11,0,00,0,00,100,00,0,00
1781041269,0,0,00,0,00,100,00,0,00
1781041269,1,0,00,3,45,96,55,3,45
1781041269,2,0,00,3,33,96,67,3,33
1781041269,3,85,71,0,00,14,29,85,71
1781041269,4,0,00,0,00,100,00,0,00
1781041269,5,0,00,3,45,96,55,3,45
1781041269,6,3,45,3,45,93,10,6,90
1781041269,7,0,00,0,00,100,00,0,00
1781041269,8,3,45,6,90,89,66,10,34
1781041269,9,17,24,0,00,82,76,17,24
1781041269,10,0,00,0,00,100,00,0,00
1781041269,11,0,00,0,00,100,00,0,00
1781041269,0,0,00,0,00,100,00,0,00
1781041269,1,3,45,0,00,96,55,3,45
1781041269,2,3,33,13,33,83,33,16,67
1781041269,3,100,00,0,00,0,00,100,00
1781041269,4,0,00,0,00,100,00,0,00
1781041269,5,0,00,0,00,100,00,0,00
1781041269,6,0,00,0,00,100,00,0,00
1781041269,7,3,45,6,90,89,66,10,34
1781041269,8,0,00,0,00,100,00,0,00
1781041269,9,0,00,0,00,100,00,0,00
1781041269,10,0,00,0,00,100,00,0,00
1781041269,11,0,00,0,00,100,00,0,00
1781041270,0,0,00,3,45,96,55,3,45
1781041270,1,0,00,0,00,100,00,0,00
1781041270,2,0,00,3,45,96,55,3,45
1781041270,3,100,00,0,00,0,00,100,00
1781041270,4,0,00,0,00,100,00,0,00
1781041270,5,0,00,3,45,96,55,3,45
1781041270,6,0,00,0,00,100,00,0,00
1781041270,7,0,00,6,90,93,10,6,90
1781041270,8,0,00,0,00,100,00,0,00
1781041270,9,0,00,0,00,100,00,0,00
1781041270,10,0,00,0,00,100,00,0,00
1781041270,11,0,00,0,00,100,00,0,00
1781041271,0,0,00,3,45,96,55,3,45
1781041271,1,3,33,6,67,90,00,10,00
1781041271,2,3,45,6,90,89,66,10,34
1781041271,3,100,00,0,00,0,00,100,00
1781041271,4,0,00,0,00,100,00,0,00
1781041271,5,0,00,0,00,100,00,0,00
1781041271,6,0,00,0,00,100,00,0,00
1781041271,7,0,00,0,00,100,00,0,00
1781041271,8,0,00,0,00,100,00,0,00
1781041271,9,0,00,0,00,100,00,0,00
1781041271,10,0,00,0,00,100,00,0,00
1781041271,11,0,00,0,00,100,00,0,00
1781041271,0,0,00,0,00,100,00,0,00
1781041271,1,0,00,3,33,96,67,3,33
1781041271,2,0,00,0,00,100,00,0,00
1781041271,3,100,00,0,00,0,00,100,00
1781041271,4,0,00,0,00,100,00,0,00
1781041271,5,0,00,0,00,100,00,0,00
1781041271,6,0,00,3,33,96,67,3,33
1781041271,7,0,00,6,90,93,10,6,90
1781041271,8,0,00,3,57,96,43,3,57
1781041271,9,0,00,0,00,100,00,0,00
1781041271,10,0,00,0,00,100,00,0,00
1781041271,11,0,00,0,00,100,00,0,00
1781041272,0,0,00,0,00,100,00,0,00
1781041272,1,0,00,0,00,100,00,0,00
1781041272,2,0,00,0,00,100,00,0,00
1781041272,3,100,00,0,00,0,00,100,00
1781041272,4,0,00,0,00,100,00,0,00
1781041272,5,0,00,0,00,100,00,0,00
1781041272,6,0,00,7,14,92,86,7,14
1781041272,7,3,33,3,33,93,33,6,67
1781041272,8,0,00,0,00,100,00,0,00
1781041272,9,0,00,0,00,100,00,0,00
1781041272,10,0,00,0,00,100,00,0,00
1781041272,11,0,00,0,00,100,00,0,00
1781041272,0,0,00,0,00,100,00,0,00
1781041272,1,0,00,0,00,100,00,0,00
1781041272,2,0,00,0,00,100,00,0,00
1781041272,3,100,00,0,00,0,00,100,00
1781041272,4,0,00,0,00,100,00,0,00
1781041272,5,0,00,3,45,96,55,3,45
1781041272,6,0,00,6,90,93,10,6,90
1781041272,7,0,00,3,33,96,67,3,33
1781041272,8,0,00,0,00,100,00,0,00
1781041272,9,0,00,0,00,100,00,0,00
1781041272,10,0,00,0,00,100,00,0,00
1781041272,11,0,00,0,00,100,00,0,00
1781041273,0,0,00,0,00,100,00,0,00
1781041273,1,0,00,0,00,100,00,0,00
1781041273,2,0,00,0,00,100,00,0,00
1781041273,3,100,00,0,00,0,00,100,00
1781041273,4,0,00,0,00,100,00,0,00
1781041273,5,3,45,0,00,96,55,3,45
1781041273,6,0,00,6,90,93,10,6,90
1781041273,7,0,00,0,00,100,00,0,00
1781041273,8,0,00,3,45,96,55,3,45
1781041273,9,0,00,0,00,100,00,0,00
1781041273,10,0,00,0,00,100,00,0,00
1781041273,11,0,00,0,00,100,00,0,00
1781041274,0,0,00,3,45,96,55,3,45
1781041274,1,0,00,3,45,96,55,3,45
1781041274,2,3,45,20,69,75,86,24,14
1781041274,3,16,67,0,00,83,33,16,67
1781041274,4,0,00,0,00,100,00,0,00
1781041274,5,0,00,3,45,96,55,3,45
1781041274,6,0,00,3,45,96,55,3,45
1781041274,7,0,00,0,00,100,00,0,00
1781041274,8,0,00,0,00,100,00,0,00
1781041274,9,86,21,0,00,13,79,86,21
1781041274,10,0,00,0,00,100,00,0,00
1781041274,11,0,00,0,00,100,00,0,00
1781041274,0,0,00,3,45,96,55,3,45
1781041274,1,0,00,0,00,100,00,0,00
1781041274,2,0,00,0,00,100,00,0,00
1781041274,3,0,00,0,00,100,00,0,00
1781041274,4,0,00,0,00,100,00,0,00
1781041274,5,0,00,0,00,100,00,0,00
1781041274,6,0,00,0,00,100,00,0,00
1781041274,7,0,00,0,00,100,00,0,00
1781041274,8,0,00,3,57,96,43,3,57
1781041274,9,100,00,0,00,0,00,100,00
1781041274,10,0,00,0,00,100,00,0,00
1781041274,11,0,00,0,00,100,00,0,00
1781041275,0,0,00,0,00,96,55,3,45
1781041275,1,3,33,6,67,90,00,10,00
1781041275,2,0,00,0,00,100,00,0,00
1781041275,3,0,00,0,00,100,00,0,00
1781041275,4,0,00,0,00,100,00,0,00
1781041275,5,0,00,0,00,100,00,0,00
1781041275,6,0,00,3,45,96,55,3,45
1781041275,7,0,00,3,33,96,67,3,33
1781041275,8,0,00,0,00,100,00,0,00
1781041275,9,100,00,0,00,0,00,100,00
1781041275,10,0,00,0,00,100,00,0,00
1781041275,11,0,00,3,45,96,55,3,45
1781041276,0,0,00,3,45,96,55,3,45
1781041276,1,0,00,6,90,93,10,6,90
1781041276,2,0,00,0,00,100,00,0,00
1781041276,3,100,00,0,00,0,00,100,00
1781041276,4,0,00,0,00,100,00,0,00
1781041276,5,0,00,0,00,100,00,0,00
1781041276,6,0,00,0,00,100,00,0,00
1781041276,7,0,00,0,00,100,00,0,00
1781041276,8,0,00,3,45,96,55,3,45
1781041276,9,0,00,0,00,100,00,0,00
1781041276,10,0,00,3,45,96,55,3,45
1781041276,11,0,00,0,00,100,00,0,00
1781041276,0,0,00,0,00,100,00,0,00
1781041276,1,0,00,0,00,100,00,0,00
1781041276,2,0,00,0,00,100,00,0,00
1781041276,3,100,00,0,00,0,00,100,00
1781041276,4,0,00,0,00,100,00,0,00
1781041276,5,0,00,3,45,96,55,3,45
1781041276,6,0,00,6,90,93,10,6,90
1781041276,7,0,00,6,67,93,33,6,67
1781041276,8,0,00,3,33,96,67,3,33
1781041276,9,0,00,0,00,100,00,0,00
1781041276,10,0,00,0,00,100,00,0,00
1781041276,11,0,00,0,00,100,00,0,00
1781041277,0,0,00,0,00,100,00,0,00
1781041277,1,0,00,3,57,96,43,3,57
1781041277,2,0,00,3,33,96,67,3,33
1781041277,3,100,00,0,00,0,00,100,00
1781041277,4,0,00,0,00,100,00,0,00
1781041277,5,0,00,0,00,100,00,0,00
1781041277,6,0,00,7,14,92,86,7,14
1781041277,7,0,00,0,00,100,00,0,00
1781041277,8,0,00,0,00,100,00,0,00
1781041277,9,0,00,0,00,100,00,0,00
1781041277,10,0,00,0,00,100,00,0,00
1781041277,11,0,00,0,00,100,00,0,00
1781041278,0,0,00,0,00,100,00,0,00
1781041278,1,0,00,3,45,96,55,3,45
1781041278,2,0,00,0,00,100,00,0,00
1781041278,3,100,00,0,00,0,00,100,00
1781041278,4,0,00,0,00,100,00,0,00
1781041278,5,0,00,0,00,100,00,0,00
1781041278,6,0,00,6,90,93,10,6,90
1781041278,7,0,00,0,00,100,00,0,00
1781041278,8,0,00,0,00,100,00,0,00
1781041278,9,0,00,0,00,100,00,0,00
1781041278,10,0,00,0,00,100,00,0,00
1781041278,11,0,00,0,00,100,00,0,00
1781041278,0,0,00,0,00,100,00,0,00
1781041278,1,0,00,0,00,100,00,0,00
1781041278,2,0,00,13,79,86,21,13,79
1781041278,3,100,00,0,00,0,00,100,00
1781041278,4,0,00,0,00,100,00,0,00
1781041278,5,0,00,0,00,100,00,0,00
1781041278,6,3,33,0,00,96,67,3,33
1781041278,7,0,00,0,00,100,00,0,00
1781041278,8,0,00,10,00,90,00,10,00
1781041278,9,0,00,0,00,100,00,0,00
1781041278,10,0,00,0,00,100,00,0,00
1781041278,11,0,00,0,00,100,00,0,00
1781041279,0,0,00,3,45,96,55,3,45
1781041279,1,0,00,0,00,100,00,0,00
1781041279,2,3,57,3,57,92,86,7,14
1781041279,3,100,00,0,00,0,00,100,00
1781041279,4,0,00,0,00,100,00,0,00
1781041279,5,0,00,0,00,100,00,0,00
1781041279,6,0,00,0,00,100,00,0,00
1781041279,7,0,00,0,00,100,00,0,00
1781041279,8,0,00,0,00,100,00,0,00
1781041279,9,0,00,0,00,100,00,0,00
1781041279,10,0,00,3,45,96,55,3,45
1781041279,11,0,00,0,00,100,00,0,00
1781041280,0,0,00,3,33,96,67,3,33
1781041280,1,0,00,3,33,96,67,3,33
1781041280,2,0,00,3,45,96,55,3,45
1781041280,3,100,00,0,00,0,00,100,00
1781041280,4,0,00,0,00,100,00,0,00
1781041280,5,0,00,0,00,100,00,0,00
1781041280,6,3,33,6,67,90,00,10,00
1781041280,7,0,00,0,00,100,00,0,00
1781041280,8,0,00,0,00,100,00,0,00
1781041280,9,0,00,0,00,100,00,0,00
1781041280,10,0,00,0,00,100,00,0,00
1781041280,11,0,00,0,00,100,00,0,00
1781041280,0,0,00,0,00,100,00,0,00
1781041280,1,0,00,3,45,96,55,3,45
1781041280,2,0,00,3,45,96,55,3,45
1781041280,3,100,00,0,00,0,00,100,00
1781041280,4,0,00,0,00,100,00,0,00
1781041280,5,0,00,0,00,100,00,0,00
1781041280,6,0,00,6,90,93,10,6,90
1781041280,7,0,00,0,00,100,00,0,00
1781041280,8,0,00,0,00,100,00,0,00
1781041280,9,0,00,0,00,100,00,0,00
1781041280,10,0,00,0,00,100,00,0,00
1781041280,11,0,00,0,00,100,00,0,00
1781041281,0,0,00,3,70,96,30,3,70
1781041281,1,0,00,3,45,96,55,3,45
1781041281,2,0,00,0,00,100,00,0,00
1781041281,3,100,00,0,00,0,00,100,00
1781041281,4,0,00,0,00,100,00,0,00
1781041281,5,0,00,0,00,100,00,0,00
1781041281,6,0,00,0,00,100,00,0,00
1781041281,7,0,00,0,00,100,00,0,00
1781041281,8,0,00,3,33,96,67,3,33
1781041281,9,0,00,0,00,100,00,0,00
1781041281,10,0,00,0,00,100,00,0,00
1781041281,11,0,00,3,45,96,55,3,45
1781041282,0,0,00,14,29,85,71,14,29
1781041282,1,0,00,0,00,100,00,0,00
1781041282,2,3,33,6,67,90,00,10,00
1781041282,3,100,00,0,00,0,00,100,00
1781041282,4,0,00,0,00,100,00,0,00
1781041282,5,0,00,3,45,96,55,3,45
1781041282,6,3,33,0,00,96,67,3,33
1781041282,7,0,00,0,00,100,00,0,00
1781041282,8,0,00,0,00,100,00,0,00
1781041282,9,0,00,0,00,100,00,0,00
1781041282,10,0,00,3,33,96,67,3,33
1781041282,11,0,00,0,00,100,00,0,00
1781041282,0,0,00,3,45,96,55,3,45
1781041282,1,0,00,0,00,100,00,0,00
1781041282,2,0,00,0,00,100,00,0,00
1781041282,3,100,00,0,00,0,00,100,00
1781041282,4,0,00,3,33,96,67,3,33
1781041282,5,0,00,0,00,100,00,0,00
1781041282,6,0,00,0,00,100,00,0,00
1781041282,7,0,00,7,14,92,86,7,14
1781041282,8,0,00,0,00,100,00,0,00
1781041282,9,0,00,0,00,100,00,0,00
1781041282,10,0,00,0,00,100,00,0,00
1781041282,11,0,00,0,00,100,00,0,00
1781041283,0,0,00,10,71,89,29,10,71
1781041283,1,0,00,0,00,100,00,0,00
1781041283,2,0,00,0,00,100,00,0,00
1781041283,3,100,00,0,00,0,00,100,00
1781041283,4,0,00,0,00,100,00,0,00
1781041283,5,0,00,3,45,96,55,3,45
1781041283,6,3,33,3,33,93,33,6,67
1781041283,7,0,00,6,90,93,10,6,90
1781041283,8,0,00,3,45,96,55,3,45
1781041283,9,0,00,0,00,100,00,0,00
1781041283,10,0,00,0,00,100,00,0,00
1781041283,11,0,00,0,00,100,00,0,00
1781041284,0,0,00,0,00,100,00,0,00
1781041284,1,0,00,0,00,100,00,0,00
1781041284,2,0,00,0,00,100,00,0,00
1781041284,3,21,43,0,00,78,57,21,43
1781041284,4,0,00,0,00,100,00,0,00
1781041284,5,0,00,0,00,100,00,0,00
1781041284,6,0,00,3,45,96,55,3,45
1781041284,7,0,00,3,45,96,55,3,45
1781041284,8,0,00,7,14,92,86,7,14
1781041284,9,75,86,0,00,24,14,75,86
1781041284,10,0,00,0,00,100,00,0,00
1781041284,11,0,00,0,00,100,00,0,00
1781041284,0,0,00,0,00,100,00,0,00
1781041284,1,0,00,3,45,96,55,3,45
1781041284,2,0,00,0,00,100,00,0,00
1781041284,3,0,00,0,00,100,00,0,00
1781041284,4,0,00,0,00,100,00,0,00
1781041284,5,0,00,0,00,100,00,0,00
1781041284,6,0,00,0,00,100,00,0,00
1781041284,7,0,00,0,00,100,00,0,00
1781041284,8,0,00,7,14,92,86,7,14
1781041284,9,100,00,0,00,0,00,100,00
1781041284,10,0,00,0,00,100,00,0,00
1781041284,11,0,00,0,00,100,00,0,00
1781041285,0,0,00,3,33,96,67,3,33
1781041285,1,0,00,0,00,100,00,0,00
1781041285,2,0,00,0,00,100,00,0,00
1781041285,3,0,00,0,00,100,00,0,00
1781041285,4,0,00,0,00,100,00,0,00
1781041285,5,0,00,0,00,100,00,0,00
1781041285,6,0,00,0,00,100,00,0,00
1781041285,7,3,57,3,57,92,86,7,14
1781041285,8,0,00,3,45,96,55,3,45
1781041285,9,100,00,0,00,0,00,100,00
1781041285,10,3,33,0,00,96,67,3,33
1781041285,11,0,00,0,00,100,00,0,00
1781041285,0,0,00,7,14,92,86,7,14
1781041285,1,0,00,3,45,96,55,3,45
1781041285,2,0,00,3,33,96,67,3,33
1781041285,3,0,00,0,00,100,00,0,00
1781041285,4,0,00,0,00,100,00,0,00
1781041285,5,0,00,3,45,96,55,3,45
1781041285,6,0,00,0,00,100,00,0,00
1781041285,7,0,00,0,00,100,00,0,00
1781041285,8,0,00,0,00,100,00,0,00
1781041285,9,100,00,0,00,0,00,100,00
1781041285,10,0,00,0,00,100,00,0,00
1781041285,11,0,00,0,00,100,00,0,00
1781041286,0,0,00,13,79,86,21,13,79
1781041286,1,0,00,0,00,100,00,0,00
1781041286,2,3,45,3,45,93,10,6,90
1781041286,3,0,00,0,00,100,00,0,00
1781041286,4,0,00,0,00,100,00,0,00
1781041286,5,0,00,0,00,100,00,0,00
1781041286,6,0,00,0,00,100,00,0,00
1781041286,7,3,45,6,90,89,66,10,34
1781041286,8,0,00,0,00,100,00,0,00
1781041286,9,100,00,0,00,0,00,100,00
1781041286,10,0,00,0,00,100,00,0,00
1781041286,11,0,00,0,00,100,00,0,00
1781041287,0,0,00,3,45,96,55,3,45
1781041287,1,0,00,6,90,93,10,6,90
1781041287,2,0,00,0,00,100,00,0,00
1781041287,3,0,00,0,00,100,00,0,00
1781041287,4,0,00,0,00,100,00,0,00
1781041287,5,3,23,3,23,93,55,6,45
1781041287,6,0,00,0,00,100,00,0,00
1781041287,7,0,00,3,33,96,67,3,33
1781041287,8,0,00,0,00,100,00,0,00
1781041287,9,100,00,0,00,0,00,100,00
1781041287,10,0,00,0,00,100,00,0,00
1781041287,11,0,00,0,00,100,00,0,00
1781041287,0,0,00,3,45,96,55,3,45
1781041287,1,3,33,0,00,96,67,3,33
1781041287,2,0,00,0,00,100,00,0,00
1781041287,3,0,00,0,00,100,00,0,00
1781041287,4,0,00,0,00,100,00,0,00
1781041287,5,0,00,0,00,100,00,0,00
1781041287,6,0,00,0,00,100,00,0,00
1781041287,7,0,00,0,00,100,00,0,00
1781041287,8,0,00,6,90,93,10,6,90
1781041287,9,100,00,0,00,0,00,100,00
1781041287,10,0,00,3,23,96,77,3,23
1781041287,11,0,00,0,00,100,00,0,00
1781041288,0,0,00,0,00,100,00,0,00
1781041288,1,0,00,0,00,100,00,0,00
1781041288,2,0,00,0,00,100,00,0,00
1781041288,3,0,00,0,00,100,00,0,00
1781041288,4,0,00,0,00,100,00,0,00
1781041288,5,0,00,0,00,100,00,0,00
1781041288,6,0,00,3,45,96,55,3,45
1781041288,7,0,00,0,00,100,00,0,00
1781041288,8,3,33,6,67,90,00,10,00
1781041288,9,100,00,0,00,0,00,100,00
1781041288,10,0,00,0,00,100,00,0,00
1781041288,11,0,00,0,00,100,00,0,00
1781041289,0,0,00,3,33,96,67,3,33
1781041289,1,0,00,0,00,100,00,0,00
1781041289,2,3,23,3,23,93,55,6,45
1781041289,3,0,00,0,00,100,00,0,00
1781041289,4,0,00,0,00,100,00,0,00
1781041289,5,0,00,0,00,100,00,0,00
1781041289,6,3,57,3,57,92,86,7,14
1781041289,7,0,00,0,00,100,00,0,00
1781041289,8,0,00,0,00,100,00,0,00
1781041289,9,100,00,0,00,0,00,100,00
1781041289,10,0,00,0,00,100,00,0,00
1781041289,11,0,00,0,00,100,00,0,00
1781041289,0,0,00,3,70,96,30,3,70
1781041289,1,0,00,0,00,100,00,0,00
1781041289,2,0,00,0,00,100,00,0,00
1781041289,3,89,66,0,00,10,34,89,66
1781041289,4,0,00,0,00,100,00,0,00
1781041289,5,0,00,0,00,100,00,0,00
1781041289,6,0,00,0,00,100,00,0,00
1781041289,7,0,00,0,00,100,00,0,00
1781041289,8,0,00,0,00,100,00,0,00
1781041289,9,10,71,0,00,89,29,10,71
1781041289,10,0,00,0,00,100,00,0,00
1781041289,11,0,00,0,00,100,00,0,00
1781041290,0,0,00,0,00,100,00,0,00
1781041290,1,0,00,0,00,100,00,0,00
1781041290,2,0,00,0,00,100,00,0,00
1781041290,3,100,00,0,00,0,00,100,00
1781041290,4,0,00,3,45,96,55,3,45
1781041290,5,0,00,0,00,100,00,0,00
1781041290,6,0,00,6,90,93,10,6,90
1781041290,7,0,00,0,00,100,00,0,00
1781041290,8,0,00,3,45,96,55,3,45
1781041290,9,0,00,0,00,100,00,0,00
1781041290,10,0,00,0,00,100,00,0,00
1781041290,11,0,00,0,00,100,00,0,00
1781041291,0,0,00,0,00,100,00,0,00
1781041291,1,0,00,3,33,96,67,3,33
1781041291,2,0,00,3,33,96,67,3,33
1781041291,3,100,00,0,00,0,00,100,00
1781041291,4,0,00,0,00,100,00,0,00
1781041291,5,0,00,0,00,100,00,0,00
1781041291,6,0,00,0,00,100,00,0,00
1781041291,7,0,00,0,00,100,00,0,00
1781041291,8,3,33,20,00,76,67,23,33
1781041291,9,0,00,0,00,100,00,0,00
1781041291,10,0,00,0,00,100,00,0,00
1781041291,11,0,00,0,00,100,00,0,00
1781041291,0,0,00,3,33,96,67,3,33
1781041291,1,0,00,0,00,100,00,0,00
1781041291,2,0,00,0,00,100,00,0,00
1781041291,3,100,00,0,00,0,00,100,00
1781041291,4,0,00,0,00,100,00,0,00
1781041291,5,0,00,3,33,96,67,3,33
1781041291,6,0,00,6,90,93,10,6,90
1781041291,7,0,00,3,45,96,55,3,45
1781041291,8,0,00,0,00,100,00,0,00
1781041291,9,0,00,0,00,100,00,0,00
1781041291,10,0,00,3,33,96,67,3,33
1781041291,11,0,00,0,00,100,00,0,00
1781041292,0,0,00,0,00,100,00,0,00
1781041292,1,0,00,6,90,93,10,6,90
1781041292,2,0,00,3,45,96,55,3,45
1781041292,3,100,00,0,00,0,00,100,00
1781041292,4,0,00,0,00,100,00,0,00
1781041292,5,0,00,0,00,100,00,0,00
1781041292,6,0,00,0,00,100,00,0,00
1781041292,7,0,00,3,33,96,67,3,33
1781041292,8,0,00,0,00,100,00,0,00
1781041292,9,0,00,0,00,100,00,0,00
1781041292,10,0,00,0,00,100,00,0,00
1781041292,11,0,00,0,00,100,00,0,00
1781041293,0,0,00,3,57,96,43,3,57
1781041293,1,0,00,0,00,100,00,0,00
1781041293,2,0,00,6,90,93,10,6,90
1781041293,3,100,00,0,00,0,00,100,00
1781041293,4,0,00,3,33,96,67,3,33
1781041293,5,0,00,0,00,100,00,0,00
1781041293,6,0,00,0,00,100,00,0,00
1781041293,7,0,00,0,00,100,00,0,00
1781041293,8,0,00,0,00,100,00,0,00
1781041293,9,0,00,0,00,100,00,0,00
1781041293,10,0,00,0,00,100,00,0,00
1781041293,11,0,00,0,00,100,00,0,00
1781041293,0,0,00,0,00,100,00,0,00
1781041293,1,3,33,3,33,93,33,6,67
1781041293,2,0,00,0,00,100,00,0,00
1781041293,3,100,00,0,00,0,00,100,00
1781041293,4,0,00,0,00,100,00,0,00
1781041293,5,0,00,0,00,100,00,0,00
1781041293,6,0,00,0,00,100,00,0,00
1781041293,7,0,00,0,00,100,00,0,00
1781041293,8,0,00,7,14,92,86,7,14
1781041293,9,0,00,0,00,100,00,0,00
1781041293,10,0,00,0,00,100,00,0,00
1781041293,11,0,00,3,45,96,55,3,45
1781041294,0,0,00,0,00,100,00,0,00
1781041294,1,0,00,0,00,100,00,0,00
1781041294,2,0,00,0,00,100,00,0,00
1781041294,3,100,00,0,00,0,00,100,00
1781041294,4,3,33,3,33,93,33,6,67
1781041294,5,0,00,0,00,100,00,0,00
1781041294,6,0,00,0,00,100,00,0,00
1781041294,7,0,00,7,14,92,86,7,14
1781041294,8,0,00,13,79,86,21,13,79
1781041294,9,0,00,0,00,100,00,0,00
1781041294,10,0,00,0,00,100,00,0,00
1781041294,11,0,00,0,00,100,00,0,00
1781041295,0,0,00,0,00,100,00,0,00
1781041295,1,0,00,0,00,100,00,0,00
1781041295,2,0,00,0,00,100,00,0,00
1781041295,3,100,00,0,00,0,00,100,00
1781041295,4,0,00,0,00,100,00,0,00
1781041295,5,0,00,0,00,100,00,0,00
1781041295,6,0,00,6,90,93,10,6,90
1781041295,7,3,23,3,23,93,55,6,45
1781041295,8,0,00,3,45,96,55,3,45
1781041295,9,0,00,0,00,100,00,0,00
1781041295,10,0,00,3,45,96,55,3,45
1781041295,11,0,00,0,00,100,00,0,00
1781041295,0,0,00,0,00,100,00,0,00
1781041295,1,0,00,3,33,96,67,3,33
1781041295,2,0,00,7,14,92,86,7,14
1781041295,3,100,00,0,00,0,00,100,00
1781041295,4,0,00,0,00,100,00,0,00
1781041295,5,0,00,0,00,100,00,0,00
1781041295,6,0,00,0,00,100,00,0,00
1781041295,7,0,00,0,00,100,00,0,00
1781041295,8,0,00,10,71,89,29,10,71
1781041295,9,0,00,0,00,100,00,0,00
1781041295,10,0,00,0,00,100,00,0,00
1781041295,11,0,00,0,00,100,00,0,00
1781041296,0,0,00,3,33,96,67,3,33
1781041296,1,0,00,3,45,96,55,3,45
1781041296,2,0,00,0,00,100,00,0,00
1781041296,3,100,00,0,00,0,00,100,00
1781041296,4,0,00,0,00,100,00,0,00
1781041296,5,0,00,0,00,100,00,0,00
1781041296,6,0,00,0,00,100,00,0,00
1781041296,7,0,00,3,45,96,55,3,45
1781041296,8,3,33,6,67,90,00,10,00
1781041296,9,0,00,0,00,100,00,0,00
1781041296,10,0,00,0,00,100,00,0,00
1781041296,11,0,00,0,00,100,00,0,00
1781041296,0,0,00,3,45,96,55,3,45
1781041296,1,0,00,3,45,96,55,3,45
1781041296,2,0,00,0,00,100,00,0,00
1781041296,3,100,00,0,00,0,00,100,00
1781041296,4,0,00,6,90,93,10,6,90
1781041296,5,0,00,0,00,100,00,0,00
1781041296,6,0,00,0,00,100,00,0,00
1781041296,7,0,00,0,00,100,00,0,00
1781041296,8,0,00,0,00,100,00,0,00
1781041296,9,0,00,0,00,100,00,0,00
1781041296,10,0,00,0,00,100,00,0,00
1781041296,11,0,00,0,00,100,00,0,00
1781041297,0,0,00,0,00,100,00,0,00
1781041297,1,0,00,3,45,96,55,3,45
1781041297,2,0,00,0,00,100,00,0,00
1781041297,3,100,00,0,00,0,00,100,00
1781041297,4,0,00,0,00,100,00,0,00
1781041297,5,0,00,0,00,100,00,0,00
1781041297,6,0,00,7,14,92,86,7,14
1781041297,7,0,00,0,00,100,00,0,00
1781041297,8,0,00,0,00,100,00,0,00
1781041297,9,0,00,0,00,100,00,0,00
1781041297,10,0,00,3,45,96,55,3,45
1781041297,11,0,00,0,00,100,00,0,00
1781041298,0,0,00,0,00,100,00,0,00
1781041298,1,0,00,3,45,96,55,3,45
1781041298,2,0,00,7,14,92,86,7,14
1781041298,3,100,00,0,00,0,00,100,00
1781041298,4,0,00,0,00,100,00,0,00
1781041298,5,0,00,3,45,96,55,3,45
1781041298,6,3,33,3,33,93,33,6,67
1781041298,7,0,00,0,00,100,00,0,00
1781041298,8,0,00,0,00,100,00,0,00
1781041298,9,0,00,0,00,100,00,0,00
1781041298,10,0,00,0,00,100,00,0,00
1781041298,11,0,00,0,00,100,00,0,00
1781041298,0,3,45,0,00,96,55,3,45
1781041298,1,0,00,0,00,100,00,0,00
1781041298,2,3,45,6,90,89,66,10,34
1781041298,3,100,00,0,00,0,00,100,00
1781041298,4,0,00,0,00,100,00,0,00
1781041298,5,0,00,0,00,100,00,0,00
1781041298,6,0,00,0,00,100,00,0,00
1781041298,7,3,23,3,23,93,55,6,45
1781041298,8,3,33,13,33,83,33,16,67
1781041298,9,0,00,0,00,100,00,0,00
1781041298,10,0,00,0,00,100,00,0,00
1781041298,11,0,00,3,33,96,67,3,33
1781041299,0,0,00,0,00,100,00,0,00
1781041299,1,3,45,6,90,89,66,10,34
1781041299,2,0,00,0,00,100,00,0,00
1781041299,3,100,00,0,00,0,00,100,00
1781041299,4,0,00,0,00,100,00,0,00
1781041299,5,0,00,0,00,100,00,0,00
1781041299,6,0,00,0,00,100,00,0,00
1781041299,7,0,00,0,00,100,00,0,00
1781041299,8,0,00,3,45,96,55,3,45
1781041299,9,0,00,0,00,100,00,0,00
1781041299,10,0,00,3,45,96,55,3,45
1781041299,11,0,00,0,00,100,00,0,00
1781041300,0,0,00,3,45,96,55,3,45
1781041300,1,0,00,0,00,100,00,0,00
1781041300,2,0,00,0,00,100,00,0,00
1781041300,3,100,00,0,00,0,00,100,00
1781041300,4,0,00,0,00,100,00,0,00
1781041300,5,0,00,0,00,100,00,0,00
1781041300,6,0,00,0,00,100,00,0,00
1781041300,7,3,33,6,67,90,00,10,00
1781041300,8,0,00,0,00,100,00,0,00
1781041300,9,0,00,0,00,100,00,0,00
1781041300,10,0,00,0,00,100,00,0,00
1781041300,11,0,00,0,00,100,00,0,00
1781041300,0,0,00,7,14,92,86,7,14
1781041300,1,0,00,0,00,100,00,0,00
1781041300,2,0,00,0,00,100,00,0,00
1781041300,3,100,00,0,00,0,00,100,00
1781041300,4,0,00,0,00,100,00,0,00
1781041300,5,0,00,0,00,100,00,0,00
1781041300,6,0,00,3,33,96,67,3,33
1781041300,7,0,00,0,00,100,00,0,00
1781041300,8,0,00,0,00,100,00,0,00
1781041300,9,0,00,0,00,100,00,0,00
1781041300,10,0,00,3,45,96,55,3,45
1781041300,11,0,00,0,00,100,00,0,00
1781041301,0,0,00,0,00,100,00,0,00
1781041301,1,0,00,6,90,93,10,6,90
1781041301,2,0,00,3,45,96,55,3,45
1781041301,3,100,00,0,00,0,00,100,00
1781041301,4,0,00,0,00,100,00,0,00
1781041301,5,0,00,0,00,100,00,0,00
1781041301,6,0,00,0,00,100,00,0,00
1781041301,7,0,00,0,00,100,00,0,00
1781041301,8,0,00,3,45,96,55,3,45
1781041301,9,0,00,0,00,100,00,0,00
1781041301,10,0,00,3,45,96,55,3,45
1781041301,11,0,00,0,00,100,00,0,00
1781041302,0,0,00,0,00,100,00,0,00
1781041302,1,3,33,6,67,90,00,10,00
1781041302,2,3,33,3,33,93,33,6,67
1781041302,3,100,00,0,00,0,00,100,00
1781041302,4,0,00,0,00,100,00,0,00
1781041302,5,0,00,3,33,96,67,3,33
1781041302,6,0,00,3,45,96,55,3,45
1781041302,7,0,00,0,00,100,00,0,00
1781041302,8,0,00,0,00,100,00,0,00
1781041302,9,0,00,0,00,100,00,0,00
1781041302,10,0,00,0,00,100,00,0,00
1781041302,11,0,00,0,00,100,00,0,00
1781041302,0,0,00,0,00,100,00,0,00
1781041302,1,0,00,3,57,96,43,3,57
1781041302,2,0,00,0,00,100,00,0,00
1781041302,3,100,00,0,00,0,00,100,00
1781041302,4,0,00,3,45,96,55,3,45
1781041302,5,0,00,0,00,100,00,0,00
1781041302,6,0,00,6,90,93,10,6,90
1781041302,7,0,00,0,00,100,00,0,00
1781041302,8,0,00,0,00,100,00,0,00
1781041302,9,0,00,0,00,100,00,0,00
1781041302,10,0,00,0,00,100,00,0,00
1781041302,11,0,00,0,00,100,00,0,00
1781041303,0,3,45,13,79,82,76,17,24
1781041303,1,0,00,3,33,96,67,3,33
1781041303,2,3,45,6,90,89,66,10,34
1781041303,3,100,00,0,00,0,00,100,00
1781041303,4,0,00,0,00,100,00,0,00
1781041303,5,0,00,0,00,100,00,0,00
1781041303,6,0,00,0,00,100,00,0,00
1781041303,7,0,00,0,00,100,00,0,00
1781041303,8,0,00,0,00,100,00,0,00
1781041303,9,0,00,0,00,100,00,0,00
1781041303,10,0,00,0,00,100,00,0,00
1781041303,11,0,00,0,00,100,00,0,00
1781041304,0,0,00,0,00,100,00,0,00
1781041304,1,0,00,3,45,96,55,3,45
1781041304,2,0,00,3,45,96,55,3,45
1781041304,3,57,14,0,00,42,86,57,14
1781041304,4,0,00,0,00,100,00,0,00
1781041304,5,0,00,0,00,100,00,0,00
1781041304,6,0,00,6,90,93,10,6,90
1781041304,7,0,00,0,00,100,00,0,00
1781041304,8,0,00,0,00,100,00,0,00
1781041304,9,44,83,0,00,55,17,44,83
1781041304,10,0,00,0,00,100,00,0,00
1781041304,11,0,00,0,00,100,00,0,00
1781041304,0,3,45,3,45,93,10,6,90
1781041304,1,0,00,0,00,100,00,0,00
1781041304,2,0,00,3,45,96,55,3,45
1781041304,3,100,00,0,00,0,00,100,00
1781041304,4,0,00,0,00,100,00,0,00
1781041304,5,0,00,0,00,100,00,0,00
1781041304,6,0,00,0,00,100,00,0,00
1781041304,7,0,00,10,00,90,00,10,00
1781041304,8,0,00,0,00,100,00,0,00
1781041304,9,0,00,0,00,100,00,0,00
1781041304,10,0,00,0,00,100,00,0,00
1781041304,11,0,00,3,45,96,55,3,45
1781041305,0,0,00,3,33,96,67,3,33
1781041305,1,3,33,6,67,90,00,10,00
1781041305,2,0,00,6,67,93,33,6,67
1781041305,3,100,00,0,00,0,00,100,00
1781041305,4,3,23,3,23,93,55,6,45
1781041305,5,0,00,0,00,100,00,0,00
1781041305,6,0,00,0,00,100,00,0,00
1781041305,7,0,00,0,00,100,00,0,00
1781041305,8,0,00,0,00,100,00,0,00
1781041305,9,0,00,0,00,100,00,0,00
1781041305,10,0,00,0,00,100,00,0,00
1781041305,11,0,00,0,00,100,00,0,00
1781041306,0,0,00,0,00,100,00,0,00
1781041306,1,0,00,0,00,100,00,0,00
1781041306,2,0,00,0,00,100,00,0,00
1781041306,3,100,00,0,00,0,00,100,00
1781041306,4,0,00,0,00,100,00,0,00
1781041306,5,0,00,0,00,100,00,0,00
1781041306,6,0,00,6,90,93,10,6,90
1781041306,7,0,00,0,00,100,00,0,00
1781041306,8,0,00,3,45,96,55,3,45
1781041306,9,0,00,0,00,100,00,0,00
1781041306,10,0,00,3,33,96,67,3,33
1781041306,11,0,00,0,00,100,00,0,00
1781041306,0,3,33,20,00,76,67,23,33
1781041306,1,0,00,0,00,100,00,0,00
1781041306,2,3,57,0,00,96,43,3,57
1781041306,3,100,00,0,00,0,00,100,00
1781041306,4,0,00,0,00,100,00,0,00
1781041306,5,0,00,0,00,100,00,0,00
1781041306,6,0,00,0,00,100,00,0,00
1781041306,7,0,00,3,45,96,55,3,45
1781041306,8,0,00,0,00,100,00,0,00
1781041306,9,0,00,0,00,100,00,0,00
1781041306,10,0,00,0,00,100,00,0,00
1781041306,11,0,00,0,00,100,00,0,00
1781041307,0,0,00,0,00,100,00,0,00
1781041307,1,0,00,0,00,100,00,0,00
1781041307,2,0,00,0,00,100,00,0,00
1781041307,3,100,00,0,00,0,00,100,00
1781041307,4,0,00,3,33,96,67,3,33
1781041307,5,0,00,3,33,96,67,3,33
1781041307,6,0,00,3,45,96,55,3,45
1781041307,7,3,45,6,90,89,66,10,34
1781041307,8,0,00,0,00,100,00,0,00
1781041307,9,0,00,0,00,100,00,0,00
1781041307,10,0,00,0,00,100,00,0,00
1781041307,11,0,00,0,00,100,00,0,00
1781041308,0,0,00,3,45,96,55,3,45
1781041308,1,0,00,0,00,100,00,0,00
1781041308,2,0,00,0,00,100,00,0,00
1781041308,3,100,00,0,00,0,00,100,00
1781041308,4,0,00,0,00,100,00,0,00
1781041308,5,0,00,0,00,100,00,0,00
1781041308,6,0,00,0,00,100,00,0,00
1781041308,7,0,00,0,00,100,00,0,00
1781041308,8,0,00,6,90,93,10,6,90
1781041308,9,0,00,0,00,100,00,0,00
1781041308,10,0,00,0,00,100,00,0,00
1781041308,11,0,00,0,00,100,00,0,00
1781041308,0,0,00,0,00,100,00,0,00
1781041308,1,0,00,0,00,100,00,0,00
1781041308,2,0,00,0,00,100,00,0,00
1781041308,3,100,00,0,00,0,00,100,00
1781041308,4,0,00,3,33,96,67,3,33
1781041308,5,0,00,0,00,100,00,0,00
1781041308,6,3,45,6,90,89,66,10,34
1781041308,7,0,00,3,45,96,55,3,45
1781041308,8,0,00,0,00,100,00,0,00
1781041308,9,0,00,0,00,100,00,0,00
1781041308,10,0,00,0,00,100,00,0,00
1781041308,11,0,00,0,00,100,00,0,00
1781041309,0,0,00,0,00,100,00,0,00
1781041309,1,0,00,0,00,100,00,0,00
1781041309,2,0,00,0,00,100,00,0,00
1781041309,3,100,00,0,00,0,00,100,00
1781041309,4,0,00,0,00,100,00,0,00
1781041309,5,0,00,0,00,100,00,0,00
1781041309,6,0,00,3,45,96,55,3,45
1781041309,7,0,00,3,57,96,43,3,57
1781041309,8,0,00,3,45,96,55,3,45
1781041309,9,0,00,0,00,100,00,0,00
1781041309,10,0,00,0,00,100,00,0,00
1781041309,11,0,00,0,00,100,00,0,00
1781041309,0,0,00,0,00,100,00,0,00
1781041309,1,3,33,6,67,90,00,10,00
1781041309,2,0,00,0,00,100,00,0,00
1781041309,3,0,00,0,00,100,00,0,00
1781041309,4,0,00,0,00,100,00,0,00
1781041309,5,0,00,3,45,96,55,3,45
1781041309,6,0,00,0,00,100,00,0,00
1781041309,7,0,00,3,33,96,67,3,33
1781041309,8,0,00,0,00,100,00,0,00
1781041309,9,100,00,0,00,0,00,100,00
1781041309,10,0,00,0,00,100,00,0,00
1781041309,11,0,00,0,00,100,00,0,00
1781041310,0,0,00,0,00,100,00,0,00
1781041310,1,0,00,0,00,100,00,0,00
1781041310,2,0,00,0,00,100,00,0,00
1781041310,3,0,00,0,00,100,00,0,00
1781041310,4,0,00,0,00,100,00,0,00
1781041310,5,0,00,0,00,100,00,0,00
1781041310,6,0,00,7,14,92,86,7,14
1781041310,7,0,00,3,45,96,55,3,45
1781041310,8,0,00,0,00,100,00,0,00
1781041310,9,100,00,0,00,0,00,100,00
1781041310,10,0,00,0,00,100,00,0,00
1781041310,11,0,00,0,00,100,00,0,00
1781041311,0,0,00,14,29,85,71,14,29
1781041311,1,0,00,3,45,96,55,3,45
1781041311,2,3,45,6,90,89,66,10,34
1781041311,3,0,00,0,00,100,00,0,00
1781041311,4,0,00,0,00,100,00,0,00
1781041311,5,0,00,3,33,96,67,3,33
1781041311,6,0,00,0,00,100,00,0,00
1781041311,7,0,00,0,00,100,00,0,00
1781041311,8,0,00,0,00,100,00,0,00
1781041311,9,100,00,0,00,0,00,100,00
1781041311,10,0,00,3,33,96,67,3,33
1781041311,11,0,00,3,33,96,67,3,33
1781041311,0,0,00,3,45,96,55,3,45
1781041311,1,0,00,0,00,100,00,0,00
1781041311,2,0,00,0,00,100,00,0,00
1781041311,3,0,00,0,00,100,00,0,00
1781041311,4,0,00,0,00,100,00,0,00
1781041311,5,0,00,0,00,100,00,0,00
1781041311,6,0,00,0,00,100,00,0,00
1781041311,7,0,00,0,00,100,00,0,00
1781041311,8,0,00,7,14,92,86,7,14
1781041311,9,100,00,0,00,0,00,100,00
1781041311,10,0,00,0,00,100,00,0,00
1781041311,11,0,00,0,00,100,00,0,00
1781041312,0,0,00,0,00,100,00,0,00
1781041312,1,3,45,0,00,96,55,3,45
1781041312,2,0,00,3,33,96,67,3,33
1781041312,3,0,00,0,00,100,00,0,00
1781041312,4,0,00,0,00,100,00,0,00
1781041312,5,3,45,0,00,96,55,3,45
1781041312,6,0,00,0,00,100,00,0,00
1781041312,7,0,00,0,00,100,00,0,00
1781041312,8,0,00,6,90,93,10,6,90
1781041312,9,100,00,0,00,0,00,100,00
1781041312,10,0,00,0,00,100,00,0,00
1781041312,11,0,00,0,00,100,00,0,00
1781041313,0,0,00,0,00,100,00,0,00
1781041313,1,0,00,0,00,100,00,0,00
1781041313,2,0,00,6,90,93,10,6,90
1781041313,3,0,00,0,00,100,00,0,00
1781041313,4,0,00,0,00,100,00,0,00
1781041313,5,0,00,0,00,100,00,0,00
1781041313,6,0,00,3,45,96,55,3,45
1781041313,7,0,00,0,00,100,00,0,00
1781041313,8,0,00,0,00,100,00,0,00
1781041313,9,100,00,0,00,0,00,100,00
1781041313,10,0,00,3,33,96,67,3,33
1781041313,11,0,00,0,00,100,00,0,00
1781041313,0,0,00,3,57,96,43,3,57
1781041313,1,0,00,0,00,100,00,0,00
1781041313,2,0,00,0,00,100,00,0,00
1781041313,3,0,00,0,00,100,00,0,00
1781041313,4,0,00,0,00,100,00,0,00
1781041313,5,0,00,0,00,100,00,0,00
1781041313,6,0,00,0,00,100,00,0,00
1781041313,7,0,00,3,33,96,67,3,33
1781041313,8,0,00,7,14,92,86,7,14
1781041313,9,100,00,0,00,0,00,100,00
1781041313,10,3,45,0,00,96,55,3,45
1781041313,11,0,00,0,00,100,00,0,00
1781041314,0,0,00,10,34,89,66,10,34
1781041314,1,0,00,0,00,100,00,0,00
1781041314,2,0,00,3,45,96,55,3,45
1781041314,3,0,00,0,00,100,00,0,00
1781041314,4,0,00,3,33,96,67,3,33
1781041314,5,0,00,0,00,100,00,0,00
1781041314,6,0,00,0,00,100,00,0,00
1781041314,7,0,00,6,90,93,10,6,90
1781041314,8,0,00,3,23,96,77,3,23
1781041314,9,100,00,0,00,0,00,100,00
1781041314,10,0,00,0,00,100,00,0,00
1781041314,11,3,33,0,00,96,67,3,33
1781041315,0,3,45,6,90,89,66,10,34
1781041315,1,0,00,0,00,100,00,0,00
1781041315,2,0,00,0,00,100,00,0,00
1781041315,3,0,00,0,00,100,00,0,00
1781041315,4,0,00,0,00,100,00,0,00
1781041315,5,0,00,3,45,96,55,3,45
1781041315,6,0,00,0,00,100,00,0,00
1781041315,7,0,00,0,00,100,00,0,00
1781041315,8,0,00,0,00,100,00,0,00
1781041315,9,100,00,0,00,0,00,100,00
1781041315,10,0,00,0,00,100,00,0,00
1781041315,11,0,00,0,00,100,00,0,00
1781041315,0,0,00,13,79,86,21,13,79
1781041315,1,3,57,7,14,89,29,10,71
1781041315,2,0,00,0,00,100,00,0,00
1781041315,3,0,00,0,00,100,00,0,00
1781041315,4,0,00,0,00,100,00,0,00
1781041315,5,0,00,0,00,100,00,0,00
1781041315,6,0,00,0,00,100,00,0,00
1781041315,7,0,00,0,00,100,00,0,00
1781041315,8,0,00,0,00,100,00,0,00
1781041315,9,100,00,0,00,0,00,100,00
1781041315,10,0,00,3,33,96,67,3,33
1781041315,11,0,00,3,33,96,67,3,33
1781041316,0,0,00,6,90,93,10,6,90
1781041316,1,0,00,0,00,100,00,0,00
1781041316,2,0,00,0,00,100,00,0,00
1781041316,3,3,33,0,00,96,67,3,33
1781041316,4,3,45,0,00,96,55,3,45
1781041316,5,0,00,0,00,100,00,0,00
1781041316,6,0,00,0,00,100,00,0,00
1781041316,7,0,00,3,57,96,43,3,57
1781041316,8,3,33,0,00,96,67,3,33
1781041316,9,100,00,0,00,0,00,100,00
1781041316,10,0,00,0,00,100,00,0,00
1781041316,11,0,00,0,00,100,00,0,00
1781041317,0,0,00,0,00,100,00,0,00
1781041317,1,0,00,0,00,100,00,0,00
1781041317,2,0,00,0,00,100,00,0,00
1781041317,3,0,00,0,00,100,00,0,00
1781041317,4,0,00,0,00,100,00,0,00
1781041317,5,0,00,0,00,100,00,0,00
1781041317,6,0,00,3,45,96,55,3,45
1781041317,7,0,00,3,45,96,55,3,45
1781041317,8,0,00,6,90,93,10,6,90
1781041317,9,100,00,0,00,0,00,100,00
1781041317,10,0,00,0,00,100,00,0,00
1781041317,11,0,00,0,00,100,00,0,00
1781041317,0,0,00,0,00,100,00,0,00
1781041317,1,0,00,6,90,93,10,6,90
1781041317,2,0,00,0,00,100,00,0,00
1781041317,3,0,00,0,00,100,00,0,00
1781041317,4,0,00,0,00,100,00,0,00
1781041317,5,3,33,3,33,93,33,6,67
1781041317,6,0,00,3,33,96,67,3,33
1781041317,7,0,00,0,00,100,00,0,00
1781041317,8,0,00,3,45,96,55,3,45
1781041317,9,100,00,0,00,0,00,100,00
1781041317,10,0,00,3,33,96,67,3,33
1781041317,11,0,00,0,00,100,00,0,00
1781041318,0,3,45,3,45,93,10,6,90
1781041318,1,0,00,0,00,100,00,0,00
1781041318,2,0,00,0,00,100,00,0,00
1781041318,3,0,00,0,00,100,00,0,00
1781041318,4,0,00,0,00,100,00,0,00
1781041318,5,0,00,0,00,100,00,0,00
1781041318,6,0,00,0,00,100,00,0,00
1781041318,7,0,00,0,00,100,00,0,00
1781041318,8,0,00,3,57,96,43,3,57
1781041318,9,100,00,0,00,0,00,100,00
1781041318,10,0,00,0,00,100,00,0,00
1781041318,11,0,00,0,00,100,00,0,00
1781041319,0,3,33,10,00,86,67,13,33
1781041319,1,3,33,10,00,86,67,13,33
1781041319,2,3,33,0,00,96,67,3,33
1781041319,3,0,00,0,00,100,00,0,00
1781041319,4,0,00,0,00,100,00,0,00
1781041319,5,0,00,0,00,100,00,0,00
1781041319,6,0,00,0,00,100,00,0,00
1781041319,7,0,00,3,23,96,77,3,23
1781041319,8,0,00,3,33,96,67,3,33
1781041319,9,100,00,0,00,0,00,100,00
1781041319,10,0,00,0,00,100,00,0,00
1781041319,11,0,00,0,00,100,00,0,00
1781041319,0,0,00,0,00,100,00,0,00
1781041319,1,0,00,0,00,100,00,0,00
1781041319,2,0,00,3,33,96,67,3,33
1781041319,3,0,00,0,00,100,00,0,00
1781041319,4,0,00,0,00,100,00,0,00
1781041319,5,0,00,0,00,100,00,0,00
1781041319,6,0,00,3,57,96,43,3,57
1781041319,7,0,00,0,00,100,00,0,00
1781041319,8,0,00,0,00,100,00,0,00
1781041319,9,100,00,0,00,0,00,100,00
1781041319,10,0,00,0,00,100,00,0,00
1781041319,11,0,00,0,00,100,00,0,00
1781041320,0,0,00,3,57,96,43,3,57
1781041320,1,0,00,0,00,100,00,0,00
1781041320,2,0,00,0,00,100,00,0,00
1781041320,3,0,00,0,00,100,00,0,00
1781041320,4,0,00,0,00,100,00,0,00
1781041320,5,0,00,0,00,100,00,0,00
1781041320,6,3,45,3,45,93,10,6,90
1781041320,7,0,00,0,00,100,00,0,00
1781041320,8,0,00,0,00,100,00,0,00
1781041320,9,100,00,0,00,0,00,100,00
1781041320,10,0,00,0,00,100,00,0,00
1781041320,11,0,00,0,00,100,00,0,00
1781041320,0,0,00,0,00,100,00,0,00
1781041320,1,0,00,7,14,92,86,7,14
1781041320,2,0,00,3,45,96,55,3,45
1781041320,3,0,00,0,00,100,00,0,00
1781041320,4,0,00,0,00,100,00,0,00
1781041320,5,0,00,0,00,100,00,0,00
1781041320,6,0,00,0,00,100,00,0,00
1781041320,7,0,00,0,00,100,00,0,00
1781041320,8,0,00,3,33,96,67,3,33
1781041320,9,100,00,0,00,0,00,100,00
1781041320,10,0,00,0,00,100,00,0,00
1781041320,11,0,00,0,00,100,00,0,00
1781041321,0,3,45,6,90,89,66,10,34
1781041321,1,0,00,3,45,96,55,3,45
1781041321,2,0,00,3,45,96,55,3,45
1781041321,3,0,00,0,00,100,00,0,00
1781041321,4,0,00,0,00,100,00,0,00
1781041321,5,0,00,0,00,100,00,0,00
1781041321,6,0,00,0,00,100,00,0,00
1781041321,7,0,00,0,00,100,00,0,00
1781041321,8,0,00,0,00,100,00,0,00
1781041321,9,100,00,0,00,0,00,100,00
1781041321,10,0,00,3,45,96,55,3,45
1781041321,11,0,00,3,33,96,67,3,33
1781041322,0,0,00,3,57,96,43,3,57
1781041322,1,0,00,0,00,100,00,0,00
1781041322,2,0,00,0,00,100,00,0,00
1781041322,3,0,00,0,00,100,00,0,00
1781041322,4,0,00,0,00,100,00,0,00
1781041322,5,0,00,0,00,100,00,0,00
1781041322,6,0,00,0,00,100,00,0,00
1781041322,7,0,00,0,00,100,00,0,00
1781041322,8,0,00,7,14,92,86,7,14
1781041322,9,100,00,0,00,0,00,100,00
1781041322,10,0,00,0,00,100,00,0,00
1781041322,11,0,00,0,00,100,00,0,00
1781041322,0,0,00,0,00,100,00,0,00
1781041322,1,0,00,3,45,96,55,3,45
1781041322,2,0,00,0,00,100,00,0,00
1781041322,3,0,00,0,00,100,00,0,00
1781041322,4,0,00,0,00,100,00,0,00
1781041322,5,0,00,3,45,96,55,3,45
1781041322,6,0,00,0,00,100,00,0,00
1781041322,7,0,00,0,00,100,00,0,00
1781041322,8,3,45,3,45,93,10,6,90
1781041322,9,100,00,0,00,0,00,100,00
1781041322,10,0,00,0,00,100,00,0,00
1781041322,11,0,00,0,00,100,00,0,00
1781041323,0,0,00,17,24,82,76,17,24
1781041323,1,3,33,3,33,93,33,6,67
1781041323,2,0,00,7,14,92,86,7,14
1781041323,3,0,00,0,00,100,00,0,00
1781041323,4,0,00,0,00,100,00,0,00
1781041323,5,0,00,0,00,100,00,0,00
1781041323,6,0,00,0,00,100,00,0,00
1781041323,7,0,00,0,00,100,00,0,00
1781041323,8,0,00,0,00,100,00,0,00
1781041323,9,100,00,0,00,0,00,100,00
1781041323,10,0,00,3,33,96,67,3,33
1781041323,11,0,00,0,00,100,00,0,00
1781041324,0,3,45,6,90,89,66,10,34
1781041324,1,0,00,3,45,96,55,3,45
1781041324,2,0,00,0,00,100,00,0,00
1781041324,3,0,00,0,00,100,00,0,00
1781041324,4,0,00,0,00,100,00,0,00
1781041324,5,0,00,0,00,100,00,0,00
1781041324,6,0,00,0,00,100,00,0,00
1781041324,7,0,00,0,00,100,00,0,00
1781041324,8,0,00,0,00,100,00,0,00
1781041324,9,100,00,0,00,0,00,100,00
1781041324,10,0,00,0,00,100,00,0,00
1781041324,11,0,00,0,00,100,00,0,00
1781041324,0,0,00,0,00,100,00,0,00
1781041324,1,0,00,3,45,96,55,3,45
1781041324,2,0,00,0,00,100,00,0,00
1781041324,3,0,00,0,00,100,00,0,00
1781041324,4,0,00,0,00,100,00,0,00
1781041324,5,0,00,0,00,100,00,0,00
1781041324,6,0,00,7,14,92,86,7,14
1781041324,7,0,00,0,00,100,00,0,00
1781041324,8,0,00,0,00,100,00,0,00
1781041324,9,100,00,0,00,0,00,100,00
1781041324,10,0,00,0,00,100,00,0,00
1781041324,11,0,00,0,00,100,00,0,00
1781041325,0,0,00,0,00,100,00,0,00
1781041325,1,0,00,6,90,93,10,6,90
1781041325,2,0,00,3,45,96,55,3,45
1781041325,3,0,00,0,00,100,00,0,00
1781041325,4,0,00,0,00,100,00,0,00
1781041325,5,0,00,3,33,96,67,3,33
1781041325,6,0,00,0,00,100,00,0,00
1781041325,7,0,00,0,00,100,00,0,00
1781041325,8,0,00,0,00,100,00,0,00
1781041325,9,100,00,0,00,0,00,100,00
1781041325,10,0,00,0,00,100,00,0,00
1781041325,11,0,00,0,00,100,00,0,00
1781041326,0,0,00,3,57,96,43,3,57
1781041326,1,0,00,0,00,100,00,0,00
1781041326,2,0,00,3,57,96,43,3,57
1781041326,3,96,43,0,00,3,57,96,43
1781041326,4,0,00,0,00,100,00,0,00
1781041326,5,0,00,0,00,100,00,0,00
1781041326,6,0,00,0,00,100,00,0,00
1781041326,7,0,00,0,00,100,00,0,00
1781041326,8,0,00,0,00,100,00,0,00
1781041326,9,3,45,0,00,96,55,3,45
1781041326,10,0,00,0,00,100,00,0,00
1781041326,11,0,00,0,00,100,00,0,00
1781041326,0,0,00,14,29,85,71,14,29
1781041326,1,0,00,3,33,96,67,3,33
1781041326,2,0,00,0,00,100,00,0,00
1781041326,3,100,00,0,00,0,00,100,00
1781041326,4,0,00,0,00,100,00,0,00
1781041326,5,0,00,0,00,100,00,0,00
1781041326,6,0,00,3,33,96,67,3,33
1781041326,7,3,33,6,67,90,00,10,00
1781041326,8,0,00,3,45,96,55,3,45
1781041326,9,0,00,0,00,100,00,0,00
1781041326,10,0,00,3,45,96,55,3,45
1781041326,11,0,00,0,00,100,00,0,00
1781041327,0,0,00,0,00,100,00,0,00
1781041327,1,0,00,0,00,100,00,0,00
1781041327,2,0,00,0,00,100,00,0,00
1781041327,3,100,00,0,00,0,00,100,00
1781041327,4,0,00,0,00,100,00,0,00
1781041327,5,0,00,0,00,100,00,0,00
1781041327,6,0,00,0,00,100,00,0,00
1781041327,7,0,00,7,14,92,86,7,14
1781041327,8,0,00,3,45,96,55,3,45
1781041327,9,0,00,0,00,100,00,0,00
1781041327,10,0,00,0,00,100,00,0,00
1781041327,11,0,00,0,00,100,00,0,00
1781041328,0,3,57,14,29,82,14,17,86
1781041328,1,0,00,10,00,90,00,10,00
1781041328,2,0,00,3,45,96,55,3,45
1781041328,3,100,00,0,00,0,00,100,00
1781041328,4,0,00,0,00,100,00,0,00
1781041328,5,0,00,3,33,96,67,3,33
1781041328,6,0,00,0,00,100,00,0,00
1781041328,7,0,00,0,00,100,00,0,00
1781041328,8,0,00,0,00,100,00,0,00
1781041328,9,0,00,0,00,100,00,0,00
1781041328,10,0,00,0,00,100,00,0,00
1781041328,11,0,00,0,00,100,00,0,00
1781041328,0,0,00,0,00,100,00,0,00
1781041328,1,3,45,6,90,89,66,10,34
1781041328,2,0,00,0,00,100,00,0,00
1781041328,3,100,00,0,00,0,00,100,00
1781041328,4,0,00,0,00,100,00,0,00
1781041328,5,3,45,0,00,96,55,3,45
1781041328,6,0,00,0,00,100,00,0,00
1781041328,7,0,00,3,45,96,55,3,45
1781041328,8,0,00,0,00,100,00,0,00
1781041328,9,0,00,0,00,100,00,0,00
1781041328,10,0,00,0,00,100,00,0,00
1781041328,11,0,00,0,00,100,00,0,00
1781041329,0,0,00,0,00,100,00,0,00
1781041329,1,0,00,0,00,100,00,0,00
1781041329,2,3,33,6,67,90,00,10,00
1781041329,3,100,00,0,00,0,00,100,00
1781041329,4,0,00,0,00,100,00,0,00
1781041329,5,0,00,0,00,100,00,0,00
1781041329,6,0,00,0,00,100,00,0,00
1781041329,7,0,00,3,33,96,67,3,33
1781041329,8,0,00,0,00,100,00,0,00
1781041329,9,0,00,0,00,100,00,0,00
1781041329,10,0,00,0,00,100,00,0,00
1781041329,11,0,00,0,00,100,00,0,00
1781041330,0,0,00,7,41,92,59,7,41
1781041330,1,0,00,0,00,100,00,0,00
1781041330,2,0,00,3,33,96,67,3,33
1781041330,3,100,00,0,00,0,00,100,00
1781041330,4,0,00,0,00,100,00,0,00
1781041330,5,0,00,3,45,96,55,3,45
1781041330,6,0,00,0,00,100,00,0,00
1781041330,7,0,00,0,00,100,00,0,00
1781041330,8,0,00,3,45,96,55,3,45
1781041330,9,0,00,0,00,100,00,0,00
1781041330,10,3,33,0,00,96,67,3,33
1781041330,11,0,00,0,00,100,00,0,00
1781041330,0,0,00,0,00,100,00,0,00
1781041330,1,0,00,0,00,100,00,0,00
1781041330,2,0,00,0,00,100,00,0,00
1781041330,3,100,00,0,00,0,00,100,00
1781041330,4,0,00,0,00,100,00,0,00
1781041330,5,0,00,0,00,100,00,0,00
1781041330,6,0,00,3,57,96,43,3,57
1781041330,7,0,00,0,00,100,00,0,00
1781041330,8,0,00,3,57,96,43,3,57
1781041330,9,0,00,0,00,100,00,0,00
1781041330,10,0,00,0,00,100,00,0,00
1781041330,11,0,00,0,00,100,00,0,00
1781041331,0,0,00,13,79,86,21,13,79
1781041331,1,3,33,0,00,96,67,3,33
1781041331,2,3,33,10,00,86,67,13,33
1781041331,3,100,00,0,00,0,00,100,00
1781041331,4,0,00,0,00,100,00,0,00
1781041331,5,0,00,0,00,100,00,0,00
1781041331,6,0,00,3,45,96,55,3,45
1781041331,7,0,00,0,00,100,00,0,00
1781041331,8,3,33,3,33,93,33,6,67
1781041331,9,0,00,0,00,100,00,0,00
1781041331,10,0,00,0,00,100,00,0,00
1781041331,11,0,00,0,00,100,00,0,00
1781041332,0,0,00,3,57,96,43,3,57
1781041332,1,0,00,0,00,96,67,3,33
1781041332,2,0,00,0,00,100,00,0,00
1781041332,3,100,00,0,00,0,00,100,00
1781041332,4,0,00,0,00,100,00,0,00
1781041332,5,0,00,3,45,96,55,3,45
1781041332,6,0,00,0,00,100,00,0,00
1781041332,7,0,00,0,00,100,00,0,00
1781041332,8,0,00,7,14,92,86,7,14
1781041332,9,0,00,0,00,100,00,0,00
1781041332,10,0,00,0,00,100,00,0,00
1781041332,11,0,00,0,00,100,00,0,00
1781041332,0,0,00,3,45,96,55,3,45
1781041332,1,0,00,3,33,96,67,3,33
1781041332,2,3,23,9,68,87,10,12,90
1781041332,3,100,00,0,00,0,00,100,00
1781041332,4,0,00,0,00,100,00,0,00
1781041332,5,0,00,0,00,100,00,0,00
1781041332,6,0,00,0,00,100,00,0,00
1781041332,7,0,00,0,00,100,00,0,00
1781041332,8,0,00,0,00,100,00,0,00
1781041332,9,0,00,0,00,100,00,0,00
1781041332,10,0,00,0,00,100,00,0,00
1781041332,11,0,00,0,00,100,00,0,00
1781041333,0,0,00,3,57,96,43,3,57
1781041333,1,0,00,0,00,100,00,0,00
1781041333,2,0,00,0,00,100,00,0,00
1781041333,3,100,00,0,00,0,00,100,00
1781041333,4,0,00,0,00,100,00,0,00
1781041333,5,0,00,0,00,100,00,0,00
1781041333,6,0,00,0,00,100,00,0,00
1781041333,7,0,00,0,00,100,00,0,00
1781041333,8,3,33,6,67,90,00,10,00
1781041333,9,0,00,0,00,100,00,0,00
1781041333,10,0,00,0,00,100,00,0,00
1781041333,11,0,00,0,00,100,00,0,00
1781041333,0,0,00,0,00,100,00,0,00
1781041333,1,0,00,3,45,96,55,3,45
1781041333,2,0,00,3,45,96,55,3,45
1781041333,3,3,45,0,00,96,55,3,45
1781041333,4,0,00,0,00,100,00,0,00
1781041333,5,0,00,0,00,100,00,0,00
1781041333,6,0,00,3,70,96,30,3,70
1781041333,7,0,00,0,00,100,00,0,00
1781041333,8,0,00,3,45,96,55,3,45
1781041333,9,96,43,0,00,3,57,96,43
1781041333,10,0,00,0,00,100,00,0,00
1781041333,11,0,00,0,00,100,00,0,00
1781041334,0,0,00,0,00,100,00,0,00
1781041334,1,0,00,3,45,96,55,3,45
1781041334,2,0,00,0,00,100,00,0,00
1781041334,3,0,00,0,00,100,00,0,00
1781041334,4,0,00,0,00,100,00,0,00
1781041334,5,0,00,0,00,100,00,0,00
1781041334,6,3,33,6,67,90,00,10,00
1781041334,7,0,00,0,00,100,00,0,00
1781041334,8,0,00,0,00,100,00,0,00
1781041334,9,100,00,0,00,0,00,100,00
1781041334,10,0,00,0,00,100,00,0,00
1781041334,11,0,00,0,00,100,00,0,00
1781041335,0,3,45,6,90,89,66,10,34
1781041335,1,0,00,3,45,96,55,3,45
1781041335,2,0,00,0,00,100,00,0,00
1781041335,3,0,00,0,00,100,00,0,00
1781041335,4,0,00,0,00,100,00,0,00
1781041335,5,0,00,0,00,100,00,0,00
1781041335,6,0,00,0,00,100,00,0,00
1781041335,7,0,00,0,00,100,00,0,00
1781041335,8,0,00,0,00,100,00,0,00
1781041335,9,100,00,0,00,0,00,100,00
1781041335,10,0,00,0,00,100,00,0,00
1781041335,11,0,00,0,00,100,00,0,00
1781041335,0,0,00,14,29,85,71,14,29
1781041335,1,3,23,6,45,90,32,9,68
1781041335,2,3,45,0,00,96,55,3,45
1781041335,3,0,00,0,00,100,00,0,00
1781041335,4,3,23,3,23,93,55,6,45
1781041335,5,0,00,0,00,100,00,0,00
1781041335,6,0,00,10,00,90,00,10,00
1781041335,7,0,00,3,23,96,77,3,23
1781041335,8,0,00,3,33,96,67,3,33
1781041335,9,100,00,0,00,0,00,100,00
1781041335,10,0,00,0,00,100,00,0,00
1781041335,11,0,00,0,00,100,00,0,00
1781041336,0,0,00,0,00,100,00,0,00
1781041336,1,0,00,0,00,100,00,0,00
1781041336,2,3,33,6,67,90,00,10,00
1781041336,3,0,00,0,00,100,00,0,00
1781041336,4,0,00,0,00,100,00,0,00
1781041336,5,0,00,0,00,100,00,0,00
1781041336,6,0,00,0,00,100,00,0,00
1781041336,7,0,00,3,45,96,55,3,45
1781041336,8,0,00,0,00,100,00,0,00
1781041336,9,100,00,0,00,0,00,100,00
1781041336,10,0,00,0,00,100,00,0,00
1781041336,11,0,00,0,00,100,00,0,00
1781041337,0,0,00,7,14,92,86,7,14
1781041337,1,0,00,0,00,100,00,0,00
1781041337,2,0,00,0,00,100,00,0,00
1781041337,3,0,00,0,00,100,00,0,00
1781041337,4,0,00,0,00,100,00,0,00
1781041337,5,0,00,0,00,100,00,0,00
1781041337,6,0,00,0,00,100,00,0,00
1781041337,7,0,00,0,00,100,00,0,00
1781041337,8,0,00,3,33,96,67,3,33
1781041337,9,100,00,0,00,0,00,100,00
1781041337,10,0,00,0,00,100,00,0,00
1781041337,11,0,00,0,00,100,00,0,00
1781041337,0,0,00,3,45,96,55,3,45
1781041337,1,0,00,0,00,100,00,0,00
1781041337,2,0,00,0,00,100,00,0,00
1781041337,3,0,00,0,00,100,00,0,00
1781041337,4,0,00,0,00,100,00,0,00
1781041337,5,0,00,3,45,96,55,3,45
1781041337,6,0,00,0,00,100,00,0,00
1781041337,7,0,00,0,00,100,00,0,00
1781041337,8,0,00,7,14,92,86,7,14
1781041337,9,100,00,0,00,0,00,100,00
1781041337,10,0,00,0,00,100,00,0,00
1781041337,11,0,00,0,00,100,00,0,00
1781041338,0,0,00,0,00,100,00,0,00
1781041338,1,0,00,0,00,100,00,0,00
1781041338,2,0,00,0,00,100,00,0,00
1781041338,3,100,00,0,00,0,00,100,00
1781041338,4,0,00,0,00,100,00,0,00
1781041338,5,0,00,0,00,100,00,0,00
1781041338,6,0,00,3,45,96,55,3,45
1781041338,7,0,00,0,00,100,00,0,00
1781041338,8,0,00,6,90,93,10,6,90
1781041338,9,0,00,0,00,100,00,0,00
1781041338,10,0,00,3,33,96,67,3,33
1781041338,11,0,00,0,00,100,00,0,00
1781041339,0,0,00,14,29,85,71,14,29
1781041339,1,0,00,0,00,100,00,0,00
1781041339,2,3,33,0,00,96,67,3,33
1781041339,3,100,00,0,00,0,00,100,00
1781041339,4,0,00,3,33,96,67,3,33
1781041339,5,0,00,0,00,100,00,0,00
1781041339,6,0,00,0,00,100,00,0,00
1781041339,7,0,00,3,45,96,55,3,45
1781041339,8,3,33,10,00,86,67,13,33
1781041339,9,0,00,0,00,100,00,0,00
1781041339,10,0,00,0,00,100,00,0,00
1781041339,11,0,00,0,00,100,00,0,00
1781041339,0,0,00,3,45,96,55,3,45
1781041339,1,0,00,0,00,100,00,0,00
1781041339,2,0,00,0,00,100,00,0,00
1781041339,3,100,00,0,00,0,00,100,00
1781041339,4,0,00,0,00,100,00,0,00
1781041339,5,0,00,0,00,100,00,0,00
1781041339,6,0,00,0,00,100,00,0,00
1781041339,7,0,00,7,14,92,86,7,14
1781041339,8,0,00,3,45,96,55,3,45
1781041339,9,0,00,0,00,100,00,0,00
1781041339,10,0,00,0,00,100,00,0,00
1781041339,11,0,00,0,00,100,00,0,00
1781041340,0,3,45,13,79,82,76,17,24
1781041340,1,0,00,6,90,93,10,6,90
1781041340,2,3,23,3,23,93,55,6,45
1781041340,3,100,00,0,00,0,00,100,00
1781041340,4,0,00,0,00,100,00,0,00
1781041340,5,0,00,3,33,96,67,3,33
1781041340,6,0,00,0,00,100,00,0,00
1781041340,7,0,00,0,00,100,00,0,00
1781041340,8,0,00,0,00,100,00,0,00
1781041340,9,0,00,0,00,100,00,0,00
1781041340,10,0,00,0,00,100,00,0,00
1781041340,11,0,00,0,00,100,00,0,00
1781041341,0,0,00,0,00,100,00,0,00
1781041341,1,0,00,3,33,96,67,3,33
1781041341,2,0,00,0,00,100,00,0,00
1781041341,3,100,00,0,00,0,00,100,00
1781041341,4,0,00,0,00,100,00,0,00
1781041341,5,0,00,0,00,100,00,0,00
1781041341,6,0,00,3,45,96,55,3,45
1781041341,7,0,00,0,00,100,00,0,00
1781041341,8,0,00,7,14,92,86,7,14
1781041341,9,0,00,0,00,100,00,0,00
1781041341,10,0,00,0,00,100,00,0,00
1781041341,11,0,00,0,00,100,00,0,00
1781041341,0,0,00,0,00,100,00,0,00
1781041341,1,3,45,0,00,96,55,3,45
1781041341,2,0,00,0,00,100,00,0,00
1781041341,3,100,00,0,00,0,00,100,00
1781041341,4,0,00,0,00,100,00,0,00
1781041341,5,3,45,0,00,96,55,3,45
1781041341,6,0,00,6,90,93,10,6,90
1781041341,7,0,00,0,00,100,00,0,00
1781041341,8,0,00,0,00,100,00,0,00
1781041341,9,0,00,0,00,100,00,0,00
1781041341,10,0,00,0,00,100,00,0,00
1781041341,11,3,33,0,00,96,67,3,33
1781041342,0,0,00,3,45,96,55,3,45
1781041342,1,0,00,0,00,100,00,0,00
1781041342,2,0,00,0,00,100,00,0,00
1781041342,3,100,00,0,00,0,00,100,00
1781041342,4,0,00,0,00,100,00,0,00
1781041342,5,0,00,3,45,96,55,3,45
1781041342,6,0,00,0,00,100,00,0,00
1781041342,7,0,00,6,90,93,10,6,90
1781041342,8,0,00,0,00,100,00,0,00
1781041342,9,0,00,0,00,100,00,0,00
1781041342,10,0,00,0,00,100,00,0,00
1781041342,11,0,00,0,00,100,00,0,00
1781041343,0,0,00,3,57,96,43,3,57
1781041343,1,3,45,3,45,93,10,6,90
1781041343,2,0,00,0,00,100,00,0,00
1781041343,3,100,00,0,00,0,00,100,00
1781041343,4,0,00,0,00,100,00,0,00
1781041343,5,0,00,0,00,100,00,0,00
1781041343,6,0,00,0,00,100,00,0,00
1781041343,7,0,00,0,00,100,00,0,00
1781041343,8,0,00,0,00,100,00,0,00
1781041343,9,0,00,0,00,100,00,0,00
1781041343,10,0,00,0,00,100,00,0,00
1781041343,11,0,00,0,00,100,00,0,00
1781041343,0,0,00,14,29,85,71,14,29
1781041343,1,3,33,3,33,93,33,6,67
1781041343,2,0,00,3,33,96,67,3,33
1781041343,3,23,33,0,00,76,67,23,33
1781041343,4,0,00,0,00,100,00,0,00
1781041343,5,0,00,0,00,100,00,0,00
1781041343,6,0,00,0,00,100,00,0,00
1781041343,7,0,00,0,00,100,00,0,00
1781041343,8,0,00,10,00,90,00,10,00
1781041343,9,76,67,0,00,23,33,76,67
1781041343,10,0,00,3,33,96,67,3,33
1781041343,11,0,00,0,00,100,00,0,00
1781041344,0,0,00,0,00,100,00,0,00
1781041344,1,0,00,0,00,100,00,0,00
1781041344,2,0,00,0,00,100,00,0,00
1781041344,3,0,00,0,00,100,00,0,00
1781041344,4,0,00,0,00,100,00,0,00
1781041344,5,0,00,3,45,96,55,3,45
1781041344,6,0,00,0,00,100,00,0,00
1781041344,7,0,00,3,70,96,30,3,70
1781041344,8,3,33,3,33,93,33,6,67
1781041344,9,100,00,0,00,0,00,100,00
1781041344,10,0,00,0,00,100,00,0,00
1781041344,11,0,00,0,00,100,00,0,00
1781041345,0,0,00,3,45,96,55,3,45
1781041345,1,0,00,0,00,100,00,0,00
1781041345,2,0,00,6,90,93,10,6,90
1781041345,3,0,00,0,00,100,00,0,00
1781041345,4,0,00,0,00,100,00,0,00
1781041345,5,0,00,0,00,100,00,0,00
1781041345,6,0,00,0,00,100,00,0,00
1781041345,7,0,00,3,33,96,67,3,33
1781041345,8,0,00,3,33,96,67,3,33
1781041345,9,100,00,0,00,0,00,100,00
1781041345,10,0,00,0,00,100,00,0,00
1781041345,11,0,00,0,00,100,00,0,00
1781041345,0,0,00,0,00,100,00,0,00
1781041345,1,0,00,0,00,100,00,0,00
1781041345,2,0,00,3,45,96,55,3,45
1781041345,3,0,00,0,00,100,00,0,00
1781041345,4,0,00,0,00,100,00,0,00
1781041345,5,0,00,0,00,100,00,0,00
1781041345,6,0,00,0,00,100,00,0,00
1781041345,7,0,00,6,90,93,10,6,90
1781041345,8,0,00,0,00,100,00,0,00
1781041345,9,100,00,0,00,0,00,100,00
1781041345,10,0,00,0,00,100,00,0,00
1781041345,11,0,00,0,00,100,00,0,00
1781041346,0,0,00,0,00,100,00,0,00
1781041346,1,0,00,3,57,96,43,3,57
1781041346,2,0,00,3,33,96,67,3,33
1781041346,3,100,00,0,00,0,00,100,00
1781041346,4,0,00,0,00,100,00,0,00
1781041346,5,0,00,0,00,100,00,0,00
1781041346,6,0,00,0,00,100,00,0,00
1781041346,7,0,00,0,00,100,00,0,00
1781041346,8,0,00,3,33,96,67,3,33
1781041346,9,0,00,0,00,100,00,0,00
1781041346,10,3,23,3,23,93,55,6,45
1781041346,11,0,00,0,00,100,00,0,00
1781041346,0,3,45,0,00,96,55,3,45
1781041346,1,0,00,6,90,93,10,6,90
1781041346,2,0,00,3,45,96,55,3,45
1781041346,3,100,00,0,00,0,00,100,00
1781041346,4,0,00,0,00,100,00,0,00
1781041346,5,0,00,3,33,96,67,3,33
1781041346,6,0,00,0,00,100,00,0,00
1781041346,7,0,00,0,00,100,00,0,00
1781041346,8,0,00,0,00,100,00,0,00
1781041346,9,0,00,0,00,100,00,0,00
1781041346,10,0,00,0,00,100,00,0,00
1781041346,11,0,00,0,00,100,00,0,00
1781041347,0,0,00,3,45,96,55,3,45
1781041347,1,0,00,3,45,96,55,3,45
1781041347,2,0,00,7,14,92,86,7,14
1781041347,3,100,00,0,00,0,00,100,00
1781041347,4,0,00,0,00,100,00,0,00
1781041347,5,0,00,0,00,100,00,0,00
1781041347,6,0,00,0,00,100,00,0,00
1781041347,7,0,00,0,00,100,00,0,00
1781041347,8,0,00,0,00,100,00,0,00
1781041347,9,0,00,0,00,100,00,0,00
1781041347,10,0,00,0,00,100,00,0,00
1781041347,11,0,00,0,00,100,00,0,00
1781041348,0,0,00,3,57,96,43,3,57
1781041348,1,3,45,3,45,93,10,6,90
1781041348,2,0,00,0,00,100,00,0,00
1781041348,3,32,14,0,00,67,86,32,14
1781041348,4,0,00,0,00,100,00,0,00
1781041348,5,0,00,0,00,100,00,0,00
1781041348,6,0,00,0,00,100,00,0,00
1781041348,7,0,00,0,00,100,00,0,00
1781041348,8,0,00,17,24,82,76,17,24
1781041348,9,67,86,0,00,32,14,67,86
1781041348,10,0,00,3,45,96,55,3,45
1781041348,11,0,00,3,45,96,55,3,45
1781041348,0,0,00,0,00,100,00,0,00
1781041348,1,0,00,3,33,96,67,3,33
1781041348,2,0,00,3,57,96,43,3,57
1781041348,3,100,00,0,00,0,00,100,00
1781041348,4,0,00,0,00,100,00,0,00
1781041348,5,0,00,0,00,100,00,0,00
1781041348,6,0,00,0,00,100,00,0,00
1781041348,7,0,00,0,00,100,00,0,00
1781041348,8,0,00,0,00,100,00,0,00
1781041348,9,0,00,0,00,100,00,0,00
1781041348,10,0,00,0,00,100,00,0,00
1781041348,11,0,00,0,00,100,00,0,00
1781041349,0,0,00,3,33,96,67,3,33
1781041349,1,0,00,0,00,100,00,0,00
1781041349,2,74,19,3,23,22,58,77,42
1781041349,3,100,00,0,00,0,00,100,00
1781041349,4,0,00,0,00,100,00,0,00
1781041349,5,0,00,0,00,100,00,0,00
1781041349,6,3,23,0,00,96,77,3,23
1781041349,7,3,23,12,90,83,87,16,13
1781041349,8,0,00,3,23,96,77,3,23
1781041349,9,0,00,0,00,100,00,0,00
1781041349,10,0,00,3,23,96,77,3,23
1781041349,11,0,00,0,00,100,00,0,00
1781041350,0,0,00,0,00,100,00,0,00
1781041350,1,3,33,10,00,86,67,13,33
1781041350,2,71,43,3,57,25,00,75,00
1781041350,3,0,00,0,00,100,00,0,00
1781041350,4,3,33,3,33,93,33,6,67
1781041350,5,0,00,0,00,100,00,0,00
1781041350,6,0,00,3,57,96,43,3,57
1781041350,7,3,45,0,00,96,55,3,45
1781041350,8,6,45,3,23,90,32,9,68
1781041350,9,100,00,0,00,0,00,100,00
1781041350,10,0,00,3,45,96,55,3,45
1781041350,11,0,00,0,00,100,00,0,00
1781041350,0,0,00,10,71,89,29,10,71
1781041350,1,0,00,0,00,100,00,0,00
1781041350,2,34,48,3,45,62,07,37,93
1781041350,3,89,66,0,00,10,34,89,66
1781041350,4,0,00,3,45,96,55,3,45
1781041350,5,3,33,0,00,96,67,3,33
1781041350,6,0,00,0,00,100,00,0,00
1781041350,7,3,33,3,33,93,33,6,67
1781041350,8,3,33,0,00,96,67,3,33
1781041350,9,10,34,0,00,89,66,10,34
1781041350,10,0,00,3,45,96,55,3,45
1781041350,11,0,00,0,00,100,00,0,00
1781041351,0,0,00,0,00,100,00,0,00
1781041351,1,3,33,13,33,83,33,16,67
1781041351,2,0,00,6,90,93,10,6,90
1781041351,3,100,00,0,00,0,00,100,00
1781041351,4,0,00,3,45,96,55,3,45
1781041351,5,0,00,3,45,96,55,3,45
1781041351,6,0,00,3,45,96,55,3,45
1781041351,7,0,00,0,00,100,00,0,00
1781041351,8,0,00,0,00,100,00,0,00
1781041351,9,0,00,0,00,100,00,0,00
1781041351,10,0,00,0,00,100,00,0,00
1781041351,11,0,00,0,00,100,00,0,00
1781041352,0,0,00,6,90,93,10,6,90
1781041352,1,0,00,0,00,100,00,0,00
1781041352,2,0,00,0,00,100,00,0,00
1781041352,3,100,00,0,00,0,00,100,00
1781041352,4,0,00,0,00,100,00,0,00
1781041352,5,0,00,0,00,100,00,0,00
1781041352,6,0,00,0,00,100,00,0,00
1781041352,7,0,00,3,45,96,55,3,45
1781041352,8,0,00,0,00,100,00,0,00
1781041352,9,0,00,0,00,100,00,0,00
1781041352,10,0,00,0,00,100,00,0,00
1781041352,11,0,00,0,00,100,00,0,00
1781041352,0,3,45,6,90,89,66,10,34
1781041352,1,0,00,10,71,89,29,10,71
1781041352,2,0,00,0,00,100,00,0,00
1781041352,3,100,00,0,00,0,00,100,00
1781041352,4,0,00,0,00,100,00,0,00
1781041352,5,0,00,0,00,100,00,0,00
1781041352,6,0,00,0,00,100,00,0,00
1781041352,7,0,00,0,00,100,00,0,00
1781041352,8,0,00,0,00,100,00,0,00
1781041352,9,0,00,0,00,100,00,0,00
1781041352,10,0,00,0,00,100,00,0,00
1781041352,11,3,45,0,00,96,55,3,45
1781041353,0,3,45,0,00,96,55,3,45
1781041353,1,3,33,6,67,90,00,10,00
1781041353,2,3,33,3,33,93,33,6,67
1781041353,3,0,00,0,00,100,00,0,00
1781041353,4,0,00,3,45,96,55,3,45
1781041353,5,0,00,0,00,100,00,0,00
1781041353,6,0,00,0,00,100,00,0,00
1781041353,7,0,00,0,00,100,00,0,00
1781041353,8,0,00,0,00,100,00,0,00
1781041353,9,100,00,0,00,0,00,100,00
1781041353,10,0,00,3,45,96,55,3,45
1781041353,11,0,00,0,00,100,00,0,00
1781041354,0,0,00,7,14,92,86,7,14
1781041354,1,0,00,3,57,96,43,3,57
1781041354,2,0,00,0,00,100,00,0,00
1781041354,3,0,00,0,00,100,00,0,00
1781041354,4,0,00,0,00,100,00,0,00
1781041354,5,0,00,0,00,100,00,0,00
1781041354,6,0,00,0,00,100,00,0,00
1781041354,7,0,00,0,00,100,00,0,00
1781041354,8,0,00,0,00,100,00,0,00
1781041354,9,100,00,0,00,0,00,100,00
1781041354,10,0,00,0,00,100,00,0,00
1781041354,11,0,00,0,00,100,00,0,00
1781041354,0,0,00,3,57,96,43,3,57
1781041354,1,0,00,0,00,100,00,0,00
1781041354,2,0,00,0,00,100,00,0,00
1781041354,3,0,00,0,00,100,00,0,00
1781041354,4,0,00,0,00,100,00,0,00
1781041354,5,0,00,0,00,100,00,0,00
1781041354,6,0,00,0,00,100,00,0,00
1781041354,7,0,00,0,00,100,00,0,00
1781041354,8,3,33,6,67,90,00,10,00
1781041354,9,100,00,0,00,0,00,100,00
1781041354,10,0,00,0,00,100,00,0,00
1781041354,11,0,00,0,00,100,00,0,00
1781041355,0,0,00,3,45,96,55,3,45
1781041355,1,0,00,0,00,100,00,0,00
1781041355,2,0,00,0,00,100,00,0,00
1781041355,3,0,00,0,00,100,00,0,00
1781041355,4,0,00,0,00,100,00,0,00
1781041355,5,0,00,0,00,100,00,0,00
1781041355,6,0,00,3,45,96,55,3,45
1781041355,7,0,00,6,90,93,10,6,90
1781041355,8,0,00,0,00,100,00,0,00
1781041355,9,100,00,0,00,0,00,100,00
1781041355,10,0,00,0,00,100,00,0,00
1781041355,11,0,00,3,45,96,55,3,45
1781041356,0,0,00,3,57,96,43,3,57
1781041356,1,0,00,13,79,86,21,13,79
1781041356,2,0,00,0,00,100,00,0,00
1781041356,3,0,00,0,00,100,00,0,00
1781041356,4,0,00,0,00,100,00,0,00
1781041356,5,3,45,0,00,96,55,3,45
1781041356,6,0,00,0,00,100,00,0,00
1781041356,7,3,33,6,67,90,00,10,00
1781041356,8,0,00,3,45,96,55,3,45
1781041356,9,100,00,0,00,0,00,100,00
1781041356,10,0,00,0,00,100,00,0,00
1781041356,11,0,00,0,00,100,00,0,00
1781041356,0,0,00,3,45,96,55,3,45
1781041356,1,0,00,0,00,100,00,0,00
1781041356,2,0,00,3,45,96,55,3,45
1781041356,3,100,00,0,00,0,00,100,00
1781041356,4,0,00,0,00,100,00,0,00
1781041356,5,0,00,0,00,100,00,0,00
1781041356,6,0,00,3,33,96,67,3,33
1781041356,7,0,00,7,14,92,86,7,14
1781041356,8,0,00,0,00,100,00,0,00
1781041356,9,0,00,0,00,100,00,0,00
1781041356,10,0,00,0,00,100,00,0,00
1781041356,11,0,00,0,00,100,00,0,00
1781041357,0,0,00,0,00,100,00,0,00
1781041357,1,0,00,0,00,100,00,0,00
1781041357,2,0,00,6,67,93,33,6,67
1781041357,3,100,00,0,00,0,00,100,00
1781041357,4,0,00,0,00,100,00,0,00
1781041357,5,0,00,0,00,100,00,0,00
1781041357,6,0,00,0,00,100,00,0,00
1781041357,7,3,33,6,67,90,00,10,00
1781041357,8,0,00,0,00,100,00,0,00
1781041357,9,0,00,0,00,100,00,0,00
1781041357,10,0,00,3,33,96,67,3,33
1781041357,11,0,00,0,00,100,00,0,00
1781041357,0,3,45,0,00,96,55,3,45
1781041357,1,0,00,0,00,100,00,0,00
1781041357,2,0,00,0,00,100,00,0,00
1781041357,3,100,00,0,00,0,00,100,00
1781041357,4,0,00,0,00,100,00,0,00
1781041357,5,0,00,0,00,100,00,0,00
1781041357,6,0,00,0,00,100,00,0,00
1781041357,7,0,00,6,90,93,10,6,90
1781041357,8,0,00,3,33,96,67,3,33
1781041357,9,0,00,0,00,100,00,0,00
1781041357,10,0,00,3,33,96,67,3,33
1781041357,11,0,00,3,45,96,55,3,45
1781041358,0,0,00,0,00,96,55,3,45
1781041358,1,0,00,3,45,96,55,3,45
1781041358,2,0,00,0,00,100,00,0,00
1781041358,3,100,00,0,00,0,00,100,00
1781041358,4,0,00,0,00,100,00,0,00
1781041358,5,0,00,0,00,100,00,0,00
1781041358,6,0,00,0,00,100,00,0,00
1781041358,7,3,33,6,67,90,00,10,00
1781041358,8,0,00,0,00,100,00,0,00
1781041358,9,0,00,0,00,100,00,0,00
1781041358,10,0,00,0,00,100,00,0,00
1781041358,11,0,00,0,00,100,00,0,00
1781041359,0,0,00,7,14,92,86,7,14
1781041359,1,0,00,6,90,93,10,6,90
1781041359,2,0,00,0,00,100,00,0,00
1781041359,3,0,00,0,00,100,00,0,00
1781041359,4,0,00,0,00,100,00,0,00
1781041359,5,3,33,3,33,93,33,6,67
1781041359,6,0,00,0,00,100,00,0,00
1781041359,7,0,00,0,00,100,00,0,00
1781041359,8,0,00,0,00,100,00,0,00
1781041359,9,100,00,0,00,0,00,100,00
1781041359,10,0,00,3,33,96,67,3,33
1781041359,11,0,00,0,00,100,00,0,00
1781041359,0,0,00,0,00,100,00,0,00
1781041359,1,0,00,0,00,100,00,0,00
1781041359,2,0,00,3,45,96,55,3,45
1781041359,3,0,00,0,00,100,00,0,00
1781041359,4,0,00,0,00,100,00,0,00
1781041359,5,0,00,0,00,100,00,0,00
1781041359,6,3,33,6,67,90,00,10,00
1781041359,7,0,00,0,00,100,00,0,00
1781041359,8,0,00,0,00,100,00,0,00
1781041359,9,100,00,0,00,0,00,100,00
1781041359,10,0,00,0,00,100,00,0,00
1781041359,11,0,00,0,00,100,00,0,00
1781041360,0,0,00,0,00,100,00,0,00
1781041360,1,0,00,13,33,86,67,13,33
1781041360,2,3,33,0,00,96,67,3,33
1781041360,3,0,00,0,00,100,00,0,00
1781041360,4,3,33,0,00,96,67,3,33
1781041360,5,0,00,0,00,100,00,0,00
1781041360,6,0,00,0,00,100,00,0,00
1781041360,7,0,00,3,33,96,67,3,33
1781041360,8,0,00,7,14,92,86,7,14
1781041360,9,100,00,0,00,0,00,100,00
1781041360,10,0,00,0,00,100,00,0,00
1781041360,11,0,00,0,00,100,00,0,00
1781041361,0,0,00,0,00,100,00,0,00
1781041361,1,3,33,3,33,93,33,6,67
1781041361,2,73,33,6,67,20,00,80,00
1781041361,3,0,00,0,00,100,00,0,00
1781041361,4,0,00,0,00,100,00,0,00
1781041361,5,0,00,0,00,100,00,0,00
1781041361,6,0,00,0,00,100,00,0,00
1781041361,7,3,33,10,00,86,67,13,33
1781041361,8,0,00,0,00,100,00,0,00
1781041361,9,100,00,0,00,0,00,100,00
1781041361,10,0,00,0,00,100,00,0,00
1781041361,11,3,45,3,45,93,10,6,90
1781041361,0,0,00,0,00,100,00,0,00
1781041361,1,0,00,7,14,92,86,7,14
1781041361,2,3,57,3,57,92,86,7,14
1781041361,3,0,00,0,00,100,00,0,00
1781041361,4,0,00,0,00,100,00,0,00
1781041361,5,0,00,0,00,100,00,0,00
1781041361,6,0,00,3,70,96,30,3,70
1781041361,7,0,00,0,00,100,00,0,00
1781041361,8,0,00,0,00,100,00,0,00
1781041361,9,100,00,0,00,0,00,100,00
1781041361,10,0,00,3,45,96,55,3,45
1781041361,11,0,00,0,00,100,00,0,00
1781041362,0,0,00,0,00,100,00,0,00
1781041362,1,0,00,0,00,100,00,0,00
1781041362,2,0,00,3,45,96,55,3,45
1781041362,3,0,00,0,00,100,00,0,00
1781041362,4,0,00,0,00,100,00,0,00
1781041362,5,0,00,0,00,100,00,0,00
1781041362,6,0,00,0,00,100,00,0,00
1781041362,7,0,00,3,57,96,43,3,57
1781041362,8,0,00,7,14,92,86,7,14
1781041362,9,100,00,0,00,0,00,100,00
1781041362,10,0,00,0,00,100,00,0,00
1781041362,11,0,00,0,00,100,00,0,00
1781041363,0,0,00,0,00,100,00,0,00
1781041363,1,0,00,0,00,100,00,0,00
1781041363,2,0,00,0,00,100,00,0,00
1781041363,3,0,00,0,00,100,00,0,00
1781041363,4,0,00,0,00,100,00,0,00
1781041363,5,0,00,3,45,96,55,3,45
1781041363,6,0,00,0,00,100,00,0,00
1781041363,7,0,00,0,00,100,00,0,00
1781041363,8,0,00,6,90,93,10,6,90
1781041363,9,100,00,0,00,0,00,100,00
1781041363,10,0,00,0,00,100,00,0,00
1781041363,11,0,00,0,00,100,00,0,00
1781041363,0,3,45,6,90,89,66,10,34
1781041363,1,0,00,13,79,86,21,13,79
1781041363,2,3,33,3,33,93,33,6,67
1781041363,3,83,33,0,00,16,67,83,33
1781041363,4,0,00,0,00,100,00,0,00
1781041363,5,0,00,0,00,100,00,0,00
1781041363,6,0,00,0,00,100,00,0,00
1781041363,7,3,45,0,00,96,55,3,45
1781041363,8,0,00,0,00,100,00,0,00
1781041363,9,13,79,0,00,86,21,13,79
1781041363,10,0,00,3,33,96,67,3,33
1781041363,11,0,00,0,00,100,00,0,00
1781041364,0,0,00,0,00,100,00,0,00
1781041364,1,0,00,0,00,100,00,0,00
1781041364,2,0,00,0,00,100,00,0,00
1781041364,3,100,00,0,00,0,00,100,00
1781041364,4,0,00,0,00,100,00,0,00
1781041364,5,0,00,0,00,100,00,0,00
1781041364,6,0,00,7,14,92,86,7,14
1781041364,7,0,00,3,45,96,55,3,45
1781041364,8,0,00,0,00,100,00,0,00
1781041364,9,0,00,0,00,100,00,0,00
1781041364,10,0,00,0,00,100,00,0,00
1781041364,11,0,00,0,00,100,00,0,00
1781041365,0,0,00,0,00,100,00,0,00
1781041365,1,3,33,6,67,90,00,10,00
1781041365,2,0,00,0,00,100,00,0,00
1781041365,3,100,00,0,00,0,00,100,00
1781041365,4,3,45,0,00,96,55,3,45
1781041365,5,0,00,0,00,100,00,0,00
1781041365,6,0,00,0,00,100,00,0,00
1781041365,7,0,00,0,00,100,00,0,00
1781041365,8,0,00,3,45,96,55,3,45
1781041365,9,0,00,0,00,100,00,0,00
1781041365,10,0,00,0,00,100,00,0,00
1781041365,11,0,00,0,00,100,00,0,00
1781041365,0,0,00,24,14,75,86,24,14
1781041365,1,0,00,0,00,100,00,0,00
1781041365,2,0,00,3,57,96,43,3,57
1781041365,3,57,14,21,43,21,43,78,57
1781041365,4,0,00,0,00,100,00,0,00
1781041365,5,3,33,0,00,96,67,3,33
1781041365,6,0,00,6,90,93,10,6,90
1781041365,7,3,33,3,33,93,33,6,67
1781041365,8,0,00,0,00,100,00,0,00
1781041365,9,0,00,0,00,100,00,0,00
1781041365,10,0,00,0,00,100,00,0,00
1781041365,11,3,33,0,00,96,67,3,33
