timestamp,core,usr,sys,idle,used
1781040911,0,0,00,0,00,100,00,0,00
1781040911,1,0,00,0,00,100,00,0,00
1781040911,2,0,00,0,00,100,00,0,00
1781040911,3,3,33,10,00,86,67,13,33
1781040911,4,0,00,0,00,100,00,0,00
1781040911,5,0,00,0,00,100,00,0,00
1781040911,6,13,33,86,67,0,00,100,00
1781040911,7,0,00,3,23,96,77,3,23
1781040911,8,0,00,0,00,100,00,0,00
1781040911,9,0,00,0,00,100,00,0,00
1781040911,10,0,00,0,00,100,00,0,00
1781040911,11,0,00,0,00,100,00,0,00
1781040911,0,0,00,0,00,100,00,0,00
1781040911,1,0,00,3,45,96,55,3,45
1781040911,2,3,33,0,00,93,33,6,67
1781040911,3,0,00,6,90,93,10,6,90
1781040911,4,0,00,0,00,100,00,0,00
1781040911,5,0,00,3,45,96,55,3,45
1781040911,6,10,34,89,66,0,00,100,00
1781040911,7,0,00,0,00,100,00,0,00
1781040911,8,0,00,0,00,96,55,3,45
1781040911,9,0,00,0,00,100,00,0,00
1781040911,10,0,00,3,45,96,55,3,45
1781040911,11,0,00,0,00,100,00,0,00
1781040912,0,0,00,0,00,100,00,0,00
1781040912,1,0,00,0,00,100,00,0,00
1781040912,2,0,00,0,00,100,00,0,00
1781040912,3,0,00,0,00,100,00,0,00
1781040912,4,3,33,3,33,93,33,6,67
1781040912,5,0,00,0,00,100,00,0,00
1781040912,6,100,00,0,00,0,00,100,00
1781040912,7,0,00,0,00,100,00,0,00
1781040912,8,0,00,0,00,100,00,0,00
1781040912,9,0,00,6,90,93,10,6,90
1781040912,10,0,00,0,00,100,00,0,00
1781040912,11,0,00,0,00,100,00,0,00
1781040913,0,100,00,0,00,0,00,100,00
1781040913,1,0,00,0,00,100,00,0,00
1781040913,2,0,00,0,00,100,00,0,00
1781040913,3,0,00,0,00,100,00,0,00
1781040913,4,0,00,10,34,89,66,10,34
1781040913,5,0,00,3,33,96,67,3,33
1781040913,6,0,00,0,00,100,00,0,00
1781040913,7,0,00,0,00,100,00,0,00
1781040913,8,0,00,0,00,100,00,0,00
1781040913,9,0,00,0,00,100,00,0,00
1781040913,10,0,00,0,00,100,00,0,00
1781040913,11,0,00,0,00,100,00,0,00
1781040913,0,0,00,0,00,100,00,0,00
1781040913,1,0,00,0,00,100,00,0,00
1781040913,2,0,00,0,00,100,00,0,00
1781040913,3,3,45,3,45,93,10,6,90
1781040913,4,0,00,0,00,100,00,0,00
1781040913,5,0,00,3,45,96,55,3,45
1781040913,6,100,00,0,00,0,00,100,00
1781040913,7,0,00,0,00,100,00,0,00
1781040913,8,0,00,0,00,100,00,0,00
1781040913,9,0,00,0,00,100,00,0,00
1781040913,10,0,00,3,45,96,55,3,45
1781040913,11,0,00,0,00,100,00,0,00
1781040914,0,100,00,0,00,0,00,100,00
1781040914,1,0,00,0,00,100,00,0,00
1781040914,2,0,00,0,00,100,00,0,00
1781040914,3,0,00,0,00,100,00,0,00
1781040914,4,0,00,0,00,100,00,0,00
1781040914,5,0,00,0,00,100,00,0,00
1781040914,6,0,00,0,00,100,00,0,00
1781040914,7,0,00,0,00,100,00,0,00
1781040914,8,0,00,0,00,100,00,0,00
1781040914,9,3,33,23,33,73,33,26,67
1781040914,10,0,00,3,45,96,55,3,45
1781040914,11,0,00,0,00,100,00,0,00
1781040915,0,100,00,0,00,0,00,100,00
1781040915,1,0,00,0,00,100,00,0,00
1781040915,2,0,00,0,00,100,00,0,00
1781040915,3,0,00,3,33,96,67,3,33
1781040915,4,0,00,0,00,100,00,0,00
1781040915,5,0,00,0,00,100,00,0,00
1781040915,6,0,00,0,00,100,00,0,00
1781040915,7,0,00,3,33,96,67,3,33
1781040915,8,0,00,0,00,100,00,0,00
1781040915,9,3,33,6,67,90,00,10,00
1781040915,10,0,00,3,45,96,55,3,45
1781040915,11,0,00,0,00,100,00,0,00
1781040915,0,100,00,0,00,0,00,100,00
1781040915,1,0,00,0,00,100,00,0,00
1781040915,2,0,00,3,45,96,55,3,45
1781040915,3,0,00,0,00,100,00,0,00
1781040915,4,0,00,0,00,100,00,0,00
1781040915,5,0,00,0,00,100,00,0,00
1781040915,6,0,00,0,00,100,00,0,00
1781040915,7,0,00,0,00,100,00,0,00
1781040915,8,0,00,0,00,100,00,0,00
1781040915,9,0,00,7,14,92,86,7,14
1781040915,10,0,00,0,00,100,00,0,00
1781040915,11,0,00,3,33,96,67,3,33
1781040916,0,73,33,0,00,26,67,73,33
1781040916,1,0,00,3,33,96,67,3,33
1781040916,2,0,00,0,00,100,00,0,00
1781040916,3,3,45,3,45,93,10,6,90
1781040916,4,0,00,0,00,100,00,0,00
1781040916,5,0,00,3,45,96,55,3,45
1781040916,6,24,14,0,00,75,86,24,14
1781040916,7,0,00,0,00,100,00,0,00
1781040916,8,0,00,0,00,100,00,0,00
1781040916,9,0,00,0,00,100,00,0,00
1781040916,10,0,00,0,00,100,00,0,00
1781040916,11,0,00,0,00,100,00,0,00
1781040917,0,100,00,0,00,0,00,100,00
1781040917,1,0,00,0,00,93,33,6,67
1781040917,2,0,00,0,00,100,00,0,00
1781040917,3,0,00,0,00,100,00,0,00
1781040917,4,0,00,3,45,96,55,3,45
1781040917,5,0,00,6,90,93,10,6,90
1781040917,6,0,00,0,00,100,00,0,00
1781040917,7,0,00,3,33,96,67,3,33
1781040917,8,0,00,3,45,96,55,3,45
1781040917,9,0,00,3,45,96,55,3,45
1781040917,10,0,00,0,00,100,00,0,00
1781040917,11,0,00,0,00,100,00,0,00
1781040917,0,100,00,0,00,0,00,100,00
1781040917,1,0,00,0,00,100,00,0,00
1781040917,2,0,00,0,00,100,00,0,00
1781040917,3,3,33,6,67,90,00,10,00
1781040917,4,0,00,0,00,100,00,0,00
1781040917,5,0,00,0,00,100,00,0,00
1781040917,6,0,00,0,00,100,00,0,00
1781040917,7,0,00,0,00,100,00,0,00
1781040917,8,0,00,0,00,100,00,0,00
1781040917,9,3,33,13,33,83,33,16,67
1781040917,10,3,23,3,23,93,55,6,45
1781040917,11,0,00,0,00,100,00,0,00
1781040918,0,100,00,0,00,0,00,100,00
1781040918,1,0,00,0,00,100,00,0,00
1781040918,2,0,00,0,00,100,00,0,00
1781040918,3,0,00,10,00,90,00,10,00
1781040918,4,0,00,0,00,100,00,0,00
1781040918,5,0,00,0,00,100,00,0,00
1781040918,6,0,00,0,00,100,00,0,00
1781040918,7,0,00,0,00,100,00,0,00
1781040918,8,0,00,0,00,100,00,0,00
1781040918,9,0,00,0,00,100,00,0,00
1781040918,10,0,00,3,57,96,43,3,57
1781040918,11,0,00,0,00,100,00,0,00
1781040919,0,100,00,0,00,0,00,100,00
1781040919,1,0,00,0,00,100,00,0,00
1781040919,2,0,00,0,00,100,00,0,00
1781040919,3,0,00,0,00,100,00,0,00
1781040919,4,0,00,0,00,100,00,0,00
1781040919,5,0,00,0,00,100,00,0,00
1781040919,6,0,00,0,00,100,00,0,00
1781040919,7,0,00,3,33,96,67,3,33
1781040919,8,0,00,3,33,96,67,3,33
1781040919,9,0,00,7,14,92,86,7,14
1781040919,10,0,00,3,45,96,55,3,45
1781040919,11,0,00,0,00,100,00,0,00
1781040919,0,96,67,0,00,0,00,100,00
1781040919,1,0,00,0,00,100,00,0,00
1781040919,2,0,00,0,00,100,00,0,00
1781040919,3,0,00,3,45,96,55,3,45
1781040919,4,0,00,3,45,96,55,3,45
1781040919,5,0,00,3,45,96,55,3,45
1781040919,6,0,00,0,00,100,00,0,00
1781040919,7,3,33,0,00,96,67,3,33
1781040919,8,0,00,0,00,100,00,0,00
1781040919,9,0,00,0,00,100,00,0,00
1781040919,10,3,33,6,67,90,00,10,00
1781040919,11,0,00,0,00,100,00,0,00
1781040920,0,100,00,0,00,0,00,100,00
1781040920,1,3,45,0,00,96,55,3,45
1781040920,2,0,00,0,00,100,00,0,00
1781040920,3,0,00,0,00,100,00,0,00
1781040920,4,7,14,14,29,78,57,21,43
1781040920,5,0,00,6,90,93,10,6,90
1781040920,6,0,00,0,00,100,00,0,00
1781040920,7,0,00,0,00,100,00,0,00
1781040920,8,0,00,0,00,100,00,0,00
1781040920,9,0,00,0,00,100,00,0,00
1781040920,10,0,00,3,45,96,55,3,45
1781040920,11,6,90,10,34,82,76,17,24
1781040920,0,100,00,0,00,0,00,100,00
1781040920,1,0,00,0,00,100,00,0,00
1781040920,2,0,00,0,00,100,00,0,00
1781040920,3,0,00,0,00,100,00,0,00
1781040920,4,0,00,0,00,100,00,0,00
1781040920,5,3,45,6,90,89,66,10,34
1781040920,6,0,00,0,00,100,00,0,00
1781040920,7,0,00,3,45,96,55,3,45
1781040920,8,0,00,0,00,100,00,0,00
1781040920,9,0,00,0,00,100,00,0,00
1781040920,10,0,00,0,00,100,00,0,00
1781040920,11,0,00,0,00,100,00,0,00
1781040921,0,100,00,0,00,0,00,100,00
1781040921,1,0,00,3,33,96,67,3,33
1781040921,2,0,00,0,00,100,00,0,00
1781040921,3,0,00,3,33,96,67,3,33
1781040921,4,0,00,0,00,100,00,0,00
1781040921,5,0,00,0,00,100,00,0,00
1781040921,6,0,00,0,00,100,00,0,00
1781040921,7,0,00,0,00,100,00,0,00
1781040921,8,3,33,3,33,93,33,6,67
1781040921,9,0,00,0,00,100,00,0,00
1781040921,10,0,00,7,14,92,86,7,14
1781040921,11,0,00,3,33,96,67,3,33
1781040922,0,100,00,0,00,0,00,100,00
1781040922,1,0,00,0,00,100,00,0,00
1781040922,2,0,00,0,00,100,00,0,00
1781040922,3,0,00,0,00,100,00,0,00
1781040922,4,0,00,13,79,86,21,13,79
1781040922,5,0,00,0,00,100,00,0,00
1781040922,6,0,00,0,00,100,00,0,00
1781040922,7,0,00,0,00,100,00,0,00
1781040922,8,0,00,0,00,100,00,0,00
1781040922,9,0,00,7,14,92,86,7,14
1781040922,10,0,00,0,00,100,00,0,00
1781040922,11,0,00,3,57,96,43,3,57
1781040922,0,100,00,0,00,0,00,100,00
1781040922,1,0,00,0,00,100,00,0,00
1781040922,2,0,00,0,00,100,00,0,00
1781040922,3,3,33,6,67,90,00,10,00
1781040922,4,0,00,3,57,96,43,3,57
1781040922,5,0,00,0,00,100,00,0,00
1781040922,6,0,00,0,00,100,00,0,00
1781040922,7,0,00,0,00,100,00,0,00
1781040922,8,0,00,0,00,100,00,0,00
1781040922,9,0,00,0,00,100,00,0,00
1781040922,10,0,00,0,00,100,00,0,00
1781040922,11,0,00,0,00,100,00,0,00
1781040923,0,100,00,0,00,0,00,100,00
1781040923,1,0,00,0,00,100,00,0,00
1781040923,2,0,00,0,00,100,00,0,00
1781040923,3,0,00,10,00,90,00,10,00
1781040923,4,0,00,0,00,100,00,0,00
1781040923,5,0,00,0,00,100,00,0,00
1781040923,6,0,00,0,00,100,00,0,00
1781040923,7,0,00,0,00,100,00,0,00
1781040923,8,0,00,3,33,96,67,3,33
1781040923,9,0,00,0,00,100,00,0,00
1781040923,10,3,33,0,00,96,67,3,33
1781040923,11,0,00,3,33,96,67,3,33
1781040924,0,100,00,0,00,0,00,100,00
1781040924,1,0,00,0,00,100,00,0,00
1781040924,2,0,00,0,00,100,00,0,00
1781040924,3,0,00,0,00,100,00,0,00
1781040924,4,0,00,0,00,100,00,0,00
1781040924,5,0,00,3,33,96,67,3,33
1781040924,6,0,00,0,00,100,00,0,00
1781040924,7,3,45,0,00,96,55,3,45
1781040924,8,0,00,0,00,100,00,0,00
1781040924,9,0,00,6,90,93,10,6,90
1781040924,10,0,00,0,00,100,00,0,00
1781040924,11,0,00,0,00,100,00,0,00
1781040924,0,100,00,0,00,0,00,100,00
1781040924,1,0,00,0,00,100,00,0,00
1781040924,2,0,00,0,00,100,00,0,00
1781040924,3,0,00,7,14,92,86,7,14
1781040924,4,0,00,0,00,100,00,0,00
1781040924,5,0,00,0,00,100,00,0,00
1781040924,6,0,00,0,00,100,00,0,00
1781040924,7,0,00,3,57,96,43,3,57
1781040924,8,0,00,0,00,100,00,0,00
1781040924,9,0,00,0,00,100,00,0,00
1781040924,10,0,00,3,45,96,55,3,45
1781040924,11,0,00,0,00,100,00,0,00
1781040925,0,100,00,0,00,0,00,100,00
1781040925,1,0,00,0,00,96,67,3,33
1781040925,2,0,00,0,00,100,00,0,00
1781040925,3,3,33,0,00,96,67,3,33
1781040925,4,0,00,17,24,82,76,17,24
1781040925,5,0,00,0,00,100,00,0,00
1781040925,6,0,00,0,00,100,00,0,00
1781040925,7,0,00,0,00,100,00,0,00
1781040925,8,0,00,3,45,96,55,3,45
1781040925,9,0,00,10,00,90,00,10,00
1781040925,10,0,00,0,00,100,00,0,00
1781040925,11,0,00,0,00,100,00,0,00
1781040926,0,100,00,0,00,0,00,100,00
1781040926,1,0,00,0,00,100,00,0,00
1781040926,2,0,00,3,45,96,55,3,45
1781040926,3,0,00,3,45,96,55,3,45
1781040926,4,0,00,0,00,100,00,0,00
1781040926,5,0,00,0,00,100,00,0,00
1781040926,6,0,00,0,00,100,00,0,00
1781040926,7,0,00,0,00,100,00,0,00
1781040926,8,0,00,0,00,100,00,0,00
1781040926,9,0,00,0,00,100,00,0,00
1781040926,10,0,00,0,00,100,00,0,00
1781040926,11,3,45,6,90,89,66,10,34
1781040926,0,100,00,0,00,0,00,100,00
1781040926,1,0,00,0,00,100,00,0,00
1781040926,2,0,00,0,00,100,00,0,00
1781040926,3,3,23,3,23,93,55,6,45
1781040926,4,0,00,6,90,93,10,6,90
1781040926,5,0,00,0,00,100,00,0,00
1781040926,6,0,00,0,00,100,00,0,00
1781040926,7,0,00,0,00,100,00,0,00
1781040926,8,0,00,0,00,100,00,0,00
1781040926,9,0,00,0,00,100,00,0,00
1781040926,10,0,00,0,00,100,00,0,00
1781040926,11,0,00,0,00,100,00,0,00
1781040927,0,100,00,0,00,0,00,100,00
1781040927,1,0,00,0,00,93,33,6,67
1781040927,2,0,00,0,00,100,00,0,00
1781040927,3,0,00,0,00,100,00,0,00
1781040927,4,0,00,6,90,93,10,6,90
1781040927,5,0,00,3,45,96,55,3,45
1781040927,6,0,00,0,00,100,00,0,00
1781040927,7,0,00,0,00,100,00,0,00
1781040927,8,0,00,0,00,100,00,0,00
1781040927,9,0,00,0,00,100,00,0,00
1781040927,10,0,00,0,00,100,00,0,00
1781040927,11,0,00,0,00,100,00,0,00
1781040928,0,100,00,0,00,0,00,100,00
1781040928,1,0,00,0,00,100,00,0,00
1781040928,2,0,00,0,00,100,00,0,00
1781040928,3,0,00,0,00,100,00,0,00
1781040928,4,0,00,0,00,100,00,0,00
1781040928,5,0,00,3,45,96,55,3,45
1781040928,6,0,00,0,00,100,00,0,00
1781040928,7,0,00,0,00,100,00,0,00
1781040928,8,0,00,3,45,96,55,3,45
1781040928,9,0,00,0,00,100,00,0,00
1781040928,10,0,00,6,90,93,10,6,90
1781040928,11,0,00,0,00,100,00,0,00
1781040928,0,100,00,0,00,0,00,100,00
1781040928,1,0,00,0,00,100,00,0,00
1781040928,2,0,00,0,00,100,00,0,00
1781040928,3,0,00,0,00,100,00,0,00
1781040928,4,3,45,6,90,89,66,10,34
1781040928,5,0,00,0,00,100,00,0,00
1781040928,6,0,00,0,00,100,00,0,00
1781040928,7,0,00,0,00,100,00,0,00
1781040928,8,0,00,0,00,100,00,0,00
1781040928,9,0,00,3,45,96,55,3,45
1781040928,10,0,00,0,00,100,00,0,00
1781040928,11,0,00,0,00,100,00,0,00
1781040929,0,100,00,0,00,0,00,100,00
1781040929,1,0,00,0,00,100,00,0,00
1781040929,2,0,00,0,00,100,00,0,00
1781040929,3,0,00,0,00,100,00,0,00
1781040929,4,0,00,6,90,93,10,6,90
1781040929,5,0,00,3,45,96,55,3,45
1781040929,6,0,00,0,00,100,00,0,00
1781040929,7,0,00,3,33,96,67,3,33
1781040929,8,0,00,0,00,100,00,0,00
1781040929,9,0,00,3,45,96,55,3,45
1781040929,10,3,33,0,00,96,67,3,33
1781040929,11,0,00,0,00,100,00,0,00
1781040929,0,100,00,0,00,0,00,100,00
1781040929,1,0,00,0,00,96,67,3,33
1781040929,2,0,00,0,00,100,00,0,00
1781040929,3,3,33,3,33,93,33,6,67
1781040929,4,3,33,13,33,83,33,16,67
1781040929,5,0,00,3,45,96,55,3,45
1781040929,6,0,00,0,00,100,00,0,00
1781040929,7,0,00,0,00,100,00,0,00
1781040929,8,0,00,3,45,96,55,3,45
1781040929,9,0,00,3,45,96,55,3,45
1781040929,10,0,00,6,90,93,10,6,90
1781040929,11,0,00,0,00,100,00,0,00
1781040930,0,100,00,0,00,0,00,100,00
1781040930,1,0,00,0,00,100,00,0,00
1781040930,2,0,00,3,33,96,67,3,33
1781040930,3,0,00,3,33,96,67,3,33
1781040930,4,0,00,0,00,100,00,0,00
1781040930,5,0,00,0,00,100,00,0,00
1781040930,6,0,00,0,00,100,00,0,00
1781040930,7,0,00,0,00,100,00,0,00
1781040930,8,0,00,0,00,100,00,0,00
1781040930,9,0,00,0,00,100,00,0,00
1781040930,10,0,00,0,00,100,00,0,00
1781040930,11,0,00,6,90,93,10,6,90
1781040931,0,100,00,0,00,0,00,100,00
1781040931,1,0,00,0,00,100,00,0,00
1781040931,2,0,00,0,00,100,00,0,00
1781040931,3,0,00,3,33,96,67,3,33
1781040931,4,0,00,0,00,100,00,0,00
1781040931,5,0,00,10,34,89,66,10,34
1781040931,6,0,00,0,00,100,00,0,00
1781040931,7,0,00,0,00,100,00,0,00
1781040931,8,0,00,0,00,100,00,0,00
1781040931,9,0,00,3,45,96,55,3,45
1781040931,10,0,00,0,00,100,00,0,00
1781040931,11,0,00,0,00,100,00,0,00
1781040931,0,100,00,0,00,0,00,100,00
1781040931,1,0,00,0,00,100,00,0,00
1781040931,2,0,00,0,00,100,00,0,00
1781040931,3,0,00,0,00,100,00,0,00
1781040931,4,0,00,0,00,100,00,0,00
1781040931,5,0,00,0,00,100,00,0,00
1781040931,6,0,00,0,00,100,00,0,00
1781040931,7,0,00,0,00,100,00,0,00
1781040931,8,0,00,0,00,100,00,0,00
1781040931,9,0,00,3,33,96,67,3,33
1781040931,10,0,00,3,45,96,55,3,45
1781040931,11,0,00,7,14,92,86,7,14
1781040932,0,100,00,0,00,0,00,100,00
1781040932,1,0,00,0,00,100,00,0,00
1781040932,2,0,00,0,00,100,00,0,00
1781040932,3,0,00,0,00,100,00,0,00
1781040932,4,0,00,0,00,100,00,0,00
1781040932,5,0,00,3,45,96,55,3,45
1781040932,6,0,00,0,00,100,00,0,00
1781040932,7,0,00,0,00,100,00,0,00
1781040932,8,0,00,3,45,96,55,3,45
1781040932,9,0,00,0,00,100,00,0,00
1781040932,10,0,00,3,45,96,55,3,45
1781040932,11,3,45,3,45,93,10,6,90
1781040933,0,100,00,0,00,0,00,100,00
1781040933,1,0,00,0,00,100,00,0,00
1781040933,2,3,33,0,00,96,67,3,33
1781040933,3,3,33,0,00,96,67,3,33
1781040933,4,0,00,17,24,82,76,17,24
1781040933,5,0,00,0,00,100,00,0,00
1781040933,6,0,00,0,00,100,00,0,00
1781040933,7,0,00,0,00,100,00,0,00
1781040933,8,0,00,0,00,100,00,0,00
1781040933,9,0,00,0,00,100,00,0,00
1781040933,10,0,00,10,00,90,00,10,00
1781040933,11,0,00,0,00,100,00,0,00
1781040933,0,100,00,0,00,0,00,100,00
1781040933,1,0,00,0,00,96,67,3,33
1781040933,2,0,00,0,00,100,00,0,00
1781040933,3,3,57,3,57,92,86,7,14
1781040933,4,0,00,3,45,96,55,3,45
1781040933,5,0,00,0,00,100,00,0,00
1781040933,6,0,00,0,00,100,00,0,00
1781040933,7,0,00,3,45,96,55,3,45
1781040933,8,0,00,0,00,100,00,0,00
1781040933,9,0,00,0,00,100,00,0,00
1781040933,10,0,00,0,00,100,00,0,00
1781040933,11,0,00,0,00,100,00,0,00
1781040934,0,100,00,0,00,0,00,100,00
1781040934,1,0,00,0,00,96,55,3,45
1781040934,2,0,00,0,00,100,00,0,00
1781040934,3,0,00,3,33,96,67,3,33
1781040934,4,0,00,0,00,100,00,0,00
1781040934,5,0,00,0,00,100,00,0,00
1781040934,6,0,00,0,00,100,00,0,00
1781040934,7,0,00,0,00,100,00,0,00
1781040934,8,0,00,0,00,100,00,0,00
1781040934,9,0,00,0,00,100,00,0,00
1781040934,10,0,00,7,14,92,86,7,14
1781040934,11,0,00,6,67,93,33,6,67
1781040935,0,100,00,0,00,0,00,100,00
1781040935,1,0,00,0,00,100,00,0,00
1781040935,2,0,00,0,00,100,00,0,00
1781040935,3,0,00,0,00,100,00,0,00
1781040935,4,0,00,0,00,100,00,0,00
1781040935,5,0,00,0,00,100,00,0,00
1781040935,6,0,00,0,00,100,00,0,00
1781040935,7,0,00,0,00,100,00,0,00
1781040935,8,0,00,3,33,96,67,3,33
1781040935,9,0,00,3,57,96,43,3,57
1781040935,10,0,00,0,00,100,00,0,00
1781040935,11,0,00,6,90,93,10,6,90
1781040935,0,100,00,0,00,0,00,100,00
1781040935,1,0,00,0,00,100,00,0,00
1781040935,2,0,00,0,00,100,00,0,00
1781040935,3,0,00,0,00,100,00,0,00
1781040935,4,0,00,0,00,100,00,0,00
1781040935,5,0,00,0,00,100,00,0,00
1781040935,6,0,00,0,00,100,00,0,00
1781040935,7,0,00,0,00,100,00,0,00
1781040935,8,0,00,3,70,96,30,3,70
1781040935,9,0,00,0,00,100,00,0,00
1781040935,10,0,00,0,00,100,00,0,00
1781040935,11,0,00,0,00,100,00,0,00
1781040936,0,100,00,0,00,0,00,100,00
1781040936,1,0,00,0,00,100,00,0,00
1781040936,2,0,00,3,45,96,55,3,45
1781040936,3,0,00,0,00,100,00,0,00
1781040936,4,0,00,0,00,100,00,0,00
1781040936,5,0,00,7,14,92,86,7,14
1781040936,6,0,00,0,00,100,00,0,00
1781040936,7,0,00,0,00,100,00,0,00
1781040936,8,0,00,0,00,100,00,0,00
1781040936,9,0,00,0,00,100,00,0,00
1781040936,10,0,00,0,00,100,00,0,00
1781040936,11,0,00,0,00,100,00,0,00
1781040937,0,100,00,0,00,0,00,100,00
1781040937,1,0,00,0,00,100,00,0,00
1781040937,2,0,00,0,00,100,00,0,00
1781040937,3,0,00,0,00,100,00,0,00
1781040937,4,3,45,6,90,89,66,10,34
1781040937,5,0,00,3,45,96,55,3,45
1781040937,6,0,00,0,00,100,00,0,00
1781040937,7,3,45,0,00,96,55,3,45
1781040937,8,0,00,0,00,100,00,0,00
1781040937,9,0,00,0,00,100,00,0,00
1781040937,10,0,00,0,00,100,00,0,00
1781040937,11,0,00,0,00,100,00,0,00
1781040937,0,100,00,0,00,0,00,100,00
1781040937,1,0,00,0,00,100,00,0,00
1781040937,2,0,00,0,00,100,00,0,00
1781040937,3,0,00,0,00,100,00,0,00
1781040937,4,0,00,0,00,100,00,0,00
1781040937,5,0,00,0,00,100,00,0,00
1781040937,6,0,00,0,00,100,00,0,00
1781040937,7,0,00,3,33,96,67,3,33
1781040937,8,0,00,0,00,100,00,0,00
1781040937,9,0,00,7,14,92,86,7,14
1781040937,10,3,33,13,33,83,33,16,67
1781040937,11,0,00,0,00,100,00,0,00
1781040938,0,100,00,0,00,0,00,100,00
1781040938,1,0,00,0,00,100,00,0,00
1781040938,2,0,00,0,00,100,00,0,00
1781040938,3,3,57,3,57,92,86,7,14
1781040938,4,0,00,3,57,96,43,3,57
1781040938,5,0,00,0,00,100,00,0,00
1781040938,6,0,00,0,00,100,00,0,00
1781040938,7,0,00,0,00,100,00,0,00
1781040938,8,0,00,0,00,100,00,0,00
1781040938,9,0,00,0,00,100,00,0,00
1781040938,10,0,00,0,00,100,00,0,00
1781040938,11,0,00,0,00,100,00,0,00
1781040938,0,100,00,0,00,0,00,100,00
1781040938,1,0,00,0,00,100,00,0,00
1781040938,2,0,00,0,00,100,00,0,00
1781040938,3,3,33,3,33,93,33,6,67
1781040938,4,0,00,0,00,100,00,0,00
1781040938,5,0,00,0,00,100,00,0,00
1781040938,6,0,00,0,00,100,00,0,00
1781040938,7,0,00,0,00,100,00,0,00
1781040938,8,0,00,0,00,100,00,0,00
1781040938,9,0,00,0,00,100,00,0,00
1781040938,10,0,00,0,00,100,00,0,00
1781040938,11,0,00,6,90,93,10,6,90
1781040939,0,100,00,0,00,0,00,100,00
1781040939,1,0,00,0,00,100,00,0,00
1781040939,2,0,00,3,45,96,55,3,45
1781040939,3,0,00,0,00,100,00,0,00
1781040939,4,0,00,6,90,93,10,6,90
1781040939,5,0,00,6,90,93,10,6,90
1781040939,6,0,00,0,00,100,00,0,00
1781040939,7,0,00,0,00,100,00,0,00
1781040939,8,0,00,0,00,100,00,0,00
1781040939,9,0,00,0,00,100,00,0,00
1781040939,10,0,00,0,00,100,00,0,00
1781040939,11,0,00,0,00,100,00,0,00
1781040940,0,100,00,0,00,0,00,100,00
1781040940,1,0,00,0,00,100,00,0,00
1781040940,2,0,00,0,00,100,00,0,00
1781040940,3,0,00,0,00,100,00,0,00
1781040940,4,3,33,6,67,90,00,10,00
1781040940,5,0,00,0,00,100,00,0,00
1781040940,6,0,00,0,00,100,00,0,00
1781040940,7,0,00,0,00,100,00,0,00
1781040940,8,0,00,3,33,96,67,3,33
1781040940,9,0,00,3,45,96,55,3,45
1781040940,10,0,00,0,00,100,00,0,00
1781040940,11,0,00,3,57,96,43,3,57
1781040940,0,100,00,0,00,0,00,100,00
1781040940,1,0,00,0,00,100,00,0,00
1781040940,2,0,00,0,00,100,00,0,00
1781040940,3,0,00,0,00,100,00,0,00
1781040940,4,0,00,0,00,100,00,0,00
1781040940,5,0,00,0,00,100,00,0,00
1781040940,6,0,00,0,00,100,00,0,00
1781040940,7,0,00,0,00,100,00,0,00
1781040940,8,0,00,0,00,100,00,0,00
1781040940,9,0,00,7,14,92,86,7,14
1781040940,10,0,00,17,24,82,76,17,24
1781040940,11,0,00,0,00,100,00,0,00
1781040941,0,100,00,0,00,0,00,100,00
1781040941,1,0,00,0,00,100,00,0,00
1781040941,2,3,45,0,00,96,55,3,45
1781040941,3,0,00,0,00,100,00,0,00
1781040941,4,0,00,3,45,96,55,3,45
1781040941,5,3,33,0,00,96,67,3,33
1781040941,6,0,00,0,00,100,00,0,00
1781040941,7,0,00,0,00,100,00,0,00
1781040941,8,0,00,3,45,96,55,3,45
1781040941,9,3,45,6,90,89,66,10,34
1781040941,10,0,00,0,00,100,00,0,00
1781040941,11,0,00,0,00,100,00,0,00
1781040942,0,27,59,0,00,72,41,27,59
1781040942,1,0,00,0,00,100,00,0,00
1781040942,2,0,00,0,00,100,00,0,00
1781040942,3,0,00,10,00,90,00,10,00
1781040942,4,0,00,0,00,100,00,0,00
1781040942,5,0,00,3,33,96,67,3,33
1781040942,6,73,33,0,00,26,67,73,33
1781040942,7,0,00,0,00,100,00,0,00
1781040942,8,0,00,0,00,100,00,0,00
1781040942,9,0,00,0,00,100,00,0,00
1781040942,10,0,00,0,00,100,00,0,00
1781040942,11,0,00,0,00,100,00,0,00
1781040942,0,0,00,0,00,100,00,0,00
1781040942,1,0,00,0,00,100,00,0,00
1781040942,2,0,00,0,00,100,00,0,00
1781040942,3,0,00,0,00,100,00,0,00
1781040942,4,0,00,6,90,93,10,6,90
1781040942,5,0,00,0,00,100,00,0,00
1781040942,6,100,00,0,00,0,00,100,00
1781040942,7,0,00,0,00,100,00,0,00
1781040942,8,0,00,0,00,100,00,0,00
1781040942,9,0,00,0,00,100,00,0,00
1781040942,10,0,00,0,00,100,00,0,00
1781040942,11,0,00,6,90,93,10,6,90
1781040943,0,0,00,0,00,100,00,0,00
1781040943,1,0,00,3,45,96,55,3,45
1781040943,2,0,00,0,00,100,00,0,00
1781040943,3,0,00,0,00,100,00,0,00
1781040943,4,0,00,0,00,100,00,0,00
1781040943,5,0,00,0,00,100,00,0,00
1781040943,6,100,00,0,00,0,00,100,00
1781040943,7,0,00,0,00,100,00,0,00
1781040943,8,0,00,0,00,100,00,0,00
1781040943,9,0,00,3,45,96,55,3,45
1781040943,10,0,00,3,57,96,43,3,57
1781040943,11,0,00,3,45,96,55,3,45
1781040944,0,100,00,0,00,0,00,100,00
1781040944,1,0,00,0,00,100,00,0,00
1781040944,2,0,00,0,00,100,00,0,00
1781040944,3,0,00,0,00,100,00,0,00
1781040944,4,0,00,6,90,93,10,6,90
1781040944,5,0,00,0,00,100,00,0,00
1781040944,6,0,00,0,00,100,00,0,00
1781040944,7,3,33,3,33,93,33,6,67
1781040944,8,0,00,0,00,100,00,0,00
1781040944,9,0,00,0,00,100,00,0,00
1781040944,10,0,00,0,00,100,00,0,00
1781040944,11,0,00,3,45,96,55,3,45
1781040944,0,100,00,0,00,0,00,100,00
1781040944,1,0,00,0,00,100,00,0,00
1781040944,2,0,00,0,00,100,00,0,00
1781040944,3,3,23,3,23,93,55,6,45
1781040944,4,0,00,6,90,93,10,6,90
1781040944,5,0,00,3,45,96,55,3,45
1781040944,6,0,00,0,00,100,00,0,00
1781040944,7,0,00,0,00,100,00,0,00
1781040944,8,0,00,0,00,100,00,0,00
1781040944,9,0,00,0,00,100,00,0,00
1781040944,10,0,00,0,00,100,00,0,00
1781040944,11,3,33,3,33,93,33,6,67
1781040945,0,100,00,0,00,0,00,100,00
1781040945,1,0,00,0,00,100,00,0,00
1781040945,2,0,00,0,00,100,00,0,00
1781040945,3,0,00,3,45,96,55,3,45
1781040945,4,0,00,0,00,100,00,0,00
1781040945,5,0,00,10,00,90,00,10,00
1781040945,6,0,00,0,00,100,00,0,00
1781040945,7,0,00,3,33,96,67,3,33
1781040945,8,0,00,0,00,100,00,0,00
1781040945,9,0,00,0,00,100,00,0,00
1781040945,10,0,00,13,79,86,21,13,79
1781040945,11,0,00,0,00,100,00,0,00
1781040946,0,100,00,0,00,0,00,100,00
1781040946,1,0,00,0,00,100,00,0,00
1781040946,2,0,00,0,00,100,00,0,00
1781040946,3,0,00,3,33,96,67,3,33
1781040946,4,0,00,10,34,89,66,10,34
1781040946,5,0,00,0,00,100,00,0,00
1781040946,6,0,00,0,00,100,00,0,00
1781040946,7,0,00,0,00,100,00,0,00
1781040946,8,0,00,0,00,100,00,0,00
1781040946,9,0,00,0,00,100,00,0,00
1781040946,10,0,00,0,00,100,00,0,00
1781040946,11,0,00,3,57,96,43,3,57
1781040946,0,0,00,0,00,100,00,0,00
1781040946,1,0,00,0,00,100,00,0,00
1781040946,2,0,00,0,00,100,00,0,00
1781040946,3,0,00,0,00,100,00,0,00
1781040946,4,0,00,0,00,100,00,0,00
1781040946,5,0,00,0,00,100,00,0,00
1781040946,6,100,00,0,00,0,00,100,00
1781040946,7,0,00,3,45,96,55,3,45
1781040946,8,0,00,0,00,100,00,0,00
1781040946,9,0,00,10,00,90,00,10,00
1781040946,10,0,00,3,45,96,55,3,45
1781040946,11,0,00,0,00,100,00,0,00
1781040947,0,0,00,0,00,100,00,0,00
1781040947,1,0,00,0,00,100,00,0,00
1781040947,2,0,00,0,00,100,00,0,00
1781040947,3,0,00,3,45,96,55,3,45
1781040947,4,0,00,3,45,96,55,3,45
1781040947,5,0,00,0,00,100,00,0,00
1781040947,6,100,00,0,00,0,00,100,00
1781040947,7,0,00,0,00,100,00,0,00
1781040947,8,0,00,0,00,100,00,0,00
1781040947,9,0,00,0,00,100,00,0,00
1781040947,10,0,00,0,00,100,00,0,00
1781040947,11,0,00,3,70,96,30,3,70
1781040948,0,0,00,0,00,100,00,0,00
1781040948,1,0,00,0,00,100,00,0,00
1781040948,2,0,00,0,00,100,00,0,00
1781040948,3,0,00,3,57,96,43,3,57
1781040948,4,0,00,0,00,100,00,0,00
1781040948,5,0,00,6,90,93,10,6,90
1781040948,6,100,00,0,00,0,00,100,00
1781040948,7,0,00,0,00,100,00,0,00
1781040948,8,0,00,0,00,100,00,0,00
1781040948,9,0,00,0,00,100,00,0,00
1781040948,10,0,00,0,00,100,00,0,00
1781040948,11,0,00,0,00,100,00,0,00
1781040948,0,0,00,0,00,100,00,0,00
1781040948,1,0,00,0,00,100,00,0,00
1781040948,2,3,45,0,00,96,55,3,45
1781040948,3,0,00,0,00,100,00,0,00
1781040948,4,0,00,0,00,100,00,0,00
1781040948,5,3,33,6,67,90,00,10,00
1781040948,6,100,00,0,00,0,00,100,00
1781040948,7,0,00,3,45,96,55,3,45
1781040948,8,0,00,0,00,100,00,0,00
1781040948,9,0,00,0,00,100,00,0,00
1781040948,10,3,33,13,33,83,33,16,67
1781040948,11,0,00,3,33,96,67,3,33
1781040949,0,0,00,0,00,100,00,0,00
1781040949,1,0,00,0,00,100,00,0,00
1781040949,2,0,00,0,00,100,00,0,00
1781040949,3,0,00,0,00,100,00,0,00
1781040949,4,0,00,0,00,100,00,0,00
1781040949,5,0,00,0,00,100,00,0,00
1781040949,6,100,00,0,00,0,00,100,00
1781040949,7,0,00,0,00,100,00,0,00
1781040949,8,0,00,3,45,96,55,3,45
1781040949,9,0,00,0,00,100,00,0,00
1781040949,10,0,00,7,14,92,86,7,14
1781040949,11,0,00,0,00,100,00,0,00
1781040949,0,0,00,0,00,100,00,0,00
1781040949,1,0,00,0,00,100,00,0,00
1781040949,2,0,00,3,45,96,55,3,45
1781040949,3,0,00,0,00,100,00,0,00
1781040949,4,0,00,10,34,89,66,10,34
1781040949,5,0,00,0,00,100,00,0,00
1781040949,6,100,00,0,00,0,00,100,00
1781040949,7,0,00,0,00,100,00,0,00
1781040949,8,0,00,0,00,100,00,0,00
1781040949,9,0,00,3,33,96,67,3,33
1781040949,10,3,33,10,00,86,67,13,33
1781040949,11,0,00,0,00,100,00,0,00
1781040950,0,0,00,0,00,100,00,0,00
1781040950,1,0,00,0,00,100,00,0,00
1781040950,2,0,00,0,00,100,00,0,00
1781040950,3,0,00,0,00,100,00,0,00
1781040950,4,3,33,10,00,86,67,13,33
1781040950,5,0,00,0,00,100,00,0,00
1781040950,6,100,00,0,00,0,00,100,00
1781040950,7,0,00,0,00,100,00,0,00
1781040950,8,0,00,0,00,100,00,0,00
1781040950,9,0,00,0,00,100,00,0,00
1781040950,10,0,00,0,00,100,00,0,00
1781040950,11,0,00,0,00,100,00,0,00
1781040951,0,0,00,0,00,100,00,0,00
1781040951,1,0,00,0,00,100,00,0,00
1781040951,2,0,00,0,00,100,00,0,00
1781040951,3,0,00,0,00,100,00,0,00
1781040951,4,0,00,0,00,100,00,0,00
1781040951,5,0,00,7,14,92,86,7,14
1781040951,6,100,00,0,00,0,00,100,00
1781040951,7,0,00,0,00,100,00,0,00
1781040951,8,0,00,3,33,96,67,3,33
1781040951,9,0,00,3,45,96,55,3,45
1781040951,10,0,00,3,45,96,55,3,45
1781040951,11,0,00,0,00,100,00,0,00
1781040951,0,0,00,0,00,100,00,0,00
1781040951,1,0,00,0,00,100,00,0,00
1781040951,2,0,00,0,00,100,00,0,00
1781040951,3,0,00,0,00,100,00,0,00
1781040951,4,0,00,0,00,100,00,0,00
1781040951,5,0,00,3,33,96,67,3,33
1781040951,6,100,00,0,00,0,00,100,00
1781040951,7,0,00,3,45,96,55,3,45
1781040951,8,0,00,0,00,100,00,0,00
1781040951,9,0,00,3,45,96,55,3,45
1781040951,10,0,00,3,45,96,55,3,45
1781040951,11,0,00,6,90,93,10,6,90
1781040952,0,0,00,0,00,100,00,0,00
1781040952,1,0,00,0,00,100,00,0,00
1781040952,2,0,00,0,00,100,00,0,00
1781040952,3,0,00,0,00,100,00,0,00
1781040952,4,0,00,0,00,100,00,0,00
1781040952,5,3,33,6,67,90,00,10,00
1781040952,6,100,00,0,00,0,00,100,00
1781040952,7,0,00,0,00,100,00,0,00
1781040952,8,0,00,0,00,100,00,0,00
1781040952,9,0,00,3,57,96,43,3,57
1781040952,10,0,00,0,00,100,00,0,00
1781040952,11,0,00,0,00,100,00,0,00
1781040953,0,0,00,0,00,100,00,0,00
1781040953,1,0,00,0,00,100,00,0,00
1781040953,2,0,00,0,00,100,00,0,00
1781040953,3,3,33,0,00,96,67,3,33
1781040953,4,0,00,3,33,96,67,3,33
1781040953,5,0,00,0,00,100,00,0,00
1781040953,6,100,00,0,00,0,00,100,00
1781040953,7,0,00,0,00,100,00,0,00
1781040953,8,0,00,0,00,100,00,0,00
1781040953,9,0,00,3,57,96,43,3,57
1781040953,10,3,45,13,79,82,76,17,24
1781040953,11,3,45,6,90,89,66,10,34
1781040953,0,0,00,0,00,100,00,0,00
1781040953,1,0,00,0,00,100,00,0,00
1781040953,2,0,00,0,00,100,00,0,00
1781040953,3,0,00,6,90,93,10,6,90
1781040953,4,0,00,0,00,100,00,0,00
1781040953,5,0,00,0,00,100,00,0,00
1781040953,6,100,00,0,00,0,00,100,00
1781040953,7,0,00,3,45,96,55,3,45
1781040953,8,0,00,0,00,100,00,0,00
1781040953,9,0,00,0,00,100,00,0,00
1781040953,10,0,00,0,00,100,00,0,00
1781040953,11,0,00,3,45,96,55,3,45
1781040954,0,0,00,0,00,100,00,0,00
1781040954,1,0,00,0,00,100,00,0,00
1781040954,2,0,00,0,00,100,00,0,00
1781040954,3,0,00,0,00,100,00,0,00
1781040954,4,0,00,3,45,96,55,3,45
1781040954,5,0,00,10,00,90,00,10,00
1781040954,6,100,00,0,00,0,00,100,00
1781040954,7,0,00,0,00,100,00,0,00
1781040954,8,0,00,0,00,100,00,0,00
1781040954,9,0,00,0,00,100,00,0,00
1781040954,10,0,00,0,00,100,00,0,00
1781040954,11,0,00,0,00,100,00,0,00
1781040955,0,100,00,0,00,0,00,100,00
1781040955,1,0,00,0,00,100,00,0,00
1781040955,2,0,00,0,00,100,00,0,00
1781040955,3,0,00,3,33,96,67,3,33
1781040955,4,0,00,0,00,100,00,0,00
1781040955,5,0,00,7,14,92,86,7,14
1781040955,6,0,00,0,00,100,00,0,00
1781040955,7,0,00,0,00,100,00,0,00
1781040955,8,0,00,3,33,96,67,3,33
1781040955,9,0,00,0,00,100,00,0,00
1781040955,10,0,00,0,00,100,00,0,00
1781040955,11,0,00,0,00,100,00,0,00
1781040955,0,100,00,0,00,0,00,100,00
1781040955,1,0,00,3,33,96,67,3,33
1781040955,2,3,45,0,00,96,55,3,45
1781040955,3,0,00,0,00,100,00,0,00
1781040955,4,0,00,0,00,100,00,0,00
1781040955,5,0,00,0,00,100,00,0,00
1781040955,6,0,00,0,00,100,00,0,00
1781040955,7,0,00,0,00,100,00,0,00
1781040955,8,0,00,0,00,100,00,0,00
1781040955,9,0,00,6,90,93,10,6,90
1781040955,10,0,00,6,90,93,10,6,90
1781040955,11,0,00,0,00,100,00,0,00
1781040956,0,100,00,0,00,0,00,100,00
1781040956,1,0,00,0,00,100,00,0,00
1781040956,2,0,00,0,00,100,00,0,00
1781040956,3,3,33,0,00,96,67,3,33
1781040956,4,0,00,0,00,100,00,0,00
1781040956,5,0,00,3,33,96,67,3,33
1781040956,6,0,00,0,00,100,00,0,00
1781040956,7,3,33,6,67,90,00,10,00
1781040956,8,0,00,0,00,100,00,0,00
1781040956,9,0,00,6,90,93,10,6,90
1781040956,10,0,00,3,45,96,55,3,45
1781040956,11,0,00,0,00,100,00,0,00
1781040957,0,100,00,0,00,0,00,100,00
1781040957,1,0,00,0,00,100,00,0,00
1781040957,2,0,00,0,00,100,00,0,00
1781040957,3,0,00,3,45,96,55,3,45
1781040957,4,0,00,0,00,100,00,0,00
1781040957,5,0,00,0,00,100,00,0,00
1781040957,6,0,00,0,00,100,00,0,00
1781040957,7,0,00,0,00,100,00,0,00
1781040957,8,0,00,0,00,100,00,0,00
1781040957,9,0,00,0,00,100,00,0,00
1781040957,10,0,00,0,00,100,00,0,00
1781040957,11,3,45,3,45,93,10,6,90
1781040957,0,100,00,0,00,0,00,100,00
1781040957,1,0,00,0,00,100,00,0,00
1781040957,2,0,00,0,00,100,00,0,00
1781040957,3,0,00,3,45,96,55,3,45
1781040957,4,0,00,3,33,96,67,3,33
1781040957,5,0,00,6,90,93,10,6,90
1781040957,6,0,00,0,00,100,00,0,00
1781040957,7,0,00,3,33,96,67,3,33
1781040957,8,0,00,0,00,100,00,0,00
1781040957,9,0,00,16,67,83,33,16,67
1781040957,10,0,00,3,33,96,67,3,33
1781040957,11,0,00,0,00,100,00,0,00
1781040958,0,100,00,0,00,0,00,100,00
1781040958,1,0,00,3,33,96,67,3,33
1781040958,2,0,00,0,00,100,00,0,00
1781040958,3,0,00,3,45,96,55,3,45
1781040958,4,3,33,6,67,90,00,10,00
1781040958,5,0,00,0,00,100,00,0,00
1781040958,6,0,00,0,00,100,00,0,00
1781040958,7,0,00,0,00,100,00,0,00
1781040958,8,0,00,0,00,100,00,0,00
1781040958,9,0,00,0,00,100,00,0,00
1781040958,10,0,00,0,00,100,00,0,00
1781040958,11,0,00,0,00,100,00,0,00
1781040958,0,100,00,0,00,0,00,100,00
1781040958,1,0,00,0,00,93,55,6,45
1781040958,2,0,00,0,00,100,00,0,00
1781040958,3,0,00,0,00,100,00,0,00
1781040958,4,0,00,0,00,100,00,0,00
1781040958,5,0,00,0,00,100,00,0,00
1781040958,6,0,00,0,00,100,00,0,00
1781040958,7,0,00,0,00,100,00,0,00
1781040958,8,0,00,0,00,100,00,0,00
1781040958,9,0,00,3,45,96,55,3,45
1781040958,10,3,33,6,67,90,00,10,00
1781040958,11,0,00,3,45,96,55,3,45
1781040959,0,100,00,0,00,0,00,100,00
1781040959,1,0,00,0,00,100,00,0,00
1781040959,2,0,00,0,00,100,00,0,00
1781040959,3,0,00,0,00,100,00,0,00
1781040959,4,0,00,0,00,100,00,0,00
1781040959,5,0,00,7,14,92,86,7,14
1781040959,6,0,00,0,00,100,00,0,00
1781040959,7,0,00,0,00,100,00,0,00
1781040959,8,0,00,0,00,100,00,0,00
1781040959,9,0,00,3,45,96,55,3,45
1781040959,10,0,00,0,00,100,00,0,00
1781040959,11,0,00,0,00,100,00,0,00
1781040960,0,100,00,0,00,0,00,100,00
1781040960,1,0,00,0,00,100,00,0,00
1781040960,2,0,00,0,00,100,00,0,00
1781040960,3,0,00,0,00,100,00,0,00
1781040960,4,0,00,0,00,100,00,0,00
1781040960,5,0,00,0,00,100,00,0,00
1781040960,6,0,00,0,00,100,00,0,00
1781040960,7,0,00,0,00,100,00,0,00
1781040960,8,0,00,0,00,100,00,0,00
1781040960,9,0,00,0,00,100,00,0,00
1781040960,10,0,00,3,57,96,43,3,57
1781040960,11,0,00,6,90,93,10,6,90
1781040960,0,100,00,0,00,0,00,100,00
1781040960,1,0,00,0,00,96,55,3,45
1781040960,2,0,00,0,00,100,00,0,00
1781040960,3,3,45,3,45,93,10,6,90
1781040960,4,0,00,3,45,96,55,3,45
1781040960,5,0,00,3,57,96,43,3,57
1781040960,6,0,00,0,00,100,00,0,00
1781040960,7,0,00,0,00,100,00,0,00
1781040960,8,0,00,0,00,100,00,0,00
1781040960,9,3,57,10,71,85,71,14,29
1781040960,10,0,00,0,00,100,00,0,00
1781040960,11,0,00,0,00,100,00,0,00
1781040961,0,100,00,0,00,0,00,100,00
1781040961,1,0,00,0,00,100,00,0,00
1781040961,2,0,00,0,00,100,00,0,00
1781040961,3,0,00,0,00,100,00,0,00
1781040961,4,0,00,0,00,100,00,0,00
1781040961,5,3,45,0,00,96,55,3,45
1781040961,6,0,00,0,00,100,00,0,00
1781040961,7,0,00,3,33,96,67,3,33
1781040961,8,0,00,3,33,96,67,3,33
1781040961,9,0,00,0,00,100,00,0,00
1781040961,10,0,00,3,45,96,55,3,45
1781040961,11,3,45,6,90,89,66,10,34
1781040962,0,100,00,0,00,0,00,100,00
1781040962,1,0,00,0,00,93,55,6,45
1781040962,2,0,00,0,00,100,00,0,00
1781040962,3,0,00,0,00,100,00,0,00
1781040962,4,0,00,0,00,100,00,0,00
1781040962,5,0,00,3,33,96,67,3,33
1781040962,6,0,00,0,00,100,00,0,00
1781040962,7,0,00,0,00,100,00,0,00
1781040962,8,0,00,0,00,100,00,0,00
1781040962,9,3,33,6,67,90,00,10,00
1781040962,10,0,00,3,33,96,67,3,33
1781040962,11,0,00,0,00,100,00,0,00
1781040962,0,100,00,0,00,0,00,100,00
1781040962,1,0,00,0,00,100,00,0,00
1781040962,2,0,00,0,00,100,00,0,00
1781040962,3,0,00,3,57,96,43,3,57
1781040962,4,3,33,3,33,93,33,6,67
1781040962,5,0,00,0,00,100,00,0,00
1781040962,6,0,00,0,00,100,00,0,00
1781040962,7,0,00,0,00,100,00,0,00
1781040962,8,0,00,0,00,100,00,0,00
1781040962,9,0,00,0,00,100,00,0,00
1781040962,10,0,00,0,00,100,00,0,00
1781040962,11,0,00,0,00,100,00,0,00
1781040963,0,100,00,0,00,0,00,100,00
1781040963,1,0,00,0,00,100,00,0,00
1781040963,2,0,00,0,00,100,00,0,00
1781040963,3,0,00,0,00,100,00,0,00
1781040963,4,0,00,0,00,100,00,0,00
1781040963,5,0,00,0,00,100,00,0,00
1781040963,6,0,00,0,00,100,00,0,00
1781040963,7,0,00,0,00,100,00,0,00
1781040963,8,0,00,0,00,100,00,0,00
1781040963,9,3,45,6,90,89,66,10,34
1781040963,10,0,00,0,00,100,00,0,00
1781040963,11,0,00,3,45,96,55,3,45
1781040964,0,0,00,0,00,100,00,0,00
1781040964,1,0,00,3,45,96,55,3,45
1781040964,2,0,00,0,00,100,00,0,00
1781040964,3,0,00,0,00,100,00,0,00
1781040964,4,0,00,0,00,100,00,0,00
1781040964,5,0,00,0,00,100,00,0,00
1781040964,6,100,00,0,00,0,00,100,00
1781040964,7,0,00,0,00,100,00,0,00
1781040964,8,0,00,0,00,100,00,0,00
1781040964,9,0,00,6,90,93,10,6,90
1781040964,10,0,00,3,33,96,67,3,33
1781040964,11,3,33,6,67,90,00,10,00
1781040964,0,0,00,0,00,100,00,0,00
1781040964,1,0,00,0,00,100,00,0,00
1781040964,2,0,00,3,45,96,55,3,45
1781040964,3,3,33,0,00,96,67,3,33
1781040964,4,0,00,3,45,96,55,3,45
1781040964,5,0,00,3,45,96,55,3,45
1781040964,6,100,00,0,00,0,00,100,00
1781040964,7,0,00,0,00,100,00,0,00
1781040964,8,0,00,0,00,100,00,0,00
1781040964,9,3,45,6,90,89,66,10,34
1781040964,10,0,00,0,00,100,00,0,00
1781040964,11,0,00,0,00,100,00,0,00
1781040965,0,0,00,0,00,100,00,0,00
1781040965,1,3,33,0,00,96,67,3,33
1781040965,2,0,00,0,00,100,00,0,00
1781040965,3,0,00,0,00,100,00,0,00
1781040965,4,0,00,0,00,100,00,0,00
1781040965,5,0,00,0,00,100,00,0,00
1781040965,6,100,00,0,00,0,00,100,00
1781040965,7,0,00,0,00,100,00,0,00
1781040965,8,0,00,0,00,100,00,0,00
1781040965,9,0,00,10,34,89,66,10,34
1781040965,10,0,00,10,00,90,00,10,00
1781040965,11,0,00,3,33,96,67,3,33
1781040966,0,0,00,0,00,100,00,0,00
1781040966,1,0,00,0,00,100,00,0,00
1781040966,2,0,00,0,00,100,00,0,00
1781040966,3,0,00,3,70,96,30,3,70
1781040966,4,0,00,0,00,100,00,0,00
1781040966,5,0,00,0,00,100,00,0,00
1781040966,6,100,00,0,00,0,00,100,00
1781040966,7,0,00,0,00,100,00,0,00
1781040966,8,0,00,0,00,100,00,0,00
1781040966,9,0,00,3,45,96,55,3,45
1781040966,10,0,00,0,00,100,00,0,00
1781040966,11,0,00,0,00,100,00,0,00
1781040966,0,100,00,0,00,0,00,100,00
1781040966,1,0,00,3,33,93,33,6,67
1781040966,2,0,00,0,00,100,00,0,00
1781040966,3,0,00,0,00,100,00,0,00
1781040966,4,0,00,0,00,100,00,0,00
1781040966,5,0,00,0,00,100,00,0,00
1781040966,6,0,00,0,00,100,00,0,00
1781040966,7,0,00,0,00,100,00,0,00
1781040966,8,0,00,0,00,100,00,0,00
1781040966,9,0,00,3,57,96,43,3,57
1781040966,10,0,00,3,45,96,55,3,45
1781040966,11,0,00,3,45,96,55,3,45
1781040967,0,100,00,0,00,0,00,100,00
1781040967,1,0,00,0,00,100,00,0,00
1781040967,2,0,00,3,45,96,55,3,45
1781040967,3,0,00,6,90,93,10,6,90
1781040967,4,0,00,0,00,100,00,0,00
1781040967,5,0,00,0,00,100,00,0,00
1781040967,6,0,00,0,00,100,00,0,00
1781040967,7,0,00,0,00,96,55,3,45
1781040967,8,0,00,0,00,100,00,0,00
1781040967,9,0,00,0,00,100,00,0,00
1781040967,10,0,00,3,45,96,55,3,45
1781040967,11,0,00,3,45,96,55,3,45
1781040967,0,100,00,0,00,0,00,100,00
1781040967,1,0,00,0,00,100,00,0,00
1781040967,2,0,00,0,00,100,00,0,00
1781040967,3,3,45,6,90,89,66,10,34
1781040967,4,0,00,3,45,96,55,3,45
1781040967,5,0,00,3,45,96,55,3,45
1781040967,6,0,00,0,00,100,00,0,00
1781040967,7,0,00,0,00,100,00,0,00
1781040967,8,0,00,3,45,96,55,3,45
1781040967,9,0,00,0,00,100,00,0,00
1781040967,10,0,00,0,00,100,00,0,00
1781040967,11,0,00,0,00,100,00,0,00
1781040968,0,100,00,0,00,0,00,100,00
1781040968,1,0,00,0,00,100,00,0,00
1781040968,2,0,00,0,00,100,00,0,00
1781040968,3,0,00,0,00,100,00,0,00
1781040968,4,0,00,0,00,100,00,0,00
1781040968,5,0,00,6,67,93,33,6,67
1781040968,6,0,00,0,00,100,00,0,00
1781040968,7,0,00,0,00,100,00,0,00
1781040968,8,0,00,0,00,100,00,0,00
1781040968,9,3,33,13,33,83,33,16,67
1781040968,10,0,00,6,90,93,10,6,90
1781040968,11,0,00,0,00,100,00,0,00
1781040969,0,100,00,0,00,0,00,100,00
1781040969,1,0,00,0,00,96,55,3,45
1781040969,2,0,00,0,00,100,00,0,00
1781040969,3,0,00,6,90,93,10,6,90
1781040969,4,0,00,6,90,93,10,6,90
1781040969,5,0,00,0,00,100,00,0,00
1781040969,6,0,00,0,00,100,00,0,00
1781040969,7,0,00,0,00,100,00,0,00
1781040969,8,0,00,0,00,100,00,0,00
1781040969,9,0,00,0,00,100,00,0,00
1781040969,10,0,00,0,00,100,00,0,00
1781040969,11,0,00,0,00,100,00,0,00
1781040969,0,100,00,0,00,0,00,100,00
1781040969,1,0,00,0,00,100,00,0,00
1781040969,2,0,00,0,00,100,00,0,00
1781040969,3,0,00,7,14,92,86,7,14
1781040969,4,0,00,0,00,100,00,0,00
1781040969,5,0,00,0,00,100,00,0,00
1781040969,6,0,00,0,00,100,00,0,00
1781040969,7,0,00,0,00,100,00,0,00
1781040969,8,0,00,0,00,100,00,0,00
1781040969,9,0,00,0,00,100,00,0,00
1781040969,10,0,00,3,33,96,67,3,33
1781040969,11,0,00,0,00,100,00,0,00
1781040970,0,100,00,0,00,0,00,100,00
1781040970,1,0,00,3,33,96,67,3,33
1781040970,2,0,00,0,00,100,00,0,00
1781040970,3,0,00,0,00,100,00,0,00
1781040970,4,0,00,0,00,100,00,0,00
1781040970,5,0,00,0,00,100,00,0,00
1781040970,6,0,00,0,00,100,00,0,00
1781040970,7,0,00,0,00,100,00,0,00
1781040970,8,0,00,0,00,100,00,0,00
1781040970,9,0,00,3,45,96,55,3,45
1781040970,10,0,00,3,45,96,55,3,45
1781040970,11,0,00,7,14,92,86,7,14
1781040971,0,100,00,0,00,0,00,100,00
1781040971,1,0,00,0,00,100,00,0,00
1781040971,2,0,00,3,45,96,55,3,45
1781040971,3,0,00,0,00,100,00,0,00
1781040971,4,3,45,0,00,96,55,3,45
1781040971,5,0,00,0,00,100,00,0,00
1781040971,6,0,00,0,00,100,00,0,00
1781040971,7,0,00,0,00,100,00,0,00
1781040971,8,0,00,0,00,100,00,0,00
1781040971,9,3,33,6,67,90,00,10,00
1781040971,10,0,00,0,00,100,00,0,00
1781040971,11,0,00,0,00,100,00,0,00
1781040971,0,100,00,0,00,0,00,100,00
1781040971,1,0,00,0,00,100,00,0,00
1781040971,2,0,00,0,00,100,00,0,00
1781040971,3,0,00,0,00,100,00,0,00
1781040971,4,0,00,0,00,100,00,0,00
1781040971,5,0,00,0,00,100,00,0,00
1781040971,6,0,00,0,00,100,00,0,00
1781040971,7,0,00,10,00,90,00,10,00
1781040971,8,0,00,0,00,100,00,0,00
1781040971,9,0,00,10,34,89,66,10,34
1781040971,10,0,00,0,00,100,00,0,00
1781040971,11,0,00,0,00,100,00,0,00
1781040972,0,100,00,0,00,0,00,100,00
1781040972,1,0,00,3,45,96,55,3,45
1781040972,2,0,00,0,00,100,00,0,00
1781040972,3,0,00,0,00,100,00,0,00
1781040972,4,0,00,0,00,100,00,0,00
1781040972,5,0,00,0,00,100,00,0,00
1781040972,6,0,00,0,00,100,00,0,00
1781040972,7,0,00,0,00,100,00,0,00
1781040972,8,0,00,3,45,96,55,3,45
1781040972,9,0,00,7,14,92,86,7,14
1781040972,10,0,00,3,45,96,55,3,45
1781040972,11,0,00,0,00,100,00,0,00
1781040973,0,100,00,0,00,0,00,100,00
1781040973,1,0,00,0,00,100,00,0,00
1781040973,2,0,00,0,00,100,00,0,00
1781040973,3,0,00,6,90,93,10,6,90
1781040973,4,0,00,0,00,100,00,0,00
1781040973,5,0,00,0,00,100,00,0,00
1781040973,6,0,00,0,00,100,00,0,00
1781040973,7,0,00,0,00,100,00,0,00
1781040973,8,0,00,0,00,100,00,0,00
1781040973,9,3,33,13,33,83,33,16,67
1781040973,10,0,00,3,33,96,67,3,33
1781040973,11,0,00,0,00,100,00,0,00
1781040973,0,100,00,0,00,0,00,100,00
1781040973,1,0,00,0,00,100,00,0,00
1781040973,2,0,00,0,00,100,00,0,00
1781040973,3,0,00,3,57,96,43,3,57
1781040973,4,0,00,0,00,100,00,0,00
1781040973,5,0,00,7,14,92,86,7,14
1781040973,6,0,00,0,00,100,00,0,00
1781040973,7,0,00,0,00,100,00,0,00
1781040973,8,0,00,0,00,100,00,0,00
1781040973,9,0,00,0,00,100,00,0,00
1781040973,10,0,00,0,00,100,00,0,00
1781040973,11,0,00,0,00,100,00,0,00
1781040974,0,100,00,0,00,0,00,100,00
1781040974,1,0,00,3,45,96,55,3,45
1781040974,2,0,00,0,00,100,00,0,00
1781040974,3,0,00,7,14,92,86,7,14
1781040974,4,0,00,3,45,96,55,3,45
1781040974,5,0,00,0,00,100,00,0,00
1781040974,6,0,00,0,00,100,00,0,00
1781040974,7,0,00,0,00,100,00,0,00
1781040974,8,0,00,0,00,100,00,0,00
1781040974,9,0,00,0,00,100,00,0,00
1781040974,10,0,00,0,00,100,00,0,00
1781040974,11,0,00,0,00,100,00,0,00
1781040975,0,100,00,0,00,0,00,100,00
1781040975,1,0,00,0,00,100,00,0,00
1781040975,2,0,00,0,00,100,00,0,00
1781040975,3,0,00,0,00,100,00,0,00
1781040975,4,0,00,0,00,100,00,0,00
1781040975,5,0,00,0,00,100,00,0,00
1781040975,6,0,00,0,00,100,00,0,00
1781040975,7,0,00,0,00,100,00,0,00
1781040975,8,0,00,3,33,96,67,3,33
1781040975,9,3,33,0,00,96,67,3,33
1781040975,10,0,00,3,45,96,55,3,45
1781040975,11,3,45,3,45,93,10,6,90
1781040975,0,100,00,0,00,0,00,100,00
1781040975,1,0,00,3,45,96,55,3,45
1781040975,2,0,00,0,00,100,00,0,00
1781040975,3,0,00,0,00,100,00,0,00
1781040975,4,0,00,0,00,100,00,0,00
1781040975,5,0,00,0,00,100,00,0,00
1781040975,6,0,00,0,00,100,00,0,00
1781040975,7,0,00,0,00,100,00,0,00
1781040975,8,0,00,0,00,100,00,0,00
1781040975,9,0,00,0,00,100,00,0,00
1781040975,10,0,00,3,45,96,55,3,45
1781040975,11,3,45,6,90,89,66,10,34
1781040976,0,100,00,0,00,0,00,100,00
1781040976,1,3,33,0,00,96,67,3,33
1781040976,2,3,33,0,00,96,67,3,33
1781040976,3,0,00,7,14,92,86,7,14
1781040976,4,0,00,0,00,100,00,0,00
1781040976,5,0,00,0,00,100,00,0,00
1781040976,6,0,00,0,00,100,00,0,00
1781040976,7,0,00,0,00,100,00,0,00
1781040976,8,0,00,0,00,100,00,0,00
1781040976,9,3,33,13,33,83,33,16,67
1781040976,10,0,00,3,45,96,55,3,45
1781040976,11,0,00,0,00,100,00,0,00
1781040976,0,100,00,0,00,0,00,100,00
1781040976,1,0,00,0,00,96,67,3,33
1781040976,2,0,00,3,45,96,55,3,45
1781040976,3,0,00,0,00,100,00,0,00
1781040976,4,0,00,3,33,96,67,3,33
1781040976,5,0,00,0,00,100,00,0,00
1781040976,6,0,00,0,00,100,00,0,00
1781040976,7,0,00,0,00,100,00,0,00
1781040976,8,0,00,0,00,100,00,0,00
1781040976,9,0,00,0,00,100,00,0,00
1781040976,10,0,00,0,00,100,00,0,00
1781040976,11,0,00,7,14,92,86,7,14
1781040977,0,100,00,0,00,0,00,100,00
1781040977,1,0,00,3,45,96,55,3,45
1781040977,2,0,00,0,00,100,00,0,00
1781040977,3,0,00,0,00,100,00,0,00
1781040977,4,0,00,6,90,93,10,6,90
1781040977,5,0,00,0,00,100,00,0,00
1781040977,6,0,00,0,00,100,00,0,00
1781040977,7,0,00,0,00,100,00,0,00
1781040977,8,0,00,0,00,100,00,0,00
1781040977,9,0,00,0,00,100,00,0,00
1781040977,10,0,00,0,00,100,00,0,00
1781040977,11,0,00,0,00,100,00,0,00
1781040978,0,100,00,0,00,0,00,100,00
1781040978,1,0,00,0,00,100,00,0,00
1781040978,2,0,00,0,00,100,00,0,00
1781040978,3,0,00,6,90,93,10,6,90
1781040978,4,0,00,0,00,100,00,0,00
1781040978,5,0,00,0,00,100,00,0,00
1781040978,6,0,00,0,00,100,00,0,00
1781040978,7,0,00,0,00,100,00,0,00
1781040978,8,3,33,0,00,96,67,3,33
1781040978,9,0,00,3,33,96,67,3,33
1781040978,10,0,00,0,00,100,00,0,00
1781040978,11,0,00,3,33,96,67,3,33
1781040978,0,100,00,0,00,0,00,100,00
1781040978,1,0,00,3,45,96,55,3,45
1781040978,2,0,00,0,00,100,00,0,00
1781040978,3,0,00,3,33,96,67,3,33
1781040978,4,0,00,3,57,96,43,3,57
1781040978,5,0,00,0,00,100,00,0,00
1781040978,6,0,00,0,00,100,00,0,00
1781040978,7,0,00,0,00,100,00,0,00
1781040978,8,0,00,0,00,100,00,0,00
1781040978,9,0,00,6,90,93,10,6,90
1781040978,10,0,00,0,00,100,00,0,00
1781040978,11,0,00,0,00,100,00,0,00
1781040979,0,100,00,0,00,0,00,100,00
1781040979,1,0,00,0,00,100,00,0,00
1781040979,2,0,00,0,00,100,00,0,00
1781040979,3,3,23,9,68,87,10,12,90
1781040979,4,0,00,0,00,100,00,0,00
1781040979,5,0,00,0,00,100,00,0,00
1781040979,6,0,00,0,00,100,00,0,00
1781040979,7,0,00,0,00,100,00,0,00
1781040979,8,0,00,0,00,100,00,0,00
1781040979,9,3,33,10,00,86,67,13,33
1781040979,10,0,00,3,33,96,67,3,33
1781040979,11,0,00,0,00,100,00,0,00
1781040980,0,100,00,0,00,0,00,100,00
1781040980,1,0,00,3,33,96,67,3,33
1781040980,2,0,00,0,00,100,00,0,00
1781040980,3,0,00,0,00,100,00,0,00
1781040980,4,0,00,0,00,100,00,0,00
1781040980,5,10,34,6,90,82,76,17,24
1781040980,6,0,00,0,00,100,00,0,00
1781040980,7,0,00,0,00,100,00,0,00
1781040980,8,0,00,0,00,100,00,0,00
1781040980,9,0,00,6,90,93,10,6,90
1781040980,10,10,34,13,79,75,86,24,14
1781040980,11,0,00,0,00,100,00,0,00
1781040980,0,100,00,0,00,0,00,100,00
1781040980,1,0,00,0,00,100,00,0,00
1781040980,2,0,00,0,00,100,00,0,00
1781040980,3,0,00,6,90,93,10,6,90
1781040980,4,0,00,0,00,100,00,0,00
1781040980,5,0,00,0,00,100,00,0,00
1781040980,6,0,00,0,00,100,00,0,00
1781040980,7,0,00,0,00,100,00,0,00
1781040980,8,0,00,3,33,96,67,3,33
1781040980,9,0,00,6,90,93,10,6,90
1781040980,10,0,00,0,00,100,00,0,00
1781040980,11,0,00,0,00,100,00,0,00
1781040981,0,100,00,0,00,0,00,100,00
1781040981,1,0,00,3,45,96,55,3,45
1781040981,2,0,00,0,00,96,67,3,33
1781040981,3,0,00,0,00,100,00,0,00
1781040981,4,0,00,3,45,96,55,3,45
1781040981,5,0,00,0,00,100,00,0,00
1781040981,6,0,00,0,00,100,00,0,00
1781040981,7,0,00,0,00,100,00,0,00
1781040981,8,0,00,0,00,100,00,0,00
1781040981,9,0,00,7,14,92,86,7,14
1781040981,10,0,00,0,00,100,00,0,00
1781040981,11,3,45,0,00,96,55,3,45
1781040982,0,100,00,0,00,0,00,100,00
1781040982,1,0,00,0,00,100,00,0,00
1781040982,2,0,00,0,00,100,00,0,00
1781040982,3,0,00,6,90,93,10,6,90
1781040982,4,0,00,3,45,96,55,3,45
1781040982,5,0,00,3,45,96,55,3,45
1781040982,6,0,00,0,00,100,00,0,00
1781040982,7,0,00,3,45,96,55,3,45
1781040982,8,0,00,0,00,100,00,0,00
1781040982,9,0,00,0,00,100,00,0,00
1781040982,10,0,00,0,00,100,00,0,00
1781040982,11,0,00,0,00,100,00,0,00
1781040982,0,100,00,0,00,0,00,100,00
1781040982,1,0,00,0,00,100,00,0,00
1781040982,2,0,00,0,00,100,00,0,00
1781040982,3,0,00,0,00,100,00,0,00
1781040982,4,0,00,3,45,96,55,3,45
1781040982,5,0,00,0,00,100,00,0,00
1781040982,6,0,00,0,00,100,00,0,00
1781040982,7,0,00,0,00,100,00,0,00
1781040982,8,0,00,0,00,100,00,0,00
1781040982,9,0,00,6,90,93,10,6,90
1781040982,10,0,00,0,00,100,00,0,00
1781040982,11,0,00,0,00,100,00,0,00
1781040983,0,100,00,0,00,0,00,100,00
1781040983,1,0,00,0,00,100,00,0,00
1781040983,2,0,00,0,00,100,00,0,00
1781040983,3,0,00,0,00,100,00,0,00
1781040983,4,0,00,3,45,96,55,3,45
1781040983,5,0,00,0,00,100,00,0,00
1781040983,6,0,00,0,00,100,00,0,00
1781040983,7,3,45,0,00,96,55,3,45
1781040983,8,0,00,0,00,100,00,0,00
1781040983,9,0,00,0,00,100,00,0,00
1781040983,10,0,00,0,00,100,00,0,00
1781040983,11,3,45,6,90,89,66,10,34
1781040984,0,100,00,0,00,0,00,100,00
1781040984,1,0,00,3,45,96,55,3,45
1781040984,2,0,00,0,00,100,00,0,00
1781040984,3,0,00,3,45,96,55,3,45
1781040984,4,0,00,0,00,100,00,0,00
1781040984,5,0,00,0,00,100,00,0,00
1781040984,6,0,00,0,00,100,00,0,00
1781040984,7,0,00,0,00,100,00,0,00
1781040984,8,0,00,3,33,96,67,3,33
1781040984,9,0,00,13,79,86,21,13,79
1781040984,10,3,33,6,67,90,00,10,00
1781040984,11,0,00,3,45,96,55,3,45
1781040984,0,100,00,0,00,0,00,100,00
1781040984,1,3,45,0,00,96,55,3,45
1781040984,2,0,00,3,45,96,55,3,45
1781040984,3,0,00,3,33,96,67,3,33
1781040984,4,0,00,0,00,100,00,0,00
1781040984,5,0,00,7,14,92,86,7,14
1781040984,6,0,00,0,00,100,00,0,00
1781040984,7,0,00,0,00,100,00,0,00
1781040984,8,0,00,0,00,100,00,0,00
1781040984,9,0,00,0,00,100,00,0,00
1781040984,10,0,00,3,45,96,55,3,45
1781040984,11,0,00,0,00,100,00,0,00
1781040985,0,100,00,0,00,0,00,100,00
1781040985,1,0,00,0,00,100,00,0,00
1781040985,2,0,00,0,00,100,00,0,00
1781040985,3,0,00,0,00,100,00,0,00
1781040985,4,0,00,3,33,96,67,3,33
1781040985,5,0,00,0,00,100,00,0,00
1781040985,6,0,00,0,00,100,00,0,00
1781040985,7,0,00,3,33,96,67,3,33
1781040985,8,0,00,0,00,100,00,0,00
1781040985,9,0,00,0,00,100,00,0,00
1781040985,10,0,00,0,00,100,00,0,00
1781040985,11,3,23,9,68,87,10,12,90
1781040985,0,100,00,0,00,0,00,100,00
1781040985,1,0,00,0,00,100,00,0,00
1781040985,2,0,00,0,00,100,00,0,00
1781040985,3,0,00,3,45,96,55,3,45
1781040985,4,0,00,3,45,96,55,3,45
1781040985,5,0,00,7,14,92,86,7,14
1781040985,6,0,00,0,00,100,00,0,00
1781040985,7,0,00,0,00,100,00,0,00
1781040985,8,0,00,0,00,100,00,0,00
1781040985,9,0,00,0,00,100,00,0,00
1781040985,10,0,00,0,00,100,00,0,00
1781040985,11,0,00,0,00,100,00,0,00
1781040986,0,100,00,0,00,0,00,100,00
1781040986,1,0,00,0,00,100,00,0,00
1781040986,2,0,00,0,00,100,00,0,00
1781040986,3,0,00,0,00,100,00,0,00
1781040986,4,0,00,3,45,96,55,3,45
1781040986,5,0,00,0,00,100,00,0,00
1781040986,6,0,00,0,00,100,00,0,00
1781040986,7,0,00,0,00,100,00,0,00
1781040986,8,0,00,0,00,100,00,0,00
1781040986,9,3,33,6,67,90,00,10,00
1781040986,10,0,00,0,00,100,00,0,00
1781040986,11,0,00,0,00,100,00,0,00
1781040987,0,100,00,0,00,0,00,100,00
1781040987,1,0,00,0,00,100,00,0,00
1781040987,2,3,45,0,00,96,55,3,45
1781040987,3,0,00,0,00,100,00,0,00
1781040987,4,0,00,0,00,100,00,0,00
1781040987,5,0,00,7,14,92,86,7,14
1781040987,6,0,00,0,00,100,00,0,00
1781040987,7,0,00,0,00,100,00,0,00
1781040987,8,0,00,0,00,100,00,0,00
1781040987,9,0,00,14,29,85,71,14,29
1781040987,10,0,00,0,00,100,00,0,00
1781040987,11,0,00,0,00,100,00,0,00
1781040987,0,100,00,0,00,0,00,100,00
1781040987,1,0,00,0,00,93,55,6,45
1781040987,2,0,00,0,00,100,00,0,00
1781040987,3,0,00,0,00,100,00,0,00
1781040987,4,0,00,7,14,92,86,7,14
1781040987,5,0,00,0,00,100,00,0,00
1781040987,6,0,00,0,00,100,00,0,00
1781040987,7,0,00,0,00,100,00,0,00
1781040987,8,0,00,3,45,96,55,3,45
1781040987,9,0,00,3,45,96,55,3,45
1781040987,10,0,00,0,00,100,00,0,00
1781040987,11,0,00,3,45,96,55,3,45
1781040988,0,100,00,0,00,0,00,100,00
1781040988,1,0,00,0,00,100,00,0,00
1781040988,2,0,00,0,00,100,00,0,00
1781040988,3,0,00,0,00,100,00,0,00
1781040988,4,0,00,3,45,96,55,3,45
1781040988,5,0,00,0,00,100,00,0,00
1781040988,6,0,00,0,00,100,00,0,00
1781040988,7,0,00,0,00,100,00,0,00
1781040988,8,0,00,0,00,100,00,0,00
1781040988,9,0,00,0,00,100,00,0,00
1781040988,10,0,00,0,00,100,00,0,00
1781040988,11,0,00,10,34,89,66,10,34
1781040989,0,100,00,0,00,0,00,100,00
1781040989,1,0,00,3,45,96,55,3,45
1781040989,2,0,00,0,00,100,00,0,00
1781040989,3,0,00,3,33,96,67,3,33
1781040989,4,0,00,7,14,92,86,7,14
1781040989,5,0,00,0,00,100,00,0,00
1781040989,6,0,00,0,00,100,00,0,00
1781040989,7,0,00,0,00,100,00,0,00
1781040989,8,0,00,0,00,100,00,0,00
1781040989,9,0,00,0,00,100,00,0,00
1781040989,10,0,00,3,33,96,67,3,33
1781040989,11,0,00,3,45,96,55,3,45
1781040989,0,100,00,0,00,0,00,100,00
1781040989,1,0,00,0,00,100,00,0,00
1781040989,2,0,00,0,00,96,55,3,45
1781040989,3,0,00,0,00,100,00,0,00
1781040989,4,0,00,0,00,100,00,0,00
1781040989,5,0,00,0,00,100,00,0,00
1781040989,6,0,00,0,00,100,00,0,00
1781040989,7,0,00,0,00,100,00,0,00
1781040989,8,0,00,0,00,100,00,0,00
1781040989,9,0,00,3,45,96,55,3,45
1781040989,10,3,33,6,67,90,00,10,00
1781040989,11,0,00,3,57,96,43,3,57
1781040990,0,100,00,0,00,0,00,100,00
1781040990,1,0,00,0,00,100,00,0,00
1781040990,2,0,00,0,00,100,00,0,00
1781040990,3,0,00,0,00,100,00,0,00
1781040990,4,0,00,0,00,100,00,0,00
1781040990,5,0,00,3,45,96,55,3,45
1781040990,6,0,00,0,00,100,00,0,00
1781040990,7,0,00,0,00,100,00,0,00
1781040990,8,0,00,0,00,100,00,0,00
1781040990,9,0,00,3,45,96,55,3,45
1781040990,10,0,00,7,14,92,86,7,14
1781040990,11,0,00,0,00,100,00,0,00
1781040991,0,100,00,0,00,0,00,100,00
1781040991,1,0,00,3,45,96,55,3,45
1781040991,2,0,00,0,00,100,00,0,00
1781040991,3,0,00,0,00,100,00,0,00
1781040991,4,0,00,0,00,100,00,0,00
1781040991,5,0,00,0,00,100,00,0,00
1781040991,6,0,00,0,00,100,00,0,00
1781040991,7,0,00,0,00,100,00,0,00
1781040991,8,0,00,0,00,100,00,0,00
1781040991,9,0,00,0,00,100,00,0,00
1781040991,10,0,00,0,00,100,00,0,00
1781040991,11,0,00,10,34,89,66,10,34
1781040991,0,100,00,0,00,0,00,100,00
1781040991,1,0,00,0,00,100,00,0,00
1781040991,2,0,00,0,00,100,00,0,00
1781040991,3,0,00,10,00,90,00,10,00
1781040991,4,0,00,0,00,100,00,0,00
1781040991,5,0,00,0,00,100,00,0,00
1781040991,6,0,00,0,00,100,00,0,00
1781040991,7,0,00,0,00,100,00,0,00
1781040991,8,0,00,0,00,100,00,0,00
1781040991,9,0,00,13,79,86,21,13,79
1781040991,10,0,00,0,00,100,00,0,00
1781040991,11,0,00,0,00,100,00,0,00
1781040992,0,100,00,0,00,0,00,100,00
1781040992,1,0,00,0,00,100,00,0,00
1781040992,2,0,00,0,00,100,00,0,00
1781040992,3,3,45,0,00,96,55,3,45
1781040992,4,0,00,0,00,100,00,0,00
1781040992,5,0,00,3,45,96,55,3,45
1781040992,6,0,00,0,00,100,00,0,00
1781040992,7,0,00,0,00,100,00,0,00
1781040992,8,0,00,3,45,96,55,3,45
1781040992,9,0,00,3,45,96,55,3,45
1781040992,10,0,00,7,14,92,86,7,14
1781040992,11,0,00,0,00,100,00,0,00
1781040993,0,100,00,0,00,0,00,100,00
1781040993,1,0,00,3,33,96,67,3,33
1781040993,2,0,00,0,00,100,00,0,00
1781040993,3,0,00,0,00,100,00,0,00
1781040993,4,0,00,10,00,90,00,10,00
1781040993,5,3,23,3,23,93,55,6,45
1781040993,6,0,00,0,00,100,00,0,00
1781040993,7,0,00,0,00,100,00,0,00
1781040993,8,0,00,0,00,100,00,0,00
1781040993,9,0,00,3,33,96,67,3,33
1781040993,10,0,00,0,00,100,00,0,00
1781040993,11,0,00,0,00,100,00,0,00
1781040993,0,100,00,0,00,0,00,100,00
1781040993,1,0,00,0,00,96,55,3,45
1781040993,2,0,00,0,00,100,00,0,00
1781040993,3,0,00,0,00,100,00,0,00
1781040993,4,3,45,6,90,89,66,10,34
1781040993,5,0,00,0,00,100,00,0,00
1781040993,6,0,00,0,00,100,00,0,00
1781040993,7,0,00,0,00,100,00,0,00
1781040993,8,0,00,0,00,100,00,0,00
1781040993,9,0,00,0,00,100,00,0,00
1781040993,10,0,00,0,00,100,00,0,00
1781040993,11,0,00,0,00,100,00,0,00
1781040994,0,100,00,0,00,0,00,100,00
1781040994,1,0,00,0,00,100,00,0,00
1781040994,2,0,00,0,00,100,00,0,00
1781040994,3,0,00,0,00,100,00,0,00
1781040994,4,0,00,0,00,100,00,0,00
1781040994,5,0,00,0,00,100,00,0,00
1781040994,6,0,00,0,00,100,00,0,00
1781040994,7,0,00,0,00,100,00,0,00
1781040994,8,0,00,3,57,96,43,3,57
1781040994,9,3,45,6,90,89,66,10,34
1781040994,10,0,00,0,00,100,00,0,00
1781040994,11,0,00,0,00,100,00,0,00
1781040994,0,100,00,0,00,0,00,100,00
1781040994,1,0,00,3,45,96,55,3,45
1781040994,2,0,00,3,23,96,77,3,23
1781040994,3,3,33,10,00,86,67,13,33
1781040994,4,0,00,0,00,100,00,0,00
1781040994,5,0,00,0,00,100,00,0,00
1781040994,6,0,00,0,00,100,00,0,00
1781040994,7,0,00,0,00,100,00,0,00
1781040994,8,0,00,3,33,96,67,3,33
1781040994,9,0,00,13,79,86,21,13,79
1781040994,10,0,00,0,00,100,00,0,00
1781040994,11,0,00,0,00,100,00,0,00
1781040995,0,100,00,0,00,0,00,100,00
1781040995,1,0,00,0,00,100,00,0,00
1781040995,2,0,00,0,00,100,00,0,00
1781040995,3,0,00,3,70,96,30,3,70
1781040995,4,0,00,3,45,96,55,3,45
1781040995,5,0,00,0,00,100,00,0,00
1781040995,6,0,00,0,00,100,00,0,00
1781040995,7,0,00,0,00,100,00,0,00
1781040995,8,0,00,0,00,100,00,0,00
1781040995,9,0,00,0,00,100,00,0,00
1781040995,10,0,00,0,00,100,00,0,00
1781040995,11,0,00,3,45,96,55,3,45
1781040996,0,0,00,0,00,100,00,0,00
1781040996,1,0,00,0,00,100,00,0,00
1781040996,2,3,33,0,00,96,67,3,33
1781040996,3,0,00,13,79,86,21,13,79
1781040996,4,0,00,0,00,100,00,0,00
1781040996,5,0,00,0,00,100,00,0,00
1781040996,6,100,00,0,00,0,00,100,00
1781040996,7,0,00,0,00,100,00,0,00
1781040996,8,0,00,3,45,96,55,3,45
1781040996,9,0,00,3,33,96,67,3,33
1781040996,10,0,00,0,00,100,00,0,00
1781040996,11,0,00,0,00,100,00,0,00
1781040996,0,0,00,0,00,100,00,0,00
1781040996,1,0,00,0,00,100,00,0,00
1781040996,2,0,00,0,00,100,00,0,00
1781040996,3,3,33,6,67,90,00,10,00
1781040996,4,0,00,0,00,100,00,0,00
1781040996,5,0,00,0,00,100,00,0,00
1781040996,6,100,00,0,00,0,00,100,00
1781040996,7,0,00,3,33,96,67,3,33
1781040996,8,0,00,0,00,100,00,0,00
1781040996,9,0,00,0,00,100,00,0,00
1781040996,10,0,00,0,00,100,00,0,00
1781040996,11,0,00,0,00,100,00,0,00
1781040997,0,78,57,0,00,21,43,78,57
1781040997,1,0,00,0,00,100,00,0,00
1781040997,2,0,00,3,45,96,55,3,45
1781040997,3,0,00,0,00,100,00,0,00
1781040997,4,0,00,0,00,100,00,0,00
1781040997,5,0,00,0,00,100,00,0,00
1781040997,6,23,33,0,00,76,67,23,33
1781040997,7,0,00,0,00,100,00,0,00
1781040997,8,0,00,0,00,100,00,0,00
1781040997,9,0,00,3,45,96,55,3,45
1781040997,10,0,00,7,14,92,86,7,14
1781040997,11,0,00,0,00,100,00,0,00
1781040998,0,100,00,0,00,0,00,100,00
1781040998,1,0,00,0,00,100,00,0,00
1781040998,2,0,00,0,00,100,00,0,00
1781040998,3,0,00,0,00,100,00,0,00
1781040998,4,0,00,0,00,100,00,0,00
1781040998,5,3,45,6,90,89,66,10,34
1781040998,6,0,00,0,00,100,00,0,00
1781040998,7,3,45,0,00,96,55,3,45
1781040998,8,0,00,0,00,100,00,0,00
1781040998,9,0,00,0,00,100,00,0,00
1781040998,10,0,00,3,45,96,55,3,45
1781040998,11,0,00,3,33,96,67,3,33
1781040998,0,100,00,0,00,0,00,100,00
1781040998,1,0,00,3,57,96,43,3,57
1781040998,2,0,00,0,00,96,55,3,45
1781040998,3,0,00,0,00,100,00,0,00
1781040998,4,0,00,0,00,100,00,0,00
1781040998,5,0,00,0,00,100,00,0,00
1781040998,6,0,00,0,00,100,00,0,00
1781040998,7,0,00,0,00,100,00,0,00
1781040998,8,0,00,0,00,100,00,0,00
1781040998,9,0,00,3,45,96,55,3,45
1781040998,10,0,00,0,00,100,00,0,00
1781040998,11,0,00,3,57,96,43,3,57
1781040999,0,100,00,0,00,0,00,100,00
1781040999,1,0,00,0,00,100,00,0,00
1781040999,2,0,00,0,00,96,55,3,45
1781040999,3,0,00,13,79,86,21,13,79
1781040999,4,0,00,0,00,100,00,0,00
1781040999,5,0,00,6,90,93,10,6,90
1781040999,6,0,00,0,00,100,00,0,00
1781040999,7,0,00,0,00,100,00,0,00
1781040999,8,0,00,0,00,100,00,0,00
1781040999,9,3,23,6,45,90,32,9,68
1781040999,10,0,00,0,00,100,00,0,00
1781040999,11,0,00,0,00,100,00,0,00
1781041000,0,100,00,0,00,0,00,100,00
1781041000,1,0,00,0,00,100,00,0,00
1781041000,2,0,00,0,00,100,00,0,00
1781041000,3,0,00,0,00,100,00,0,00
1781041000,4,0,00,6,90,93,10,6,90
1781041000,5,0,00,0,00,100,00,0,00
1781041000,6,0,00,0,00,100,00,0,00
1781041000,7,0,00,0,00,100,00,0,00
1781041000,8,0,00,0,00,100,00,0,00
1781041000,9,0,00,0,00,100,00,0,00
1781041000,10,0,00,0,00,100,00,0,00
1781041000,11,0,00,0,00,100,00,0,00
1781041000,0,100,00,0,00,0,00,100,00
1781041000,1,0,00,0,00,100,00,0,00
1781041000,2,0,00,3,33,96,67,3,33
1781041000,3,0,00,3,45,96,55,3,45
1781041000,4,0,00,0,00,100,00,0,00
1781041000,5,3,23,9,68,87,10,12,90
1781041000,6,0,00,0,00,100,00,0,00
1781041000,7,0,00,0,00,100,00,0,00
1781041000,8,0,00,0,00,100,00,0,00
1781041000,9,0,00,0,00,100,00,0,00
1781041000,10,0,00,0,00,100,00,0,00
1781041000,11,0,00,3,33,96,67,3,33
1781041001,0,100,00,0,00,0,00,100,00
1781041001,1,0,00,0,00,100,00,0,00
1781041001,2,0,00,0,00,100,00,0,00
1781041001,3,0,00,0,00,100,00,0,00
1781041001,4,0,00,7,14,92,86,7,14
1781041001,5,0,00,0,00,100,00,0,00
1781041001,6,0,00,0,00,100,00,0,00
1781041001,7,0,00,0,00,100,00,0,00
1781041001,8,3,33,3,33,93,33,6,67
1781041001,9,0,00,3,45,96,55,3,45
1781041001,10,3,33,0,00,96,67,3,33
1781041001,11,0,00,0,00,100,00,0,00
1781041002,0,100,00,0,00,0,00,100,00
1781041002,1,3,57,0,00,96,43,3,57
1781041002,2,0,00,0,00,100,00,0,00
1781041002,3,0,00,0,00,100,00,0,00
1781041002,4,3,33,6,67,90,00,10,00
1781041002,5,0,00,3,57,96,43,3,57
1781041002,6,0,00,0,00,100,00,0,00
1781041002,7,0,00,0,00,100,00,0,00
1781041002,8,0,00,0,00,100,00,0,00
1781041002,9,0,00,0,00,100,00,0,00
1781041002,10,0,00,0,00,100,00,0,00
1781041002,11,0,00,0,00,100,00,0,00
1781041002,0,100,00,0,00,0,00,100,00
1781041002,1,0,00,0,00,100,00,0,00
1781041002,2,3,45,0,00,96,55,3,45
1781041002,3,0,00,14,29,85,71,14,29
1781041002,4,0,00,10,34,89,66,10,34
1781041002,5,0,00,3,45,96,55,3,45
1781041002,6,0,00,0,00,100,00,0,00
1781041002,7,0,00,0,00,100,00,0,00
1781041002,8,0,00,0,00,100,00,0,00
1781041002,9,0,00,0,00,100,00,0,00
1781041002,10,0,00,0,00,100,00,0,00
1781041002,11,0,00,0,00,100,00,0,00
1781041003,0,100,00,0,00,0,00,100,00
1781041003,1,0,00,0,00,100,00,0,00
1781041003,2,0,00,3,45,96,55,3,45
1781041003,3,0,00,0,00,100,00,0,00
1781041003,4,0,00,0,00,100,00,0,00
1781041003,5,3,45,6,90,89,66,10,34
1781041003,6,0,00,0,00,100,00,0,00
1781041003,7,0,00,0,00,100,00,0,00
1781041003,8,0,00,0,00,100,00,0,00
1781041003,9,3,45,0,00,96,55,3,45
1781041003,10,0,00,0,00,100,00,0,00
1781041003,11,0,00,0,00,100,00,0,00
1781041003,0,100,00,0,00,0,00,100,00
1781041003,1,0,00,0,00,100,00,0,00
1781041003,2,0,00,0,00,96,67,3,33
1781041003,3,0,00,0,00,100,00,0,00
1781041003,4,0,00,0,00,100,00,0,00
1781041003,5,0,00,0,00,100,00,0,00
1781041003,6,0,00,0,00,100,00,0,00
1781041003,7,0,00,0,00,100,00,0,00
1781041003,8,0,00,0,00,100,00,0,00
1781041003,9,0,00,6,67,93,33,6,67
1781041003,10,0,00,0,00,100,00,0,00
1781041003,11,0,00,7,14,92,86,7,14
1781041004,0,100,00,0,00,0,00,100,00
1781041004,1,0,00,0,00,96,67,3,33
1781041004,2,0,00,0,00,100,00,0,00
1781041004,3,0,00,0,00,100,00,0,00
1781041004,4,0,00,3,45,96,55,3,45
1781041004,5,0,00,0,00,100,00,0,00
1781041004,6,0,00,0,00,100,00,0,00
1781041004,7,0,00,0,00,100,00,0,00
1781041004,8,0,00,0,00,100,00,0,00
1781041004,9,3,45,6,90,89,66,10,34
1781041004,10,0,00,0,00,100,00,0,00
1781041004,11,0,00,3,33,96,67,3,33
1781041005,0,100,00,0,00,0,00,100,00
1781041005,1,0,00,0,00,100,00,0,00
1781041005,2,0,00,0,00,100,00,0,00
1781041005,3,0,00,0,00,100,00,0,00
1781041005,4,0,00,0,00,100,00,0,00
1781041005,5,0,00,6,90,93,10,6,90
1781041005,6,0,00,0,00,100,00,0,00
1781041005,7,0,00,0,00,100,00,0,00
1781041005,8,0,00,0,00,100,00,0,00
1781041005,9,0,00,3,45,96,55,3,45
1781041005,10,0,00,3,33,96,67,3,33
1781041005,11,0,00,0,00,100,00,0,00
1781041005,0,100,00,0,00,0,00,100,00
1781041005,1,0,00,3,33,93,33,6,67
1781041005,2,0,00,0,00,100,00,0,00
1781041005,3,0,00,0,00,100,00,0,00
1781041005,4,0,00,0,00,100,00,0,00
1781041005,5,3,33,6,67,90,00,10,00
1781041005,6,0,00,0,00,100,00,0,00
1781041005,7,0,00,0,00,100,00,0,00
1781041005,8,0,00,3,45,96,55,3,45
1781041005,9,0,00,0,00,100,00,0,00
1781041005,10,0,00,0,00,100,00,0,00
1781041005,11,0,00,3,45,96,55,3,45
1781041006,0,100,00,0,00,0,00,100,00
1781041006,1,0,00,0,00,100,00,0,00
1781041006,2,0,00,0,00,100,00,0,00
1781041006,3,0,00,3,33,96,67,3,33
1781041006,4,0,00,3,57,96,43,3,57
1781041006,5,0,00,0,00,100,00,0,00
1781041006,6,0,00,0,00,100,00,0,00
1781041006,7,0,00,0,00,100,00,0,00
1781041006,8,0,00,0,00,100,00,0,00
1781041006,9,0,00,0,00,100,00,0,00
1781041006,10,3,33,0,00,96,67,3,33
1781041006,11,0,00,3,57,96,43,3,57
1781041007,0,100,00,0,00,0,00,100,00
1781041007,1,0,00,0,00,100,00,0,00
1781041007,2,0,00,3,33,96,67,3,33
1781041007,3,0,00,16,67,83,33,16,67
1781041007,4,3,33,10,00,86,67,13,33
1781041007,5,0,00,0,00,100,00,0,00
1781041007,6,0,00,0,00,100,00,0,00
1781041007,7,0,00,0,00,100,00,0,00
1781041007,8,0,00,0,00,100,00,0,00
1781041007,9,0,00,0,00,100,00,0,00
1781041007,10,0,00,0,00,100,00,0,00
1781041007,11,0,00,3,33,96,67,3,33
1781041007,0,100,00,0,00,0,00,100,00
1781041007,1,0,00,0,00,100,00,0,00
1781041007,2,0,00,0,00,100,00,0,00
1781041007,3,3,45,3,45,93,10,6,90
1781041007,4,0,00,0,00,100,00,0,00
1781041007,5,0,00,6,90,93,10,6,90
1781041007,6,0,00,0,00,100,00,0,00
1781041007,7,0,00,0,00,100,00,0,00
1781041007,8,0,00,0,00,100,00,0,00
1781041007,9,3,33,0,00,96,67,3,33
1781041007,10,0,00,0,00,100,00,0,00
1781041007,11,0,00,0,00,100,00,0,00
1781041008,0,100,00,0,00,0,00,100,00
1781041008,1,0,00,0,00,100,00,0,00
1781041008,2,0,00,0,00,100,00,0,00
1781041008,3,0,00,0,00,100,00,0,00
1781041008,4,0,00,3,33,96,67,3,33
1781041008,5,0,00,0,00,100,00,0,00
1781041008,6,0,00,0,00,100,00,0,00
1781041008,7,0,00,0,00,100,00,0,00
1781041008,8,0,00,0,00,100,00,0,00
1781041008,9,0,00,0,00,100,00,0,00
1781041008,10,0,00,6,90,93,10,6,90
1781041008,11,0,00,3,45,96,55,3,45
1781041009,0,100,00,0,00,0,00,100,00
1781041009,1,0,00,0,00,100,00,0,00
1781041009,2,0,00,0,00,100,00,0,00
1781041009,3,3,33,0,00,96,67,3,33
1781041009,4,0,00,0,00,100,00,0,00
1781041009,5,0,00,3,45,96,55,3,45
1781041009,6,0,00,0,00,100,00,0,00
1781041009,7,0,00,0,00,100,00,0,00
1781041009,8,0,00,0,00,100,00,0,00
1781041009,9,3,45,6,90,89,66,10,34
1781041009,10,0,00,3,45,96,55,3,45
1781041009,11,0,00,0,00,100,00,0,00
1781041009,0,100,00,0,00,0,00,100,00
1781041009,1,0,00,3,45,96,55,3,45
1781041009,2,0,00,0,00,100,00,0,00
1781041009,3,0,00,6,90,93,10,6,90
1781041009,4,0,00,0,00,100,00,0,00
1781041009,5,0,00,3,45,96,55,3,45
1781041009,6,0,00,0,00,100,00,0,00
1781041009,7,0,00,0,00,100,00,0,00
1781041009,8,0,00,0,00,100,00,0,00
1781041009,9,0,00,0,00,100,00,0,00
1781041009,10,0,00,0,00,100,00,0,00
1781041009,11,0,00,0,00,100,00,0,00
1781041010,0,100,00,0,00,0,00,100,00
1781041010,1,0,00,0,00,100,00,0,00
1781041010,2,0,00,0,00,96,67,3,33
1781041010,3,0,00,13,79,86,21,13,79
1781041010,4,0,00,0,00,100,00,0,00
1781041010,5,0,00,0,00,100,00,0,00
1781041010,6,0,00,0,00,100,00,0,00
1781041010,7,0,00,0,00,100,00,0,00
1781041010,8,0,00,3,33,96,67,3,33
1781041010,9,0,00,0,00,100,00,0,00
1781041010,10,0,00,7,14,92,86,7,14
1781041010,11,0,00,3,45,96,55,3,45
1781041011,0,100,00,0,00,0,00,100,00
1781041011,1,0,00,3,45,96,55,3,45
1781041011,2,0,00,0,00,100,00,0,00
1781041011,3,0,00,3,70,96,30,3,70
1781041011,4,0,00,0,00,100,00,0,00
1781041011,5,0,00,0,00,100,00,0,00
1781041011,6,0,00,0,00,100,00,0,00
1781041011,7,0,00,0,00,100,00,0,00
1781041011,8,0,00,0,00,100,00,0,00
1781041011,9,0,00,0,00,100,00,0,00
1781041011,10,0,00,0,00,100,00,0,00
1781041011,11,0,00,3,45,96,55,3,45
1781041011,0,100,00,0,00,0,00,100,00
1781041011,1,0,00,0,00,100,00,0,00
1781041011,2,0,00,0,00,93,55,6,45
1781041011,3,0,00,3,45,96,55,3,45
1781041011,4,0,00,3,45,96,55,3,45
1781041011,5,0,00,0,00,100,00,0,00
1781041011,6,0,00,0,00,100,00,0,00
1781041011,7,0,00,0,00,100,00,0,00
1781041011,8,0,00,0,00,100,00,0,00
1781041011,9,3,45,6,90,89,66,10,34
1781041011,10,0,00,0,00,100,00,0,00
1781041011,11,0,00,0,00,100,00,0,00
1781041012,0,100,00,0,00,0,00,100,00
1781041012,1,0,00,0,00,100,00,0,00
1781041012,2,0,00,3,45,96,55,3,45
1781041012,3,3,45,6,90,89,66,10,34
1781041012,4,0,00,0,00,100,00,0,00
1781041012,5,0,00,0,00,100,00,0,00
1781041012,6,0,00,0,00,100,00,0,00
1781041012,7,0,00,0,00,100,00,0,00
1781041012,8,0,00,0,00,100,00,0,00
1781041012,9,0,00,0,00,100,00,0,00
1781041012,10,0,00,0,00,100,00,0,00
1781041012,11,0,00,0,00,100,00,0,00
1781041012,0,100,00,0,00,0,00,100,00
1781041012,1,0,00,3,33,96,67,3,33
1781041012,2,0,00,0,00,100,00,0,00
1781041012,3,0,00,3,45,96,55,3,45
1781041012,4,0,00,0,00,100,00,0,00
1781041012,5,0,00,0,00,100,00,0,00
1781041012,6,0,00,0,00,100,00,0,00
1781041012,7,0,00,0,00,100,00,0,00
1781041012,8,0,00,0,00,100,00,0,00
1781041012,9,0,00,0,00,100,00,0,00
1781041012,10,0,00,0,00,100,00,0,00
1781041012,11,0,00,3,57,96,43,3,57
1781041013,0,100,00,0,00,0,00,100,00
1781041013,1,0,00,0,00,100,00,0,00
1781041013,2,0,00,0,00,96,55,3,45
1781041013,3,0,00,0,00,100,00,0,00
1781041013,4,0,00,0,00,100,00,0,00
1781041013,5,0,00,0,00,100,00,0,00
1781041013,6,0,00,0,00,100,00,0,00
1781041013,7,0,00,0,00,100,00,0,00
1781041013,8,0,00,0,00,100,00,0,00
1781041013,9,3,45,6,90,89,66,10,34
1781041013,10,3,33,3,33,93,33,6,67
1781041013,11,0,00,3,45,96,55,3,45
1781041014,0,100,00,0,00,0,00,100,00
1781041014,1,3,45,0,00,96,55,3,45
1781041014,2,0,00,3,33,96,67,3,33
1781041014,3,0,00,0,00,100,00,0,00
1781041014,4,0,00,0,00,100,00,0,00
1781041014,5,0,00,0,00,100,00,0,00
1781041014,6,0,00,0,00,100,00,0,00
1781041014,7,0,00,0,00,100,00,0,00
1781041014,8,0,00,0,00,100,00,0,00
1781041014,9,0,00,6,90,93,10,6,90
1781041014,10,0,00,3,57,96,43,3,57
1781041014,11,0,00,0,00,100,00,0,00
1781041014,0,100,00,0,00,0,00,100,00
1781041014,1,0,00,3,45,96,55,3,45
1781041014,2,3,45,0,00,96,55,3,45
1781041014,3,0,00,17,86,82,14,17,86
1781041014,4,0,00,0,00,100,00,0,00
1781041014,5,0,00,0,00,100,00,0,00
1781041014,6,0,00,0,00,100,00,0,00
1781041014,7,0,00,0,00,100,00,0,00
1781041014,8,0,00,0,00,100,00,0,00
1781041014,9,0,00,0,00,100,00,0,00
1781041014,10,0,00,3,45,96,55,3,45
1781041014,11,0,00,0,00,100,00,0,00
1781041015,0,100,00,0,00,0,00,100,00
1781041015,1,0,00,0,00,100,00,0,00
1781041015,2,0,00,0,00,100,00,0,00
1781041015,3,0,00,0,00,100,00,0,00
1781041015,4,0,00,0,00,100,00,0,00
1781041015,5,0,00,0,00,100,00,0,00
1781041015,6,0,00,0,00,100,00,0,00
1781041015,7,0,00,0,00,100,00,0,00
1781041015,8,0,00,0,00,100,00,0,00
1781041015,9,0,00,0,00,100,00,0,00
1781041015,10,3,33,10,00,86,67,13,33
1781041015,11,0,00,0,00,100,00,0,00
1781041016,0,100,00,0,00,0,00,100,00
1781041016,1,0,00,0,00,100,00,0,00
1781041016,2,0,00,3,33,96,67,3,33
1781041016,3,0,00,0,00,100,00,0,00
1781041016,4,0,00,0,00,100,00,0,00
1781041016,5,0,00,0,00,100,00,0,00
1781041016,6,0,00,0,00,100,00,0,00
1781041016,7,0,00,0,00,100,00,0,00
1781041016,8,0,00,0,00,100,00,0,00
1781041016,9,0,00,0,00,100,00,0,00
1781041016,10,0,00,10,00,90,00,10,00
1781041016,11,0,00,3,33,96,67,3,33
1781041016,0,100,00,0,00,0,00,100,00
1781041016,1,0,00,3,45,96,55,3,45
1781041016,2,0,00,0,00,100,00,0,00
1781041016,3,0,00,0,00,100,00,0,00
1781041016,4,0,00,0,00,100,00,0,00
1781041016,5,0,00,6,90,93,10,6,90
1781041016,6,0,00,0,00,100,00,0,00
1781041016,7,0,00,0,00,100,00,0,00
1781041016,8,0,00,0,00,100,00,0,00
1781041016,9,0,00,3,45,96,55,3,45
1781041016,10,0,00,0,00,100,00,0,00
1781041016,11,0,00,0,00,100,00,0,00
1781041017,0,100,00,0,00,0,00,100,00
1781041017,1,0,00,0,00,100,00,0,00
1781041017,2,0,00,3,45,96,55,3,45
1781041017,3,0,00,0,00,100,00,0,00
1781041017,4,0,00,0,00,100,00,0,00
1781041017,5,0,00,0,00,100,00,0,00
1781041017,6,0,00,0,00,100,00,0,00
1781041017,7,0,00,0,00,100,00,0,00
1781041017,8,0,00,0,00,100,00,0,00
1781041017,9,0,00,6,67,93,33,6,67
1781041017,10,0,00,0,00,100,00,0,00
1781041017,11,0,00,3,57,96,43,3,57
1781041018,0,100,00,0,00,0,00,100,00
1781041018,1,0,00,3,33,96,67,3,33
1781041018,2,0,00,0,00,100,00,0,00
1781041018,3,0,00,6,90,93,10,6,90
1781041018,4,0,00,0,00,100,00,0,00
1781041018,5,0,00,0,00,100,00,0,00
1781041018,6,0,00,0,00,100,00,0,00
1781041018,7,0,00,0,00,100,00,0,00
1781041018,8,0,00,0,00,100,00,0,00
1781041018,9,0,00,0,00,100,00,0,00
1781041018,10,3,23,12,90,83,87,16,13
1781041018,11,0,00,0,00,100,00,0,00
1781041018,0,100,00,0,00,0,00,100,00
1781041018,1,0,00,0,00,100,00,0,00
1781041018,2,3,33,3,33,93,33,6,67
1781041018,3,0,00,0,00,100,00,0,00
1781041018,4,0,00,0,00,100,00,0,00
1781041018,5,0,00,0,00,100,00,0,00
1781041018,6,0,00,0,00,100,00,0,00
1781041018,7,0,00,0,00,100,00,0,00
1781041018,8,0,00,0,00,100,00,0,00
1781041018,9,0,00,0,00,100,00,0,00
1781041018,10,0,00,10,34,89,66,10,34
1781041018,11,0,00,0,00,100,00,0,00
1781041019,0,100,00,0,00,0,00,100,00
1781041019,1,0,00,0,00,100,00,0,00
1781041019,2,0,00,0,00,93,55,6,45
1781041019,3,0,00,0,00,100,00,0,00
1781041019,4,0,00,0,00,100,00,0,00
1781041019,5,0,00,0,00,100,00,0,00
1781041019,6,0,00,0,00,100,00,0,00
1781041019,7,0,00,0,00,100,00,0,00
1781041019,8,0,00,0,00,100,00,0,00
1781041019,9,0,00,6,90,93,10,6,90
1781041019,10,3,33,16,67,80,00,20,00
1781041019,11,0,00,0,00,100,00,0,00
1781041020,0,100,00,0,00,0,00,100,00
1781041020,1,0,00,0,00,100,00,0,00
1781041020,2,0,00,0,00,100,00,0,00
1781041020,3,0,00,3,45,96,55,3,45
1781041020,4,0,00,0,00,100,00,0,00
1781041020,5,0,00,0,00,100,00,0,00
1781041020,6,0,00,0,00,100,00,0,00
1781041020,7,0,00,3,33,96,67,3,33
1781041020,8,0,00,0,00,100,00,0,00
1781041020,9,0,00,0,00,100,00,0,00
1781041020,10,0,00,3,57,96,43,3,57
1781041020,11,0,00,0,00,100,00,0,00
1781041020,0,100,00,0,00,0,00,100,00
1781041020,1,0,00,3,33,96,67,3,33
1781041020,2,0,00,3,45,96,55,3,45
1781041020,3,0,00,7,14,92,86,7,14
1781041020,4,0,00,0,00,100,00,0,00
1781041020,5,0,00,0,00,100,00,0,00
1781041020,6,0,00,0,00,100,00,0,00
1781041020,7,0,00,0,00,100,00,0,00
1781041020,8,0,00,0,00,100,00,0,00
1781041020,9,0,00,0,00,100,00,0,00
1781041020,10,0,00,3,45,96,55,3,45
1781041020,11,3,33,0,00,96,67,3,33
1781041021,0,100,00,0,00,0,00,100,00
1781041021,1,0,00,0,00,100,00,0,00
1781041021,2,0,00,0,00,100,00,0,00
1781041021,3,0,00,0,00,100,00,0,00
1781041021,4,0,00,3,45,96,55,3,45
1781041021,5,0,00,0,00,100,00,0,00
1781041021,6,0,00,0,00,100,00,0,00
1781041021,7,0,00,0,00,100,00,0,00
1781041021,8,0,00,0,00,100,00,0,00
1781041021,9,0,00,0,00,100,00,0,00
1781041021,10,0,00,0,00,100,00,0,00
1781041021,11,0,00,6,90,93,10,6,90
1781041022,0,100,00,0,00,0,00,100,00
1781041022,1,0,00,0,00,100,00,0,00
1781041022,2,0,00,3,45,96,55,3,45
1781041022,3,0,00,3,45,96,55,3,45
1781041022,4,0,00,0,00,100,00,0,00
1781041022,5,0,00,7,14,92,86,7,14
1781041022,6,0,00,0,00,100,00,0,00
1781041022,7,0,00,0,00,100,00,0,00
1781041022,8,0,00,0,00,100,00,0,00
1781041022,9,0,00,0,00,100,00,0,00
1781041022,10,0,00,0,00,100,00,0,00
1781041022,11,0,00,0,00,100,00,0,00
1781041022,0,100,00,0,00,0,00,100,00
1781041022,1,0,00,0,00,100,00,0,00
1781041022,2,3,23,0,00,93,55,6,45
1781041022,3,0,00,6,90,93,10,6,90
1781041022,4,3,33,0,00,96,67,3,33
1781041022,5,0,00,0,00,100,00,0,00
1781041022,6,0,00,0,00,100,00,0,00
1781041022,7,0,00,0,00,100,00,0,00
1781041022,8,0,00,0,00,100,00,0,00
1781041022,9,0,00,0,00,100,00,0,00
1781041022,10,0,00,16,67,83,33,16,67
1781041022,11,0,00,0,00,100,00,0,00
1781041023,0,100,00,0,00,0,00,100,00
1781041023,1,0,00,0,00,100,00,0,00
1781041023,2,0,00,3,33,96,67,3,33
1781041023,3,0,00,0,00,100,00,0,00
1781041023,4,0,00,0,00,100,00,0,00
1781041023,5,0,00,10,34,89,66,10,34
1781041023,6,0,00,0,00,100,00,0,00
1781041023,7,0,00,0,00,100,00,0,00
1781041023,8,0,00,0,00,100,00,0,00
1781041023,9,0,00,3,45,96,55,3,45
1781041023,10,0,00,0,00,100,00,0,00
1781041023,11,0,00,0,00,100,00,0,00
1781041023,0,100,00,0,00,0,00,100,00
1781041023,1,3,33,0,00,96,67,3,33
1781041023,2,0,00,0,00,100,00,0,00
1781041023,3,0,00,0,00,100,00,0,00
1781041023,4,0,00,6,67,93,33,6,67
1781041023,5,0,00,0,00,100,00,0,00
1781041023,6,0,00,0,00,100,00,0,00
1781041023,7,0,00,0,00,100,00,0,00
1781041023,8,0,00,0,00,100,00,0,00
1781041023,9,3,33,6,67,90,00,10,00
1781041023,10,0,00,0,00,100,00,0,00
1781041023,11,0,00,0,00,100,00,0,00
1781041024,0,100,00,0,00,0,00,100,00
1781041024,1,0,00,0,00,100,00,0,00
1781041024,2,0,00,0,00,100,00,0,00
1781041024,3,0,00,0,00,100,00,0,00
1781041024,4,0,00,0,00,100,00,0,00
1781041024,5,0,00,0,00,100,00,0,00
1781041024,6,0,00,0,00,100,00,0,00
1781041024,7,0,00,0,00,100,00,0,00
1781041024,8,0,00,0,00,100,00,0,00
1781041024,9,0,00,3,45,96,55,3,45
1781041024,10,0,00,3,33,96,67,3,33
1781041024,11,3,45,6,90,89,66,10,34
1781041025,0,100,00,0,00,0,00,100,00
1781041025,1,0,00,0,00,100,00,0,00
1781041025,2,0,00,0,00,100,00,0,00
1781041025,3,0,00,0,00,100,00,0,00
1781041025,4,0,00,0,00,100,00,0,00
1781041025,5,0,00,0,00,100,00,0,00
1781041025,6,0,00,0,00,100,00,0,00
1781041025,7,0,00,0,00,100,00,0,00
1781041025,8,0,00,0,00,100,00,0,00
1781041025,9,0,00,3,70,96,30,3,70
1781041025,10,0,00,3,57,96,43,3,57
1781041025,11,0,00,3,33,96,67,3,33
1781041025,0,100,00,0,00,0,00,100,00
1781041025,1,0,00,0,00,100,00,0,00
1781041025,2,0,00,0,00,100,00,0,00
1781041025,3,0,00,3,45,96,55,3,45
1781041025,4,0,00,0,00,100,00,0,00
1781041025,5,0,00,0,00,100,00,0,00
1781041025,6,0,00,0,00,100,00,0,00
1781041025,7,0,00,3,45,96,55,3,45
1781041025,8,0,00,0,00,100,00,0,00
1781041025,9,0,00,0,00,100,00,0,00
1781041025,10,3,33,6,67,90,00,10,00
1781041025,11,0,00,0,00,100,00,0,00
1781041026,0,100,00,0,00,0,00,100,00
1781041026,1,0,00,3,45,96,55,3,45
1781041026,2,0,00,3,33,96,67,3,33
1781041026,3,0,00,7,14,92,86,7,14
1781041026,4,0,00,0,00,100,00,0,00
1781041026,5,0,00,0,00,100,00,0,00
1781041026,6,0,00,0,00,100,00,0,00
1781041026,7,0,00,0,00,100,00,0,00
1781041026,8,0,00,0,00,100,00,0,00
1781041026,9,0,00,0,00,100,00,0,00
1781041026,10,0,00,0,00,100,00,0,00
1781041026,11,0,00,3,45,96,55,3,45
1781041027,0,100,00,0,00,0,00,100,00
1781041027,1,0,00,0,00,100,00,0,00
1781041027,2,0,00,0,00,100,00,0,00
1781041027,3,0,00,10,71,89,29,10,71
1781041027,4,3,33,0,00,96,67,3,33
1781041027,5,0,00,0,00,100,00,0,00
1781041027,6,0,00,0,00,100,00,0,00
1781041027,7,0,00,0,00,100,00,0,00
1781041027,8,0,00,0,00,100,00,0,00
1781041027,9,3,45,6,90,89,66,10,34
1781041027,10,0,00,0,00,100,00,0,00
1781041027,11,0,00,3,33,96,67,3,33
1781041027,0,100,00,0,00,0,00,100,00
1781041027,1,0,00,0,00,100,00,0,00
1781041027,2,3,45,0,00,96,55,3,45
1781041027,3,0,00,7,14,92,86,7,14
1781041027,4,0,00,0,00,100,00,0,00
1781041027,5,0,00,0,00,100,00,0,00
1781041027,6,0,00,0,00,100,00,0,00
1781041027,7,0,00,0,00,100,00,0,00
1781041027,8,0,00,0,00,100,00,0,00
1781041027,9,0,00,0,00,100,00,0,00
1781041027,10,0,00,0,00,100,00,0,00
1781041027,11,0,00,0,00,100,00,0,00
1781041028,0,100,00,0,00,0,00,100,00
1781041028,1,0,00,0,00,100,00,0,00
1781041028,2,0,00,3,33,96,67,3,33
1781041028,3,0,00,0,00,100,00,0,00
1781041028,4,0,00,0,00,100,00,0,00
1781041028,5,0,00,0,00,100,00,0,00
1781041028,6,0,00,0,00,100,00,0,00
1781041028,7,0,00,0,00,100,00,0,00
1781041028,8,0,00,0,00,100,00,0,00
1781041028,9,0,00,10,00,90,00,10,00
1781041028,10,0,00,3,33,96,67,3,33
1781041028,11,0,00,0,00,100,00,0,00
1781041029,0,100,00,0,00,0,00,100,00
1781041029,1,0,00,0,00,100,00,0,00
1781041029,2,0,00,0,00,100,00,0,00
1781041029,3,0,00,0,00,100,00,0,00
1781041029,4,0,00,0,00,100,00,0,00
1781041029,5,0,00,6,90,93,10,6,90
1781041029,6,0,00,0,00,100,00,0,00
1781041029,7,0,00,0,00,100,00,0,00
1781041029,8,0,00,3,33,96,67,3,33
1781041029,9,0,00,3,57,96,43,3,57
1781041029,10,0,00,0,00,100,00,0,00
1781041029,11,0,00,0,00,100,00,0,00
1781041029,0,100,00,0,00,0,00,100,00
1781041029,1,0,00,3,33,96,67,3,33
1781041029,2,0,00,0,00,100,00,0,00
1781041029,3,0,00,0,00,100,00,0,00
1781041029,4,3,45,6,90,89,66,10,34
1781041029,5,0,00,0,00,100,00,0,00
1781041029,6,0,00,0,00,100,00,0,00
1781041029,7,0,00,3,45,96,55,3,45
1781041029,8,0,00,0,00,100,00,0,00
1781041029,9,0,00,3,45,96,55,3,45
1781041029,10,0,00,0,00,100,00,0,00
1781041029,11,0,00,3,57,96,43,3,57
1781041030,0,100,00,0,00,0,00,100,00
1781041030,1,0,00,0,00,100,00,0,00
1781041030,2,0,00,0,00,100,00,0,00
1781041030,3,3,33,13,33,83,33,16,67
1781041030,4,0,00,6,90,93,10,6,90
1781041030,5,0,00,0,00,100,00,0,00
1781041030,6,0,00,0,00,100,00,0,00
1781041030,7,0,00,0,00,100,00,0,00
1781041030,8,0,00,0,00,100,00,0,00
1781041030,9,0,00,0,00,100,00,0,00
1781041030,10,0,00,0,00,100,00,0,00
1781041030,11,0,00,3,45,96,55,3,45
1781041031,0,100,00,0,00,0,00,100,00
1781041031,1,0,00,0,00,100,00,0,00
1781041031,2,0,00,0,00,100,00,0,00
1781041031,3,0,00,6,90,93,10,6,90
1781041031,4,0,00,0,00,100,00,0,00
1781041031,5,0,00,0,00,100,00,0,00
1781041031,6,0,00,0,00,100,00,0,00
1781041031,7,0,00,0,00,100,00,0,00
1781041031,8,0,00,0,00,100,00,0,00
1781041031,9,0,00,0,00,100,00,0,00
1781041031,10,0,00,0,00,100,00,0,00
1781041031,11,0,00,0,00,100,00,0,00
1781041031,0,100,00,0,00,0,00,100,00
1781041031,1,0,00,3,33,96,67,3,33
1781041031,2,0,00,0,00,100,00,0,00
1781041031,3,0,00,0,00,100,00,0,00
1781041031,4,0,00,3,45,96,55,3,45
1781041031,5,0,00,0,00,100,00,0,00
1781041031,6,0,00,0,00,100,00,0,00
1781041031,7,0,00,0,00,100,00,0,00
1781041031,8,0,00,0,00,100,00,0,00
1781041031,9,0,00,10,34,89,66,10,34
1781041031,10,0,00,0,00,100,00,0,00
1781041031,11,0,00,0,00,100,00,0,00
1781041032,0,100,00,0,00,0,00,100,00
1781041032,1,0,00,0,00,100,00,0,00
1781041032,2,0,00,0,00,100,00,0,00
1781041032,3,0,00,6,90,93,10,6,90
1781041032,4,0,00,0,00,100,00,0,00
1781041032,5,0,00,0,00,100,00,0,00
1781041032,6,0,00,0,00,100,00,0,00
1781041032,7,0,00,0,00,100,00,0,00
1781041032,8,0,00,0,00,100,00,0,00
1781041032,9,0,00,0,00,100,00,0,00
1781041032,10,3,45,0,00,96,55,3,45
1781041032,11,0,00,0,00,100,00,0,00
1781041033,0,100,00,0,00,0,00,100,00
1781041033,1,0,00,3,45,96,55,3,45
1781041033,2,0,00,0,00,100,00,0,00
1781041033,3,0,00,6,90,93,10,6,90
1781041033,4,0,00,3,57,96,43,3,57
1781041033,5,0,00,0,00,100,00,0,00
1781041033,6,0,00,0,00,100,00,0,00
1781041033,7,0,00,0,00,100,00,0,00
1781041033,8,0,00,0,00,100,00,0,00
1781041033,9,0,00,0,00,100,00,0,00
1781041033,10,0,00,0,00,100,00,0,00
1781041033,11,0,00,0,00,100,00,0,00
1781041033,0,100,00,0,00,0,00,100,00
1781041033,1,0,00,0,00,100,00,0,00
1781041033,2,0,00,0,00,100,00,0,00
1781041033,3,0,00,0,00,100,00,0,00
1781041033,4,0,00,0,00,100,00,0,00
1781041033,5,0,00,0,00,100,00,0,00
1781041033,6,0,00,0,00,100,00,0,00
1781041033,7,3,45,0,00,96,55,3,45
1781041033,8,0,00,0,00,100,00,0,00
1781041033,9,0,00,6,90,93,10,6,90
1781041033,10,0,00,3,45,96,55,3,45
1781041033,11,3,45,0,00,96,55,3,45
1781041034,0,0,00,0,00,100,00,0,00
1781041034,1,0,00,0,00,100,00,0,00
1781041034,2,0,00,0,00,100,00,0,00
1781041034,3,51,72,3,45,44,83,55,17
1781041034,4,3,45,0,00,96,55,3,45
1781041034,5,0,00,0,00,100,00,0,00
1781041034,6,48,28,0,00,51,72,48,28
1781041034,7,0,00,0,00,100,00,0,00
1781041034,8,0,00,0,00,100,00,0,00
1781041034,9,0,00,0,00,100,00,0,00
1781041034,10,0,00,3,70,96,30,3,70
1781041034,11,0,00,0,00,100,00,0,00
1781041034,0,0,00,0,00,100,00,0,00
1781041034,1,0,00,0,00,100,00,0,00
1781041034,2,0,00,0,00,100,00,0,00
1781041034,3,100,00,0,00,0,00,100,00
1781041034,4,0,00,6,67,93,33,6,67
1781041034,5,0,00,0,00,100,00,0,00
1781041034,6,0,00,10,34,89,66,10,34
1781041034,7,0,00,3,33,96,67,3,33
1781041034,8,0,00,3,33,96,67,3,33
1781041034,9,0,00,0,00,100,00,0,00
1781041034,10,3,33,13,33,83,33,16,67
1781041034,11,0,00,3,33,96,67,3,33
1781041035,0,0,00,0,00,100,00,0,00
1781041035,1,0,00,3,33,96,67,3,33
1781041035,2,3,33,6,67,90,00,10,00
1781041035,3,100,00,0,00,0,00,100,00
1781041035,4,0,00,0,00,100,00,0,00
1781041035,5,0,00,0,00,100,00,0,00
1781041035,6,0,00,0,00,100,00,0,00
1781041035,7,0,00,3,45,96,55,3,45
1781041035,8,0,00,0,00,100,00,0,00
1781041035,9,0,00,0,00,100,00,0,00
1781041035,10,0,00,0,00,100,00,0,00
1781041035,11,0,00,0,00,100,00,0,00
1781041036,0,0,00,3,33,96,67,3,33
1781041036,1,3,33,6,67,90,00,10,00
1781041036,2,0,00,6,67,93,33,6,67
1781041036,3,100,00,0,00,0,00,100,00
1781041036,4,0,00,0,00,100,00,0,00
1781041036,5,0,00,0,00,100,00,0,00
1781041036,6,0,00,0,00,100,00,0,00
1781041036,7,0,00,0,00,100,00,0,00
1781041036,8,0,00,0,00,100,00,0,00
1781041036,9,0,00,0,00,100,00,0,00
1781041036,10,0,00,0,00,100,00,0,00
1781041036,11,0,00,0,00,100,00,0,00
1781041036,0,100,00,0,00,0,00,100,00
1781041036,1,0,00,0,00,100,00,0,00
1781041036,2,0,00,0,00,100,00,0,00
1781041036,3,0,00,0,00,100,00,0,00
1781041036,4,0,00,0,00,100,00,0,00
1781041036,5,0,00,7,14,92,86,7,14
1781041036,6,0,00,0,00,100,00,0,00
1781041036,7,0,00,0,00,100,00,0,00
1781041036,8,0,00,0,00,100,00,0,00
1781041036,9,0,00,3,57,96,43,3,57
1781041036,10,0,00,0,00,100,00,0,00
1781041036,11,0,00,0,00,100,00,0,00
1781041037,0,100,00,0,00,0,00,100,00
1781041037,1,0,00,0,00,100,00,0,00
1781041037,2,0,00,3,45,96,55,3,45
1781041037,3,0,00,0,00,100,00,0,00
1781041037,4,0,00,0,00,100,00,0,00
1781041037,5,0,00,0,00,100,00,0,00
1781041037,6,0,00,0,00,100,00,0,00
1781041037,7,0,00,0,00,100,00,0,00
1781041037,8,0,00,0,00,100,00,0,00
1781041037,9,0,00,6,90,93,10,6,90
1781041037,10,0,00,0,00,100,00,0,00
1781041037,11,0,00,3,57,96,43,3,57
1781041038,0,100,00,0,00,0,00,100,00
1781041038,1,0,00,0,00,100,00,0,00
1781041038,2,0,00,0,00,100,00,0,00
1781041038,3,0,00,0,00,100,00,0,00
1781041038,4,0,00,21,43,78,57,21,43
1781041038,5,0,00,3,45,96,55,3,45
1781041038,6,0,00,0,00,100,00,0,00
1781041038,7,0,00,3,33,96,67,3,33
1781041038,8,0,00,0,00,100,00,0,00
1781041038,9,0,00,0,00,100,00,0,00
1781041038,10,0,00,0,00,100,00,0,00
1781041038,11,0,00,0,00,100,00,0,00
1781041038,0,100,00,0,00,0,00,100,00
1781041038,1,0,00,0,00,100,00,0,00
1781041038,2,0,00,3,33,96,67,3,33
1781041038,3,0,00,0,00,100,00,0,00
1781041038,4,0,00,0,00,100,00,0,00
1781041038,5,0,00,3,45,96,55,3,45
1781041038,6,0,00,0,00,100,00,0,00
1781041038,7,0,00,0,00,100,00,0,00
1781041038,8,0,00,0,00,100,00,0,00
1781041038,9,0,00,6,90,93,10,6,90
1781041038,10,0,00,3,33,96,67,3,33
1781041038,11,0,00,0,00,100,00,0,00
1781041039,0,100,00,0,00,0,00,100,00
1781041039,1,0,00,0,00,100,00,0,00
1781041039,2,3,33,0,00,96,67,3,33
1781041039,3,0,00,10,34,89,66,10,34
1781041039,4,0,00,0,00,100,00,0,00
1781041039,5,0,00,0,00,100,00,0,00
1781041039,6,0,00,0,00,100,00,0,00
1781041039,7,0,00,0,00,100,00,0,00
1781041039,8,0,00,0,00,100,00,0,00
1781041039,9,0,00,0,00,100,00,0,00
1781041039,10,0,00,6,67,93,33,6,67
1781041039,11,0,00,0,00,100,00,0,00
1781041040,0,100,00,0,00,0,00,100,00
1781041040,1,0,00,0,00,100,00,0,00
1781041040,2,0,00,0,00,100,00,0,00
1781041040,3,0,00,3,33,96,67,3,33
1781041040,4,0,00,0,00,100,00,0,00
1781041040,5,0,00,0,00,100,00,0,00
1781041040,6,0,00,0,00,100,00,0,00
1781041040,7,0,00,0,00,100,00,0,00
1781041040,8,0,00,0,00,100,00,0,00
1781041040,9,0,00,0,00,100,00,0,00
1781041040,10,3,33,6,67,90,00,10,00
1781041040,11,0,00,6,67,93,33,6,67
1781041040,0,10,71,0,00,89,29,10,71
1781041040,1,0,00,0,00,100,00,0,00
1781041040,2,0,00,0,00,100,00,0,00
1781041040,3,0,00,0,00,100,00,0,00
1781041040,4,0,00,7,14,92,86,7,14
1781041040,5,0,00,0,00,100,00,0,00
1781041040,6,89,66,0,00,10,34,89,66
1781041040,7,0,00,0,00,100,00,0,00
1781041040,8,0,00,0,00,100,00,0,00
1781041040,9,0,00,0,00,100,00,0,00
1781041040,10,0,00,0,00,100,00,0,00
1781041040,11,0,00,3,45,96,55,3,45
1781041041,0,0,00,0,00,100,00,0,00
1781041041,1,0,00,0,00,100,00,0,00
1781041041,2,0,00,3,33,96,67,3,33
1781041041,3,0,00,0,00,100,00,0,00
1781041041,4,0,00,0,00,100,00,0,00
1781041041,5,0,00,0,00,100,00,0,00
1781041041,6,100,00,0,00,0,00,100,00
1781041041,7,0,00,0,00,100,00,0,00
1781041041,8,0,00,3,45,96,55,3,45
1781041041,9,0,00,3,45,96,55,3,45
1781041041,10,0,00,0,00,100,00,0,00
1781041041,11,0,00,6,90,93,10,6,90
1781041042,0,0,00,0,00,100,00,0,00
1781041042,1,0,00,3,45,96,55,3,45
1781041042,2,0,00,0,00,100,00,0,00
1781041042,3,0,00,0,00,100,00,0,00
1781041042,4,0,00,3,33,96,67,3,33
1781041042,5,3,45,3,45,93,10,6,90
1781041042,6,100,00,0,00,0,00,100,00
1781041042,7,0,00,0,00,100,00,0,00
1781041042,8,0,00,0,00,100,00,0,00
1781041042,9,0,00,3,45,96,55,3,45
1781041042,10,0,00,0,00,100,00,0,00
1781041042,11,0,00,0,00,100,00,0,00
1781041042,0,0,00,0,00,100,00,0,00
1781041042,1,0,00,0,00,100,00,0,00
1781041042,2,0,00,0,00,100,00,0,00
1781041042,3,0,00,0,00,100,00,0,00
1781041042,4,3,33,13,33,83,33,16,67
1781041042,5,0,00,0,00,100,00,0,00
1781041042,6,100,00,0,00,0,00,100,00
1781041042,7,0,00,0,00,100,00,0,00
1781041042,8,0,00,0,00,100,00,0,00
1781041042,9,0,00,3,45,96,55,3,45
1781041042,10,3,33,0,00,96,67,3,33
1781041042,11,0,00,10,00,90,00,10,00
1781041043,0,0,00,3,70,96,30,3,70
1781041043,1,3,45,3,45,93,10,6,90
1781041043,2,3,85,3,85,92,31,7,69
1781041043,3,100,00,0,00,0,00,100,00
1781041043,4,0,00,0,00,100,00,0,00
1781041043,5,0,00,0,00,100,00,0,00
1781041043,6,0,00,0,00,100,00,0,00
1781041043,7,0,00,0,00,100,00,0,00
1781041043,8,3,57,7,14,89,29,10,71
1781041043,9,0,00,0,00,100,00,0,00
1781041043,10,0,00,3,57,96,43,3,57
1781041043,11,0,00,0,00,100,00,0,00
1781041043,0,0,00,3,57,96,43,3,57
1781041043,1,0,00,6,90,93,10,6,90
1781041043,2,3,85,3,85,92,31,7,69
1781041043,3,100,00,0,00,0,00,100,00
1781041043,4,0,00,0,00,100,00,0,00
1781041043,5,0,00,0,00,100,00,0,00
1781041043,6,0,00,0,00,100,00,0,00
1781041043,7,0,00,0,00,100,00,0,00
1781041043,8,0,00,0,00,100,00,0,00
1781041043,9,0,00,0,00,100,00,0,00
1781041043,10,3,45,0,00,96,55,3,45
1781041043,11,0,00,0,00,100,00,0,00
1781041044,0,0,00,0,00,100,00,0,00
1781041044,1,0,00,3,45,96,55,3,45
1781041044,2,6,90,3,45,89,66,10,34
1781041044,3,100,00,0,00,0,00,100,00
1781041044,4,0,00,0,00,100,00,0,00
1781041044,5,0,00,0,00,100,00,0,00
1781041044,6,0,00,3,45,96,55,3,45
1781041044,7,0,00,3,57,96,43,3,57
1781041044,8,3,57,7,14,89,29,10,71
1781041044,9,0,00,0,00,100,00,0,00
1781041044,10,0,00,0,00,100,00,0,00
1781041044,11,0,00,0,00,100,00,0,00
1781041045,0,0,00,3,57,96,43,3,57
1781041045,1,0,00,0,00,100,00,0,00
1781041045,2,3,70,3,70,92,59,7,41
1781041045,3,100,00,0,00,0,00,100,00
1781041045,4,0,00,0,00,100,00,0,00
1781041045,5,0,00,0,00,100,00,0,00
1781041045,6,0,00,0,00,100,00,0,00
1781041045,7,3,57,3,57,92,86,7,14
1781041045,8,3,45,0,00,96,55,3,45
1781041045,9,0,00,0,00,100,00,0,00
1781041045,10,0,00,3,57,96,43,3,57
1781041045,11,0,00,3,45,96,55,3,45
1781041045,0,3,70,7,41,88,89,11,11
1781041045,1,3,57,0,00,96,43,3,57
1781041045,2,7,14,0,00,92,86,7,14
1781041045,3,100,00,0,00,0,00,100,00
1781041045,4,3,57,14,29,82,14,17,86
1781041045,5,0,00,0,00,100,00,0,00
1781041045,6,0,00,0,00,100,00,0,00
1781041045,7,0,00,0,00,100,00,0,00
1781041045,8,0,00,3,45,96,55,3,45
1781041045,9,0,00,0,00,100,00,0,00
1781041045,10,0,00,0,00,100,00,0,00
1781041045,11,0,00,0,00,100,00,0,00
1781041046,0,0,00,0,00,100,00,0,00
1781041046,1,10,71,0,00,89,29,10,71
1781041046,2,10,34,6,90,82,76,17,24
1781041046,3,0,00,0,00,100,00,0,00
1781041046,4,0,00,3,57,96,43,3,57
1781041046,5,0,00,3,45,96,55,3,45
1781041046,6,0,00,7,14,92,86,7,14
1781041046,7,0,00,0,00,100,00,0,00
1781041046,8,3,57,0,00,96,43,3,57
1781041046,9,100,00,0,00,0,00,100,00
1781041046,10,0,00,3,45,96,55,3,45
1781041046,11,0,00,0,00,100,00,0,00
1781041047,0,10,00,6,67,83,33,16,67
1781041047,1,0,00,6,90,93,10,6,90
1781041047,2,3,33,3,33,93,33,6,67
1781041047,3,0,00,0,00,100,00,0,00
1781041047,4,0,00,0,00,100,00,0,00
1781041047,5,0,00,3,33,96,67,3,33
1781041047,6,0,00,0,00,100,00,0,00
1781041047,7,0,00,0,00,100,00,0,00
1781041047,8,0,00,3,45,96,55,3,45
1781041047,9,100,00,0,00,0,00,100,00
1781041047,10,0,00,0,00,100,00,0,00
1781041047,11,0,00,0,00,100,00,0,00
1781041047,0,0,00,3,57,96,43,3,57
1781041047,1,0,00,3,33,93,33,6,67
1781041047,2,10,71,7,14,71,43,28,57
1781041047,3,0,00,0,00,100,00,0,00
1781041047,4,0,00,0,00,100,00,0,00
1781041047,5,0,00,0,00,100,00,0,00
1781041047,6,3,33,6,67,90,00,10,00
1781041047,7,0,00,0,00,100,00,0,00
1781041047,8,0,00,0,00,100,00,0,00
1781041047,9,100,00,0,00,0,00,100,00
1781041047,10,0,00,0,00,100,00,0,00
1781041047,11,0,00,0,00,100,00,0,00
1781041048,0,0,00,7,41,92,59,7,41
1781041048,1,0,00,0,00,100,00,0,00
1781041048,2,7,14,7,14,85,71,14,29
1781041048,3,0,00,3,33,96,67,3,33
1781041048,4,3,57,0,00,96,43,3,57
1781041048,5,0,00,0,00,96,67,3,33
1781041048,6,0,00,0,00,100,00,0,00
1781041048,7,0,00,3,45,96,55,3,45
1781041048,8,0,00,0,00,100,00,0,00
1781041048,9,100,00,0,00,0,00,100,00
1781041048,10,0,00,3,45,96,55,3,45
1781041048,11,0,00,0,00,100,00,0,00
1781041049,0,0,00,0,00,100,00,0,00
1781041049,1,0,00,0,00,100,00,0,00
1781041049,2,3,70,0,00,96,30,3,70
1781041049,3,82,76,0,00,17,24,82,76
1781041049,4,3,33,13,33,83,33,16,67
1781041049,5,0,00,0,00,100,00,0,00
1781041049,6,0,00,7,14,92,86,7,14
1781041049,7,3,57,0,00,96,43,3,57
1781041049,8,0,00,0,00,100,00,0,00
1781041049,9,17,24,0,00,82,76,17,24
1781041049,10,0,00,3,45,96,55,3,45
1781041049,11,0,00,0,00,100,00,0,00
1781041049,0,0,00,3,45,96,55,3,45
1781041049,1,0,00,0,00,100,00,0,00
1781041049,2,0,00,10,34,89,66,10,34
1781041049,3,100,00,0,00,0,00,100,00
1781041049,4,0,00,0,00,100,00,0,00
1781041049,5,0,00,3,33,96,67,3,33
1781041049,6,0,00,0,00,100,00,0,00
1781041049,7,0,00,0,00,100,00,0,00
1781041049,8,0,00,0,00,100,00,0,00
1781041049,9,0,00,0,00,100,00,0,00
1781041049,10,0,00,0,00,100,00,0,00
1781041049,11,0,00,0,00,100,00,0,00
1781041050,0,3,45,6,90,89,66,10,34
1781041050,1,0,00,0,00,100,00,0,00
1781041050,2,0,00,0,00,100,00,0,00
1781041050,3,100,00,0,00,0,00,100,00
1781041050,4,0,00,10,34,89,66,10,34
1781041050,5,0,00,0,00,100,00,0,00
1781041050,6,0,00,3,45,96,55,3,45
1781041050,7,0,00,3,45,96,55,3,45
1781041050,8,0,00,0,00,100,00,0,00
1781041050,9,0,00,0,00,100,00,0,00
1781041050,10,0,00,0,00,100,00,0,00
1781041050,11,0,00,0,00,100,00,0,00
1781041050,0,0,00,3,45,96,55,3,45
1781041050,1,0,00,3,45,96,55,3,45
1781041050,2,0,00,3,70,96,30,3,70
1781041050,3,100,00,0,00,0,00,100,00
1781041050,4,0,00,0,00,100,00,0,00
1781041050,5,0,00,0,00,100,00,0,00
1781041050,6,0,00,0,00,100,00,0,00
1781041050,7,0,00,0,00,100,00,0,00
1781041050,8,0,00,3,45,96,55,3,45
1781041050,9,0,00,0,00,100,00,0,00
1781041050,10,3,45,0,00,96,55,3,45
1781041050,11,0,00,0,00,100,00,0,00
1781041051,0,0,00,0,00,100,00,0,00
1781041051,1,0,00,10,34,89,66,10,34
1781041051,2,0,00,0,00,96,55,3,45
1781041051,3,100,00,0,00,0,00,100,00
1781041051,4,0,00,0,00,100,00,0,00
1781041051,5,0,00,0,00,100,00,0,00
1781041051,6,0,00,0,00,100,00,0,00
1781041051,7,0,00,0,00,100,00,0,00
1781041051,8,0,00,0,00,100,00,0,00
1781041051,9,0,00,0,00,100,00,0,00
1781041051,10,0,00,0,00,100,00,0,00
1781041051,11,0,00,0,00,100,00,0,00
1781041052,0,3,33,3,33,93,33,6,67
1781041052,1,0,00,6,67,93,33,6,67
1781041052,2,0,00,3,45,96,55,3,45
1781041052,3,0,00,0,00,100,00,0,00
1781041052,4,0,00,0,00,100,00,0,00
1781041052,5,0,00,3,33,96,67,3,33
1781041052,6,0,00,0,00,100,00,0,00
1781041052,7,0,00,0,00,100,00,0,00
1781041052,8,3,45,0,00,96,55,3,45
1781041052,9,100,00,0,00,0,00,100,00
1781041052,10,0,00,0,00,100,00,0,00
1781041052,11,0,00,0,00,100,00,0,00
1781041052,0,0,00,7,14,92,86,7,14
1781041052,1,0,00,0,00,100,00,0,00
1781041052,2,0,00,0,00,100,00,0,00
1781041052,3,0,00,0,00,100,00,0,00
1781041052,4,0,00,0,00,100,00,0,00
1781041052,5,0,00,0,00,100,00,0,00
1781041052,6,0,00,0,00,100,00,0,00
1781041052,7,0,00,3,45,96,55,3,45
1781041052,8,0,00,0,00,100,00,0,00
1781041052,9,100,00,0,00,0,00,100,00
1781041052,10,0,00,0,00,100,00,0,00
1781041052,11,0,00,0,00,100,00,0,00
1781041053,0,3,33,13,33,83,33,16,67
1781041053,1,0,00,0,00,100,00,0,00
1781041053,2,3,33,3,33,93,33,6,67
1781041053,3,0,00,0,00,100,00,0,00
1781041053,4,0,00,0,00,100,00,0,00
1781041053,5,0,00,0,00,100,00,0,00
1781041053,6,0,00,7,14,92,86,7,14
1781041053,7,3,45,0,00,96,55,3,45
1781041053,8,0,00,0,00,100,00,0,00
1781041053,9,100,00,0,00,0,00,100,00
1781041053,10,0,00,0,00,100,00,0,00
1781041053,11,0,00,0,00,100,00,0,00
1781041054,0,0,00,0,00,100,00,0,00
1781041054,1,0,00,7,14,92,86,7,14
1781041054,2,0,00,0,00,100,00,0,00
1781041054,3,0,00,0,00,100,00,0,00
1781041054,4,0,00,0,00,100,00,0,00
1781041054,5,0,00,0,00,100,00,0,00
1781041054,6,0,00,3,45,96,55,3,45
1781041054,7,0,00,0,00,100,00,0,00
1781041054,8,0,00,0,00,100,00,0,00
1781041054,9,100,00,0,00,0,00,100,00
1781041054,10,0,00,0,00,100,00,0,00
1781041054,11,0,00,3,45,96,55,3,45
1781041054,0,0,00,0,00,100,00,0,00
1781041054,1,0,00,3,33,96,67,3,33
1781041054,2,0,00,10,34,89,66,10,34
1781041054,3,0,00,0,00,100,00,0,00
1781041054,4,0,00,3,33,96,67,3,33
1781041054,5,0,00,0,00,100,00,0,00
1781041054,6,0,00,3,33,96,67,3,33
1781041054,7,0,00,3,33,96,67,3,33
1781041054,8,0,00,0,00,100,00,0,00
1781041054,9,100,00,0,00,0,00,100,00
1781041054,10,0,00,0,00,100,00,0,00
1781041054,11,0,00,0,00,100,00,0,00
1781041055,0,3,45,6,90,89,66,10,34
1781041055,1,0,00,0,00,100,00,0,00
1781041055,2,0,00,3,45,96,55,3,45
1781041055,3,0,00,0,00,100,00,0,00
1781041055,4,0,00,0,00,100,00,0,00
1781041055,5,0,00,0,00,100,00,0,00
1781041055,6,0,00,0,00,100,00,0,00
1781041055,7,0,00,3,45,96,55,3,45
1781041055,8,0,00,0,00,100,00,0,00
1781041055,9,100,00,0,00,0,00,100,00
1781041055,10,0,00,0,00,100,00,0,00
1781041055,11,0,00,0,00,100,00,0,00
1781041056,0,0,00,0,00,100,00,0,00
1781041056,1,0,00,0,00,100,00,0,00
1781041056,2,0,00,3,57,96,43,3,57
1781041056,3,96,55,0,00,3,45,96,55
1781041056,4,3,45,0,00,96,55,3,45
1781041056,5,0,00,3,33,96,67,3,33
1781041056,6,0,00,0,00,100,00,0,00
1781041056,7,0,00,6,90,93,10,6,90
1781041056,8,0,00,0,00,100,00,0,00
1781041056,9,3,45,0,00,96,55,3,45
1781041056,10,0,00,0,00,100,00,0,00
1781041056,11,0,00,0,00,100,00,0,00
1781041056,0,0,00,6,90,93,10,6,90
1781041056,1,0,00,0,00,100,00,0,00
1781041056,2,0,00,0,00,100,00,0,00
1781041056,3,100,00,0,00,0,00,100,00
1781041056,4,0,00,0,00,100,00,0,00
1781041056,5,0,00,0,00,100,00,0,00
1781041056,6,3,45,0,00,96,55,3,45
1781041056,7,0,00,0,00,100,00,0,00
1781041056,8,0,00,3,33,96,67,3,33
1781041056,9,0,00,0,00,100,00,0,00
1781041056,10,0,00,3,33,96,67,3,33
1781041056,11,0,00,0,00,100,00,0,00
1781041057,0,0,00,0,00,100,00,0,00
1781041057,1,0,00,0,00,100,00,0,00
1781041057,2,0,00,7,14,92,86,7,14
1781041057,3,100,00,0,00,0,00,100,00
1781041057,4,0,00,0,00,100,00,0,00
1781041057,5,0,00,0,00,100,00,0,00
1781041057,6,0,00,0,00,100,00,0,00
1781041057,7,0,00,0,00,100,00,0,00
1781041057,8,0,00,0,00,100,00,0,00
1781041057,9,0,00,0,00,100,00,0,00
1781041057,10,0,00,0,00,100,00,0,00
1781041057,11,0,00,0,00,100,00,0,00
1781041058,0,0,00,3,57,96,43,3,57
1781041058,1,3,57,14,29,82,14,17,86
1781041058,2,3,57,3,57,92,86,7,14
1781041058,3,100,00,0,00,0,00,100,00
1781041058,4,0,00,0,00,100,00,0,00
1781041058,5,0,00,0,00,100,00,0,00
1781041058,6,0,00,0,00,100,00,0,00
1781041058,7,3,33,3,33,93,33,6,67
1781041058,8,0,00,0,00,100,00,0,00
1781041058,9,0,00,0,00,100,00,0,00
1781041058,10,3,45,0,00,96,55,3,45
1781041058,11,0,00,0,00,100,00,0,00
1781041058,0,0,00,0,00,100,00,0,00
1781041058,1,0,00,0,00,100,00,0,00
1781041058,2,0,00,0,00,100,00,0,00
1781041058,3,100,00,0,00,0,00,100,00
1781041058,4,0,00,0,00,100,00,0,00
1781041058,5,0,00,0,00,100,00,0,00
1781041058,6,0,00,0,00,100,00,0,00
1781041058,7,0,00,3,45,96,55,3,45
1781041058,8,3,45,6,90,89,66,10,34
1781041058,9,0,00,0,00,100,00,0,00
1781041058,10,0,00,3,45,96,55,3,45
1781041058,11,0,00,0,00,100,00,0,00
1781041059,0,0,00,7,14,92,86,7,14
1781041059,1,0,00,0,00,100,00,0,00
1781041059,2,0,00,0,00,100,00,0,00
1781041059,3,100,00,0,00,0,00,100,00
1781041059,4,0,00,0,00,100,00,0,00
1781041059,5,0,00,0,00,100,00,0,00
1781041059,6,0,00,0,00,100,00,0,00
1781041059,7,0,00,0,00,100,00,0,00
1781041059,8,0,00,3,45,96,55,3,45
1781041059,9,0,00,0,00,100,00,0,00
1781041059,10,0,00,0,00,100,00,0,00
1781041059,11,0,00,0,00,100,00,0,00
1781041060,0,0,00,0,00,100,00,0,00
1781041060,1,0,00,0,00,100,00,0,00
1781041060,2,0,00,0,00,100,00,0,00
1781041060,3,100,00,0,00,0,00,100,00
1781041060,4,0,00,0,00,100,00,0,00
1781041060,5,0,00,0,00,100,00,0,00
1781041060,6,0,00,7,14,92,86,7,14
1781041060,7,0,00,0,00,100,00,0,00
1781041060,8,0,00,0,00,100,00,0,00
1781041060,9,0,00,0,00,100,00,0,00
1781041060,10,0,00,3,45,96,55,3,45
1781041060,11,0,00,0,00,100,00,0,00
1781041060,0,0,00,0,00,100,00,0,00
1781041060,1,0,00,3,45,96,55,3,45
1781041060,2,0,00,0,00,100,00,0,00
1781041060,3,100,00,0,00,0,00,100,00
1781041060,4,0,00,0,00,100,00,0,00
1781041060,5,0,00,0,00,100,00,0,00
1781041060,6,0,00,7,14,92,86,7,14
1781041060,7,0,00,0,00,100,00,0,00
1781041060,8,0,00,0,00,100,00,0,00
1781041060,9,0,00,0,00,100,00,0,00
1781041060,10,0,00,0,00,100,00,0,00
1781041060,11,0,00,0,00,100,00,0,00
1781041061,0,3,45,6,90,89,66,10,34
1781041061,1,0,00,17,24,82,76,17,24
1781041061,2,0,00,3,45,96,55,3,45
1781041061,3,100,00,0,00,0,00,100,00
1781041061,4,0,00,0,00,100,00,0,00
1781041061,5,3,33,0,00,96,67,3,33
1781041061,6,0,00,0,00,100,00,0,00
1781041061,7,3,33,0,00,96,67,3,33
1781041061,8,3,45,0,00,96,55,3,45
1781041061,9,0,00,0,00,100,00,0,00
1781041061,10,0,00,3,33,96,67,3,33
1781041061,11,0,00,3,33,96,67,3,33
1781041062,0,0,00,0,00,100,00,0,00
1781041062,1,0,00,0,00,100,00,0,00
1781041062,2,0,00,6,90,93,10,6,90
1781041062,3,100,00,0,00,0,00,100,00
1781041062,4,0,00,0,00,100,00,0,00
1781041062,5,0,00,0,00,100,00,0,00
1781041062,6,0,00,3,57,96,43,3,57
1781041062,7,0,00,0,00,100,00,0,00
1781041062,8,0,00,0,00,100,00,0,00
1781041062,9,0,00,0,00,100,00,0,00
1781041062,10,0,00,0,00,100,00,0,00
1781041062,11,0,00,0,00,100,00,0,00
1781041062,0,0,00,0,00,100,00,0,00
1781041062,1,0,00,10,00,90,00,10,00
1781041062,2,0,00,0,00,100,00,0,00
1781041062,3,100,00,0,00,0,00,100,00
1781041062,4,0,00,0,00,100,00,0,00
1781041062,5,0,00,0,00,100,00,0,00
1781041062,6,0,00,0,00,100,00,0,00
1781041062,7,0,00,10,34,89,66,10,34
1781041062,8,0,00,0,00,100,00,0,00
1781041062,9,0,00,0,00,100,00,0,00
1781041062,10,0,00,3,45,96,55,3,45
1781041062,11,0,00,0,00,100,00,0,00
1781041063,0,3,45,3,45,93,10,6,90
1781041063,1,0,00,0,00,100,00,0,00
1781041063,2,0,00,0,00,100,00,0,00
1781041063,3,100,00,0,00,0,00,100,00
1781041063,4,0,00,0,00,100,00,0,00
1781041063,5,0,00,0,00,100,00,0,00
1781041063,6,0,00,3,45,96,55,3,45
1781041063,7,0,00,0,00,100,00,0,00
1781041063,8,0,00,0,00,100,00,0,00
1781041063,9,0,00,0,00,100,00,0,00
1781041063,10,0,00,0,00,100,00,0,00
1781041063,11,0,00,0,00,100,00,0,00
1781041063,0,0,00,3,70,96,30,3,70
1781041063,1,0,00,0,00,100,00,0,00
1781041063,2,0,00,3,33,96,67,3,33
1781041063,3,13,79,0,00,86,21,13,79
1781041063,4,0,00,0,00,100,00,0,00
1781041063,5,0,00,0,00,100,00,0,00
1781041063,6,0,00,0,00,100,00,0,00
1781041063,7,0,00,0,00,100,00,0,00
1781041063,8,0,00,0,00,100,00,0,00
1781041063,9,86,21,0,00,13,79,86,21
1781041063,10,3,33,3,33,93,33,6,67
1781041063,11,0,00,0,00,100,00,0,00
1781041064,0,0,00,0,00,100,00,0,00
1781041064,1,0,00,3,45,96,55,3,45
1781041064,2,0,00,0,00,100,00,0,00
1781041064,3,0,00,0,00,100,00,0,00
1781041064,4,0,00,0,00,100,00,0,00
1781041064,5,0,00,0,00,100,00,0,00
1781041064,6,0,00,0,00,100,00,0,00
1781041064,7,0,00,0,00,100,00,0,00
1781041064,8,0,00,0,00,100,00,0,00
1781041064,9,100,00,0,00,0,00,100,00
1781041064,10,0,00,6,90,93,10,6,90
1781041064,11,0,00,0,00,100,00,0,00
1781041065,0,3,45,6,90,89,66,10,34
1781041065,1,0,00,0,00,100,00,0,00
1781041065,2,0,00,0,00,100,00,0,00
1781041065,3,0,00,0,00,100,00,0,00
1781041065,4,0,00,0,00,100,00,0,00
1781041065,5,0,00,0,00,100,00,0,00
1781041065,6,0,00,0,00,100,00,0,00
1781041065,7,3,45,0,00,96,55,3,45
1781041065,8,0,00,0,00,100,00,0,00
1781041065,9,100,00,0,00,0,00,100,00
1781041065,10,0,00,0,00,100,00,0,00
1781041065,11,0,00,0,00,100,00,0,00
1781041065,0,0,00,3,45,96,55,3,45
1781041065,1,0,00,10,71,89,29,10,71
1781041065,2,0,00,7,14,92,86,7,14
1781041065,3,0,00,0,00,100,00,0,00
1781041065,4,0,00,0,00,100,00,0,00
1781041065,5,0,00,0,00,100,00,0,00
1781041065,6,0,00,0,00,100,00,0,00
1781041065,7,0,00,0,00,100,00,0,00
1781041065,8,0,00,0,00,100,00,0,00
1781041065,9,100,00,0,00,0,00,100,00
1781041065,10,0,00,3,33,96,67,3,33
1781041065,11,0,00,0,00,100,00,0,00
1781041066,0,3,45,6,90,89,66,10,34
1781041066,1,0,00,0,00,100,00,0,00
1781041066,2,0,00,0,00,100,00,0,00
1781041066,3,100,00,0,00,0,00,100,00
1781041066,4,0,00,0,00,100,00,0,00
1781041066,5,0,00,0,00,100,00,0,00
1781041066,6,0,00,0,00,100,00,0,00
1781041066,7,0,00,0,00,100,00,0,00
1781041066,8,0,00,3,57,96,43,3,57
1781041066,9,0,00,0,00,100,00,0,00
1781041066,10,0,00,0,00,100,00,0,00
1781041066,11,0,00,0,00,100,00,0,00
1781041067,0,0,00,0,00,100,00,0,00
1781041067,1,0,00,0,00,100,00,0,00
1781041067,2,0,00,0,00,100,00,0,00
1781041067,3,100,00,0,00,0,00,100,00
1781041067,4,0,00,0,00,100,00,0,00
1781041067,5,0,00,0,00,100,00,0,00
1781041067,6,0,00,6,90,93,10,6,90
1781041067,7,0,00,0,00,100,00,0,00
1781041067,8,3,45,0,00,96,55,3,45
1781041067,9,0,00,0,00,100,00,0,00
1781041067,10,0,00,3,45,96,55,3,45
1781041067,11,0,00,0,00,100,00,0,00
1781041067,0,0,00,3,57,96,43,3,57
1781041067,1,0,00,0,00,100,00,0,00
1781041067,2,0,00,6,90,93,10,6,90
1781041067,3,100,00,0,00,0,00,100,00
1781041067,4,0,00,0,00,100,00,0,00
1781041067,5,0,00,0,00,100,00,0,00
1781041067,6,0,00,0,00,100,00,0,00
1781041067,7,0,00,3,33,96,67,3,33
1781041067,8,0,00,0,00,100,00,0,00
1781041067,9,0,00,0,00,100,00,0,00
1781041067,10,3,23,3,23,93,55,6,45
1781041067,11,0,00,0,00,100,00,0,00
1781041068,0,0,00,0,00,100,00,0,00
1781041068,1,0,00,0,00,100,00,0,00
1781041068,2,0,00,6,90,93,10,6,90
1781041068,3,100,00,0,00,0,00,100,00
1781041068,4,0,00,0,00,100,00,0,00
1781041068,5,0,00,0,00,100,00,0,00
1781041068,6,0,00,3,45,96,55,3,45
1781041068,7,0,00,0,00,100,00,0,00
1781041068,8,0,00,0,00,100,00,0,00
1781041068,9,0,00,0,00,100,00,0,00
1781041068,10,0,00,0,00,100,00,0,00
1781041068,11,0,00,0,00,100,00,0,00
1781041069,0,0,00,3,45,96,55,3,45
1781041069,1,3,45,0,00,96,55,3,45
1781041069,2,0,00,0,00,100,00,0,00
1781041069,3,100,00,0,00,0,00,100,00
1781041069,4,0,00,0,00,100,00,0,00
1781041069,5,0,00,0,00,100,00,0,00
1781041069,6,3,45,6,90,89,66,10,34
1781041069,7,0,00,0,00,100,00,0,00
1781041069,8,0,00,0,00,100,00,0,00
1781041069,9,0,00,0,00,100,00,0,00
1781041069,10,0,00,0,00,100,00,0,00
1781041069,11,0,00,0,00,100,00,0,00
1781041069,0,0,00,0,00,100,00,0,00
1781041069,1,0,00,3,45,96,55,3,45
1781041069,2,3,33,0,00,96,67,3,33
1781041069,3,100,00,0,00,0,00,100,00
1781041069,4,0,00,0,00,100,00,0,00
1781041069,5,0,00,0,00,100,00,0,00
1781041069,6,0,00,6,90,93,10,6,90
1781041069,7,0,00,0,00,100,00,0,00
1781041069,8,0,00,0,00,100,00,0,00
1781041069,9,0,00,0,00,100,00,0,00
1781041069,10,0,00,0,00,100,00,0,00
1781041069,11,0,00,0,00,100,00,0,00
1781041070,0,0,00,0,00,100,00,0,00
1781041070,1,0,00,13,79,86,21,13,79
1781041070,2,0,00,6,90,93,10,6,90
1781041070,3,100,00,0,00,0,00,100,00
1781041070,4,0,00,0,00,100,00,0,00
1781041070,5,0,00,0,00,100,00,0,00
1781041070,6,0,00,3,45,96,55,3,45
1781041070,7,0,00,0,00,100,00,0,00
1781041070,8,0,00,0,00,100,00,0,00
1781041070,9,0,00,0,00,100,00,0,00
1781041070,10,0,00,0,00,100,00,0,00
1781041070,11,3,23,3,23,93,55,6,45
1781041071,0,0,00,0,00,100,00,0,00
1781041071,1,0,00,0,00,100,00,0,00
1781041071,2,0,00,7,14,92,86,7,14
1781041071,3,100,00,0,00,0,00,100,00
1781041071,4,0,00,0,00,100,00,0,00
1781041071,5,0,00,0,00,100,00,0,00
1781041071,6,0,00,3,45,96,55,3,45
1781041071,7,0,00,0,00,100,00,0,00
1781041071,8,0,00,0,00,100,00,0,00
1781041071,9,0,00,0,00,100,00,0,00
1781041071,10,0,00,3,45,96,55,3,45
1781041071,11,0,00,0,00,100,00,0,00
1781041071,0,0,00,0,00,100,00,0,00
1781041071,1,0,00,7,14,92,86,7,14
1781041071,2,0,00,3,45,96,55,3,45
1781041071,3,100,00,0,00,0,00,100,00
1781041071,4,0,00,0,00,100,00,0,00
1781041071,5,0,00,0,00,100,00,0,00
1781041071,6,0,00,0,00,100,00,0,00
1781041071,7,0,00,0,00,100,00,0,00
1781041071,8,0,00,0,00,100,00,0,00
1781041071,9,0,00,0,00,100,00,0,00
1781041071,10,0,00,0,00,100,00,0,00
1781041071,11,0,00,0,00,100,00,0,00
1781041072,0,0,00,0,00,100,00,0,00
1781041072,1,0,00,3,45,96,55,3,45
1781041072,2,0,00,0,00,100,00,0,00
1781041072,3,100,00,0,00,0,00,100,00
1781041072,4,0,00,0,00,100,00,0,00
1781041072,5,0,00,0,00,100,00,0,00
1781041072,6,0,00,7,14,92,86,7,14
1781041072,7,0,00,0,00,100,00,0,00
1781041072,8,0,00,0,00,100,00,0,00
1781041072,9,0,00,0,00,100,00,0,00
1781041072,10,0,00,0,00,100,00,0,00
1781041072,11,0,00,0,00,100,00,0,00
1781041073,0,3,33,0,00,96,67,3,33
1781041073,1,0,00,0,00,100,00,0,00
1781041073,2,3,45,0,00,96,55,3,45
1781041073,3,100,00,0,00,0,00,100,00
1781041073,4,0,00,0,00,100,00,0,00
1781041073,5,0,00,0,00,100,00,0,00
1781041073,6,0,00,6,90,93,10,6,90
1781041073,7,0,00,3,45,96,55,3,45
1781041073,8,0,00,3,45,96,55,3,45
1781041073,9,0,00,0,00,100,00,0,00
1781041073,10,0,00,0,00,100,00,0,00
1781041073,11,0,00,0,00,100,00,0,00
1781041073,0,3,57,7,14,89,29,10,71
1781041073,1,0,00,20,00,80,00,20,00
1781041073,2,0,00,0,00,100,00,0,00
1781041073,3,100,00,0,00,0,00,100,00
1781041073,4,0,00,0,00,100,00,0,00
1781041073,5,0,00,3,33,96,67,3,33
1781041073,6,0,00,0,00,100,00,0,00
1781041073,7,0,00,0,00,100,00,0,00
1781041073,8,0,00,0,00,100,00,0,00
1781041073,9,0,00,0,00,100,00,0,00
1781041073,10,0,00,0,00,100,00,0,00
1781041073,11,0,00,0,00,100,00,0,00
1781041074,0,0,00,0,00,100,00,0,00
1781041074,1,0,00,0,00,100,00,0,00
1781041074,2,0,00,0,00,100,00,0,00
1781041074,3,100,00,0,00,0,00,100,00
1781041074,4,0,00,3,33,96,67,3,33
1781041074,5,0,00,0,00,100,00,0,00
1781041074,6,3,33,3,33,93,33,6,67
1781041074,7,0,00,0,00,100,00,0,00
1781041074,8,0,00,6,90,93,10,6,90
1781041074,9,0,00,0,00,100,00,0,00
1781041074,10,0,00,3,45,96,55,3,45
1781041074,11,0,00,0,00,100,00,0,00
1781041075,0,0,00,0,00,100,00,0,00
1781041075,1,3,45,3,45,93,10,6,90
1781041075,2,0,00,0,00,100,00,0,00
1781041075,3,100,00,0,00,0,00,100,00
1781041075,4,0,00,0,00,100,00,0,00
1781041075,5,0,00,0,00,100,00,0,00
1781041075,6,0,00,10,00,90,00,10,00
1781041075,7,0,00,0,00,100,00,0,00
1781041075,8,0,00,3,33,96,67,3,33
1781041075,9,0,00,0,00,100,00,0,00
1781041075,10,3,45,0,00,96,55,3,45
1781041075,11,0,00,0,00,100,00,0,00
1781041075,0,0,00,3,70,96,30,3,70
1781041075,1,0,00,0,00,100,00,0,00
1781041075,2,0,00,0,00,100,00,0,00
1781041075,3,100,00,0,00,0,00,100,00
1781041075,4,0,00,0,00,100,00,0,00
1781041075,5,0,00,0,00,100,00,0,00
1781041075,6,0,00,0,00,100,00,0,00
1781041075,7,0,00,3,45,96,55,3,45
1781041075,8,0,00,3,45,96,55,3,45
1781041075,9,0,00,0,00,100,00,0,00
1781041075,10,0,00,0,00,100,00,0,00
1781041075,11,0,00,0,00,100,00,0,00
1781041076,0,0,00,3,45,96,55,3,45
1781041076,1,0,00,3,57,96,43,3,57
1781041076,2,0,00,0,00,100,00,0,00
1781041076,3,100,00,0,00,0,00,100,00
1781041076,4,0,00,0,00,100,00,0,00
1781041076,5,0,00,0,00,100,00,0,00
1781041076,6,0,00,3,70,96,30,3,70
1781041076,7,0,00,0,00,100,00,0,00
1781041076,8,0,00,0,00,100,00,0,00
1781041076,9,0,00,0,00,100,00,0,00
1781041076,10,0,00,0,00,100,00,0,00
1781041076,11,0,00,0,00,100,00,0,00
1781041076,0,0,00,0,00,100,00,0,00
1781041076,1,0,00,0,00,100,00,0,00
1781041076,2,0,00,0,00,100,00,0,00
1781041076,3,100,00,0,00,0,00,100,00
1781041076,4,0,00,0,00,100,00,0,00
1781041076,5,0,00,0,00,100,00,0,00
1781041076,6,0,00,0,00,100,00,0,00
1781041076,7,0,00,10,34,89,66,10,34
1781041076,8,3,45,0,00,96,55,3,45
1781041076,9,0,00,0,00,100,00,0,00
1781041076,10,0,00,0,00,100,00,0,00
1781041076,11,0,00,0,00,100,00,0,00
1781041077,0,0,00,3,57,96,43,3,57
1781041077,1,0,00,3,57,96,43,3,57
1781041077,2,0,00,0,00,100,00,0,00
1781041077,3,100,00,0,00,0,00,100,00
1781041077,4,0,00,3,45,96,55,3,45
1781041077,5,0,00,3,33,96,67,3,33
1781041077,6,0,00,3,33,96,67,3,33
1781041077,7,0,00,0,00,100,00,0,00
1781041077,8,0,00,0,00,100,00,0,00
1781041077,9,0,00,0,00,100,00,0,00
1781041077,10,0,00,0,00,100,00,0,00
1781041077,11,0,00,0,00,100,00,0,00
1781041078,0,3,45,3,45,93,10,6,90
1781041078,1,0,00,17,86,82,14,17,86
1781041078,2,0,00,0,00,100,00,0,00
1781041078,3,100,00,0,00,0,00,100,00
1781041078,4,0,00,0,00,100,00,0,00
1781041078,5,0,00,0,00,100,00,0,00
1781041078,6,0,00,3,45,96,55,3,45
1781041078,7,0,00,0,00,100,00,0,00
1781041078,8,0,00,3,45,96,55,3,45
1781041078,9,0,00,0,00,100,00,0,00
1781041078,10,0,00,0,00,100,00,0,00
1781041078,11,0,00,0,00,100,00,0,00
1781041078,0,0,00,3,57,96,43,3,57
1781041078,1,3,33,3,33,93,33,6,67
1781041078,2,0,00,0,00,100,00,0,00
1781041078,3,100,00,0,00,0,00,100,00
1781041078,4,0,00,0,00,100,00,0,00
1781041078,5,0,00,0,00,100,00,0,00
1781041078,6,0,00,0,00,100,00,0,00
1781041078,7,0,00,0,00,100,00,0,00
1781041078,8,3,23,9,68,87,10,12,90
1781041078,9,0,00,0,00,100,00,0,00
1781041078,10,0,00,0,00,100,00,0,00
1781041078,11,0,00,0,00,100,00,0,00
1781041079,0,0,00,0,00,100,00,0,00
1781041079,1,0,00,3,45,96,55,3,45
1781041079,2,0,00,0,00,100,00,0,00
1781041079,3,100,00,0,00,0,00,100,00
1781041079,4,0,00,0,00,100,00,0,00
1781041079,5,0,00,0,00,100,00,0,00
1781041079,6,0,00,0,00,100,00,0,00
1781041079,7,0,00,0,00,100,00,0,00
1781041079,8,0,00,6,90,93,10,6,90
1781041079,9,0,00,0,00,100,00,0,00
1781041079,10,0,00,0,00,100,00,0,00
1781041079,11,0,00,0,00,100,00,0,00
1781041080,0,0,00,0,00,100,00,0,00
1781041080,1,0,00,0,00,100,00,0,00
1781041080,2,0,00,0,00,100,00,0,00
1781041080,3,100,00,0,00,0,00,100,00
1781041080,4,0,00,0,00,100,00,0,00
1781041080,5,3,33,0,00,96,67,3,33
1781041080,6,3,33,3,33,93,33,6,67
1781041080,7,0,00,3,33,96,67,3,33
1781041080,8,3,33,6,67,90,00,10,00
1781041080,9,0,00,0,00,100,00,0,00
1781041080,10,0,00,0,00,100,00,0,00
1781041080,11,0,00,3,33,96,67,3,33
1781041080,0,0,00,0,00,100,00,0,00
1781041080,1,3,33,6,67,90,00,10,00
1781041080,2,0,00,3,45,96,55,3,45
1781041080,3,100,00,0,00,0,00,100,00
1781041080,4,0,00,0,00,100,00,0,00
1781041080,5,0,00,0,00,100,00,0,00
1781041080,6,0,00,0,00,100,00,0,00
1781041080,7,0,00,0,00,100,00,0,00
1781041080,8,0,00,0,00,100,00,0,00
1781041080,9,0,00,0,00,100,00,0,00
1781041080,10,0,00,0,00,100,00,0,00
1781041080,11,0,00,0,00,100,00,0,00
1781041081,0,0,00,0,00,100,00,0,00
1781041081,1,0,00,0,00,100,00,0,00
1781041081,2,0,00,0,00,100,00,0,00
1781041081,3,100,00,0,00,0,00,100,00
1781041081,4,0,00,0,00,100,00,0,00
1781041081,5,0,00,0,00,100,00,0,00
1781041081,6,0,00,3,45,96,55,3,45
1781041081,7,0,00,0,00,100,00,0,00
1781041081,8,0,00,3,57,96,43,3,57
1781041081,9,0,00,0,00,100,00,0,00
1781041081,10,0,00,0,00,100,00,0,00
1781041081,11,0,00,0,00,100,00,0,00
1781041082,0,0,00,3,45,96,55,3,45
1781041082,1,0,00,3,70,96,30,3,70
1781041082,2,0,00,0,00,100,00,0,00
1781041082,3,0,00,0,00,100,00,0,00
1781041082,4,0,00,3,45,96,55,3,45
1781041082,5,0,00,0,00,100,00,0,00
1781041082,6,0,00,0,00,100,00,0,00
1781041082,7,0,00,0,00,100,00,0,00
