timestamp,cpu_user,cpu_sys,gpu_util,gpu_mem_used_mb,gpu_mem_total_mb,mem_used_mb,mem_total_mb
1780900396,0,89,8,04,0,285,8188,2146,15932
1780900396,4,87,5,16,0,285,8188,3440,15932
1780900397,8,21,1,17,0,285,8188,3650,15932
1780900398,8,41,2,03,0,285,8188,3641,15932
1780900398,51,16,5,49,0,387,8188,3882,15932
1780900399,50,56,2,53,98,1635,8188,4200,15932
1780900400,50,14,1,12,98,1859,8188,4224,15932
1780900400,50,14,1,39,100,1859,8188,4208,15932
1780900401,50,28,1,40,100,1859,8188,4201,15932
1780900402,50,70,0,84,100,1859,8188,4193,15932
1780900402,50,14,0,85,100,1859,8188,4189,15932
1780900403,50,42,0,56,0,1859,8188,4164,15932
1780900404,50,42,1,40,0,1859,8188,4155,15932
1780900405,50,56,0,84,0,1859,8188,4155,15932
1780900405,50,14,2,52,0,1859,8188,4124,15932
1780900406,50,42,0,85,0,1859,8188,4132,15932
1780900407,50,70,2,24,0,1859,8188,4129,15932
1780900407,50,14,1,40,0,1859,8188,4109,15932
1780900408,50,00,2,79,0,1859,8188,4105,15932
1780900409,50,00,1,40,0,1859,8188,4101,15932
1780900410,50,14,1,66,0,1859,8188,4101,15932
1780900410,49,86,1,67,0,1859,8188,4100,15932
1780900411,50,42,1,13,0,1859,8188,4095,15932
1780900412,50,42,0,84,0,1859,8188,4092,15932
1780900412,50,42,1,11,0,1859,8188,4076,15932
1780900413,50,28,1,12,0,1859,8188,4062,15932
1780900414,50,56,1,40,0,1859,8188,4078,15932
1780900415,50,42,2,23,0,1859,8188,4052,15932
1780900415,50,70,0,84,0,1859,8188,4071,15932
1780900416,50,69,2,75,0,1859,8188,4071,15932
1780900417,50,42,1,12,0,1859,8188,4076,15932
1780900417,50,42,2,51,0,1859,8188,4055,15932
1780900418,50,70,0,84,0,1859,8188,4069,15932
1780900419,50,28,1,12,0,1859,8188,4067,15932
1780900420,50,56,1,11,0,1859,8188,4061,15932
1780900420,50,55,1,37,0,1859,8188,4058,15932
1780900421,50,56,1,12,0,1859,8188,4066,15932
1780900422,50,14,1,66,0,1859,8188,4061,15932
1780900422,50,83,1,10,0,1859,8188,4063,15932
1780900423,50,14,1,11,0,1859,8188,4057,15932
1780900424,50,42,2,51,0,1859,8188,4056,15932
1780900425,50,00,1,11,0,1859,8188,4037,15932
1780900425,50,27,2,75,0,1859,8188,4047,15932
1780900426,50,28,1,38,0,1859,8188,4034,15932
1780900427,50,43,1,71,0,1859,8188,4045,15932
1780900427,50,42,1,39,0,1859,8188,4066,15932
1780900428,50,14,1,39,0,1859,8188,4073,15932
1780900429,50,41,1,64,0,1859,8188,4046,15932
1780900430,50,56,1,11,0,1859,8188,4044,15932
1780900430,50,55,1,10,0,1859,8188,4060,15932
1780900431,50,83,1,39,0,1859,8188,4068,15932
1780900432,50,56,1,12,0,1859,8188,4057,15932
1780900432,50,41,1,65,0,1859,8188,4044,15932
1780900433,50,70,1,95,0,1859,8188,4039,15932
1780900434,50,27,1,63,0,1859,8188,4036,15932
1780900435,50,56,2,22,0,1859,8188,4059,15932
1780900435,50,41,1,38,0,1859,8188,4058,15932
1780900436,50,14,2,77,0,1859,8188,4054,15932
1780900437,50,28,1,67,0,1859,8188,4048,15932
1780900438,50,56,1,11,0,1859,8188,4047,15932
1780900438,50,14,1,39,0,1859,8188,4048,15932
1780900439,50,28,1,38,0,1859,8188,4047,15932
1780900440,50,42,1,39,0,1859,8188,4040,15932
1780900440,50,55,1,38,0,1859,8188,4046,15932
1780900441,50,14,1,39,0,1859,8188,4053,15932
1780900442,50,70,1,12,0,1859,8188,4052,15932
1780900443,50,42,2,52,0,1859,8188,4071,15932
1780900443,50,69,1,11,0,1859,8188,4074,15932
1780900444,50,42,2,77,0,1859,8188,4073,15932
1780900445,50,28,1,66,0,1859,8188,4077,15932
1780900445,50,84,1,68,0,1859,8188,4078,15932
1780900446,50,14,1,66,0,1859,8188,4068,15932
1780900447,50,28,1,39,0,1859,8188,4053,15932
1780900448,50,83,1,38,0,1859,8188,4070,15932
1780900448,50,14,1,39,0,1859,8188,4066,15932
1780900449,50,14,1,67,0,1859,8188,4072,15932
1780900450,50,42,0,84,0,1859,8188,4047,15932
1780900450,50,00,1,67,0,1859,8188,4041,15932
1780900451,50,14,1,39,0,1859,8188,4042,15932
1780900452,50,69,2,22,0,1859,8188,4042,15932
1780900453,50,28,1,68,0,1859,8188,4060,15932
1780900453,50,69,2,49,0,1859,8188,4062,15932
1780900454,50,00,1,67,0,1859,8188,4035,15932
1780900455,50,69,2,22,0,1859,8188,4029,15932
1780900455,50,14,1,39,0,1859,8188,4032,15932
1780900456,50,14,1,66,0,1859,8188,4045,15932
1780900457,50,14,1,11,0,1859,8188,4040,15932
1780900458,50,28,1,40,0,1859,8188,4042,15932
1780900458,50,28,1,40,0,1859,8188,4044,15932
1780900459,50,42,1,11,0,1859,8188,4059,15932
1780900460,50,42,1,11,0,1859,8188,4055,15932
1780900460,50,42,1,11,0,1859,8188,4061,15932
1780900461,50,56,2,50,0,1859,8188,4037,15932
1780900462,50,98,0,84,0,1859,8188,4042,15932
1780900463,50,28,2,78,0,1859,8188,4070,15932
1780900463,50,56,0,56,0,1859,8188,4079,15932
1780900464,50,00,2,79,0,1859,8188,4094,15932
1780900465,50,14,1,11,0,1859,8188,4090,15932
1780900465,50,14,1,67,0,1859,8188,4083,15932
1780900466,50,00,1,40,0,1859,8188,4079,15932
1780900467,50,14,1,65,0,1859,8188,4071,15932
1780900468,50,14,1,39,0,1859,8188,4072,15932
1780900468,50,42,1,11,0,1859,8188,4049,15932
1780900469,50,69,1,38,0,1859,8188,4033,15932
1780900470,50,28,1,39,0,1859,8188,4049,15932
1780900470,49,86,2,22,0,1859,8188,4043,15932
1780900471,50,00,1,67,0,1859,8188,4041,15932
1780900472,50,98,1,68,0,1859,8188,4023,15932
1780900473,50,28,1,39,0,1859,8188,4039,15932
1780900473,50,70,2,23,0,1859,8188,4057,15932
1780900474,49,86,1,66,0,1859,8188,4041,15932
1780900475,50,41,1,38,0,1859,8188,4037,15932
1780900475,50,56,0,84,0,1859,8188,4044,15932
1780900476,50,56,1,12,0,1859,8188,4044,15932
1780900477,50,70,0,84,0,1859,8188,4036,15932
1780900478,50,28,1,39,0,1859,8188,4040,15932
1780900478,50,28,1,67,0,1859,8188,4040,15932
1780900479,50,28,1,11,0,1859,8188,4024,15932
1780900480,50,14,1,67,0,1859,8188,4038,15932
1780900480,50,69,1,11,0,1859,8188,4035,15932
1780900481,50,56,2,50,0,1859,8188,4034,15932
1780900482,50,28,1,12,0,1859,8188,4021,15932
1780900483,50,41,3,01,0,1859,8188,4022,15932
1780900483,50,56,0,84,0,1859,8188,4029,15932
1780900484,50,41,1,65,0,1859,8188,4022,15932
1780900485,50,70,1,11,0,1859,8188,4045,15932
1780900485,50,42,1,39,0,1859,8188,4067,15932
1780900486,50,14,1,10,0,1859,8188,4068,15932
1780900487,50,00,1,38,0,1859,8188,4051,15932
1780900488,50,56,1,11,0,1859,8188,4032,15932
1780900488,50,14,1,39,0,1859,8188,4028,15932
1780900489,50,42,1,39,0,1859,8188,4044,15932
1780900490,50,28,1,40,0,1859,8188,4045,15932
1780900490,50,42,2,51,0,1859,8188,4047,15932
1780900491,50,28,1,66,0,1859,8188,4038,15932
1780900492,50,55,2,49,0,1859,8188,4020,15932
1780900493,50,00,1,66,0,1859,8188,4042,15932
1780900493,50,28,1,67,0,1859,8188,4057,15932
1780900494,50,00,1,39,0,1859,8188,4076,15932
1780900495,50,42,1,11,0,1859,8188,4071,15932
1780900495,50,14,1,39,0,1859,8188,4068,15932
1780900496,50,28,1,38,0,1859,8188,4056,15932
1780900497,50,55,1,10,0,1859,8188,4052,15932
1780900498,50,28,1,39,0,1859,8188,4053,15932
1780900498,50,42,1,66,0,1859,8188,4058,15932
1780900499,50,56,1,12,0,1859,8188,4063,15932
1780900500,50,14,2,49,0,1859,8188,4037,15932
1780900500,50,14,1,39,0,1859,8188,4038,15932
1780900501,50,56,2,78,0,1859,8188,4054,15932
1780900502,50,28,1,40,0,1859,8188,4050,15932
1780900503,50,42,2,49,0,1859,8188,4031,15932
1780900503,50,69,1,10,0,1859,8188,4044,15932
1780900504,50,14,1,39,0,1859,8188,4028,15932
1780900505,50,28,1,40,0,1859,8188,4035,15932
1780900506,50,42,1,68,0,1859,8188,4037,15932
1780900506,50,56,1,12,0,1859,8188,4038,15932
1780900507,50,42,1,39,0,1859,8188,4047,15932
1780900508,50,56,1,11,0,1859,8188,4059,15932
1780900508,50,14,1,66,0,1859,8188,4050,15932
1780900509,50,14,1,95,0,1859,8188,4048,15932
1780900510,50,42,1,66,0,1859,8188,4048,15932
1780900511,50,56,2,51,0,1859,8188,4057,15932
1780900511,50,56,0,84,0,1859,8188,4054,15932
1780900512,50,56,2,50,0,1859,8188,4056,15932
1780900513,50,00,1,67,0,1859,8188,4059,15932
1780900513,50,56,0,84,0,1859,8188,4056,15932
1780900514,50,55,1,10,0,1859,8188,4052,15932
1780900515,50,28,1,12,0,1859,8188,4036,15932
1780900516,50,00,1,66,0,1859,8188,4047,15932
1780900516,50,42,1,39,0,1859,8188,4036,15932
1780900517,50,42,1,39,0,1859,8188,4037,15932
1780900518,50,28,1,11,0,1859,8188,4022,15932
1780900518,50,55,1,37,0,1859,8188,4047,15932
1780900519,50,56,1,12,0,1859,8188,4046,15932
1780900520,50,70,2,23,0,1859,8188,4045,15932
1780900521,50,28,1,11,0,1859,8188,4059,15932
1780900521,50,28,2,78,0,1859,8188,4073,15932
1780900522,50,28,0,84,0,1859,8188,4060,15932
1780900523,50,41,1,93,0,1859,8188,4051,15932
1780900523,50,42,1,39,0,1859,8188,4053,15932
1780900524,50,56,1,12,0,1859,8188,4053,15932
1780900525,50,42,1,39,0,1859,8188,4055,15932
1780900526,50,42,1,39,0,1859,8188,4057,15932
1780900526,49,86,1,93,0,1859,8188,4075,15932
1780900527,50,42,1,39,0,1859,8188,4059,15932
1780900528,50,70,0,84,0,1859,8188,4061,15932
1780900528,50,28,1,39,0,1859,8188,4061,15932
1780900529,50,42,2,51,0,1859,8188,4046,15932
1780900530,49,73,1,65,0,1859,8188,4046,15932
1780900531,50,83,2,49,0,1859,8188,4048,15932
1780900531,50,55,1,38,0,1859,8188,4046,15932
1780900532,50,56,1,67,0,1859,8188,4039,15932
1780900533,50,14,1,67,0,1859,8188,4040,15932
1780900533,49,86,1,66,0,1859,8188,4063,15932
1780900534,49,86,1,65,0,1859,8188,4039,15932
1780900535,50,56,1,12,0,1859,8188,4060,15932
1780900536,50,14,1,39,0,1859,8188,4057,15932
1780900536,50,00,1,38,0,1859,8188,4046,15932
1780900537,50,28,1,40,0,1859,8188,4047,15932
1780900538,50,42,1,39,0,1859,8188,4040,15932
1780900538,50,69,2,20,0,1859,8188,4034,15932
1780900539,50,14,1,66,0,1859,8188,4032,15932
1780900540,50,84,1,96,0,1859,8188,4034,15932
1780900541,50,56,1,39,0,1859,8188,4051,15932
1780900541,50,28,2,51,0,1859,8188,4071,15932
1780900542,50,00,1,67,0,1859,8188,4070,15932
1780900543,50,70,0,56,0,1859,8188,4048,15932
1780900543,50,98,1,40,0,1859,8188,4050,15932
1780900544,50,56,1,12,0,1859,8188,4035,15932
1780900545,50,42,1,40,0,1859,8188,4055,15932
1780900546,50,14,1,39,0,1859,8188,4048,15932
1780900546,50,14,1,11,0,1859,8188,4038,15932
1780900547,50,56,1,11,0,1859,8188,4033,15932
1780900548,50,41,2,20,0,1859,8188,4045,15932
1780900548,50,14,1,39,0,1859,8188,4048,15932
1780900549,50,84,1,69,0,1859,8188,4047,15932
1780900550,50,14,1,94,0,1859,8188,4045,15932
1780900551,50,42,1,96,0,1859,8188,4039,15932
1780900551,50,56,0,83,0,1859,8188,4059,15932
1780900552,49,86,1,39,0,1859,8188,4081,15932
1780900553,50,14,2,22,0,1859,8188,4077,15932
1780900553,50,56,1,12,0,1859,8188,4082,15932
1780900554,50,28,1,12,0,1859,8188,4078,15932
1780900555,50,56,1,12,0,1859,8188,4070,15932
1780900556,50,42,0,84,0,1859,8188,4058,15932
1780900556,49,86,1,66,0,1859,8188,4053,15932
1780900557,50,42,1,39,0,1859,8188,4061,15932
1780900558,50,14,1,11,0,1859,8188,4072,15932
1780900558,50,28,2,22,0,1859,8188,4071,15932
1780900559,50,42,1,39,0,1859,8188,4063,15932
1780900560,50,14,2,77,0,1859,8188,4053,15932
1780900561,50,14,1,39,0,1859,8188,4049,15932
1780900561,50,41,1,64,0,1859,8188,4053,15932
1780900562,50,14,1,66,0,1859,8188,4044,15932
1780900563,50,14,1,39,0,1859,8188,4046,15932
1780900564,50,56,1,12,0,1859,8188,4046,15932
1780900564,50,28,1,12,0,1859,8188,4043,15932
1780900565,50,42,1,39,0,1859,8188,4056,15932
1780900566,50,00,1,38,0,1859,8188,4032,15932
1780900566,50,14,1,66,0,1859,8188,4029,15932
1780900567,50,28,1,67,0,1859,8188,4021,15932
1780900568,50,28,2,22,0,1859,8188,4021,15932
1780900569,50,28,1,38,0,1859,8188,4043,15932
1780900569,50,14,2,77,0,1859,8188,4043,15932
1780900570,50,42,1,11,0,1859,8188,4060,15932
1780900571,50,14,2,77,0,1859,8188,4086,15932
1780900571,50,70,0,84,0,1859,8188,4088,15932
1780900572,50,28,1,40,0,1859,8188,4064,15932
1780900573,50,28,1,40,0,1859,8188,4052,15932
1780900574,50,28,1,40,0,1859,8188,4028,15932
1780900574,50,55,1,38,0,1859,8188,4044,15932
1780900575,50,70,1,39,0,1859,8188,4043,15932
1780900576,50,00,1,67,0,1859,8188,4044,15932
1780900576,50,42,1,11,0,1859,8188,4042,15932
1780900577,50,42,2,51,0,1859,8188,4045,15932
1780900578,50,00,1,93,0,1859,8188,4060,15932
1780900579,50,56,2,23,0,1859,8188,4061,15932
1780900579,50,42,0,84,0,1859,8188,4041,15932
1780900580,50,14,2,23,0,1859,8188,4041,15932
1780900581,50,28,1,67,0,1859,8188,4044,15932
1780900581,50,42,1,11,0,1859,8188,4027,15932
1780900582,50,28,1,39,0,1859,8188,4016,15932
1780900583,50,42,1,39,0,1859,8188,4042,15932
1780900584,50,14,1,38,0,1859,8188,4051,15932
1780900584,50,42,1,66,0,1859,8188,4042,15932
1780900585,50,42,1,11,0,1859,8188,4044,15932
1780900586,50,42,1,11,0,1859,8188,4038,15932
1780900586,50,14,3,03,0,1859,8188,4043,15932
1780900587,50,42,1,39,0,1859,8188,4041,15932
1780900588,50,14,2,77,0,1859,8188,4018,15932
1780900589,50,42,0,84,0,1859,8188,4044,15932
1780900589,50,14,2,51,0,1859,8188,4038,15932
1780900590,50,42,1,13,0,1859,8188,4060,15932
1780900591,50,70,0,84,0,1859,8188,4060,15932
1780900591,50,00,1,65,0,1859,8188,4045,15932
1780900592,50,00,1,66,0,1859,8188,4023,15932
1780900593,49,72,1,40,0,1859,8188,4039,15932
1780900594,50,28,1,11,0,1859,8188,4049,15932
1780900594,50,42,1,11,0,1859,8188,4048,15932
1780900595,50,14,1,39,0,1859,8188,4048,15932
1780900596,50,42,2,51,0,1859,8188,4041,15932
1780900596,50,00,1,39,0,1859,8188,4056,15932
1780900597,50,28,2,78,0,1859,8188,4054,15932
1780900598,50,28,1,39,0,1859,8188,4047,15932
1780900599,50,28,2,82,0,1859,8188,4048,15932
1780900599,50,70,1,12,0,1859,8188,4048,15932
1780900600,50,14,1,39,0,1859,8188,4047,15932
1780900601,50,14,1,39,0,1859,8188,4066,15932
1780900601,50,56,1,39,0,1859,8188,4072,15932
1780900602,50,42,1,11,0,1859,8188,4067,15932
1780900603,50,28,1,40,0,1859,8188,4059,15932
1780900604,50,14,1,39,0,1859,8188,4057,15932
1780900604,50,14,1,67,0,1859,8188,4054,15932
1780900605,50,28,1,69,0,1859,8188,4071,15932
1780900606,50,14,1,67,0,1859,8188,4063,15932
1780900606,50,70,1,96,0,1859,8188,4062,15932
1780900607,50,00,1,37,0,1859,8188,4055,15932
1780900608,50,14,2,79,0,1859,8188,4053,15932
1780900609,50,42,1,12,0,1859,8188,4048,15932
1780900609,50,42,1,40,0,1859,8188,4054,15932
1780900610,50,28,1,39,0,1859,8188,4051,15932
1780900611,50,55,1,66,0,1859,8188,4043,15932
1780900611,50,41,1,10,0,1859,8188,4038,15932
1780900612,50,56,0,84,0,1859,8188,4038,15932
1780900613,50,56,1,12,0,1859,8188,4040,15932
1780900614,50,28,1,12,0,1859,8188,4033,15932
1780900614,50,28,1,39,0,1859,8188,4033,15932
1780900615,50,28,1,39,0,1859,8188,4036,15932
1780900616,50,28,2,50,0,1859,8188,4031,15932
1780900616,50,28,1,11,0,1859,8188,4028,15932
1780900617,50,42,2,79,0,1859,8188,4034,15932
1780900618,50,28,1,39,0,1859,8188,4043,15932
1780900619,49,86,1,66,0,1859,8188,4035,15932
1780900619,50,28,1,12,0,1859,8188,4030,15932
1780900620,50,28,1,39,0,1859,8188,4042,15932
1780900621,50,42,1,11,0,1859,8188,4041,15932
1780900621,50,27,1,37,0,1859,8188,4044,15932
1780900622,50,42,1,12,0,1859,8188,4043,15932
1780900623,50,42,1,11,0,1859,8188,4064,15932
1780900624,50,56,1,11,0,1859,8188,4076,15932
1780900624,50,14,1,39,0,1859,8188,4070,15932
1780900625,50,42,2,49,0,1859,8188,4067,15932
1780900626,50,42,1,66,0,1859,8188,4069,15932
1780900626,50,56,2,50,0,1859,8188,4064,15932
1780900627,50,42,1,11,0,1859,8188,4062,15932
1780900628,50,42,1,94,0,1859,8188,4051,15932
1780900629,50,42,1,11,0,1859,8188,4051,15932
1780900629,50,27,1,64,0,1859,8188,4039,15932
1780900630,50,14,1,39,0,1859,8188,4049,15932
1780900631,50,85,0,85,0,1859,8188,4045,15932
1780900631,50,28,1,40,0,1859,8188,4046,15932
1780900632,50,56,1,39,0,1859,8188,4040,15932
1780900633,50,28,1,12,0,1859,8188,4058,15932
1780900634,50,00,1,93,0,1859,8188,4075,15932
1780900634,50,56,2,23,0,1859,8188,4049,15932
1780900635,50,28,1,67,0,1859,8188,4034,15932
1780900636,50,28,2,50,0,1859,8188,4035,15932
1780900636,50,00,1,67,0,1859,8188,4035,15932
1780900637,50,56,2,50,0,1859,8188,4050,15932
1780900638,50,28,1,39,0,1859,8188,4050,15932
1780900639,50,00,1,68,0,1859,8188,4071,15932
1780900639,50,14,1,11,0,1859,8188,4069,15932
1780900640,50,28,1,38,0,1859,8188,4062,15932
1780900641,50,27,1,37,0,1859,8188,4050,15932
1780900641,50,55,1,10,0,1859,8188,4054,15932
1780900642,50,28,1,40,0,1859,8188,4049,15932
1780900643,50,00,1,66,0,1859,8188,4053,15932
1780900644,50,70,1,97,0,1859,8188,4054,15932
1780900644,50,42,1,39,0,1859,8188,4051,15932
1780900645,50,56,2,25,0,1859,8188,4063,15932
1780900646,50,14,1,37,0,1859,8188,4057,15932
1780900646,50,28,2,51,0,1859,8188,4059,15932
1780900647,50,70,1,40,0,1859,8188,4059,15932
1780900648,50,14,1,66,0,1859,8188,4058,15932
1780900649,50,42,0,84,0,1859,8188,4060,15932
1780900649,50,42,1,12,0,1859,8188,4077,15932
1780900650,50,28,1,12,0,1859,8188,4077,15932
1780900651,50,42,1,40,0,1859,8188,4072,15932
1780900652,50,28,1,39,0,1859,8188,4064,15932
1780900652,50,28,1,11,0,1859,8188,4065,15932
1780900653,50,28,1,66,0,1859,8188,4039,15932
1780900654,50,56,1,11,0,1859,8188,4047,15932
1780900654,50,56,2,22,0,1859,8188,4040,15932
1780900655,50,42,1,67,0,1859,8188,4044,15932
1780900656,50,14,3,03,0,1859,8188,4036,15932
1780900657,50,42,1,67,0,1859,8188,4043,15932
1780900657,50,56,1,11,0,1859,8188,4039,15932
1780900658,50,14,1,40,0,1859,8188,4046,15932
1780900659,50,14,1,13,0,1859,8188,4069,15932
1780900659,50,42,1,12,0,1859,8188,4082,15932
1780900660,50,42,0,84,0,1859,8188,4102,15932
1780900661,50,56,1,67,0,1859,8188,4117,15932
1780900662,50,28,1,39,0,1859,8188,4118,15932
1780900662,50,55,1,10,0,1859,8188,4102,15932
1780900663,50,28,1,11,0,1859,8188,4075,15932
1780900664,50,14,2,77,0,1859,8188,4075,15932
1780900664,50,42,1,11,0,1859,8188,4069,15932
1780900665,50,27,3,02,0,1859,8188,4061,15932
1780900666,50,42,1,11,0,1859,8188,4060,15932
1780900667,50,56,1,96,0,1859,8188,4060,15932
1780900667,50,42,1,11,0,1859,8188,4056,15932
1780900668,50,42,1,11,0,1859,8188,4052,15932
1780900669,50,42,1,39,0,1859,8188,4067,15932
1780900669,49,86,1,66,0,1859,8188,4069,15932
1780900670,50,28,1,40,0,1859,8188,4053,15932
1780900671,50,69,1,39,0,1859,8188,4053,15932
1780900672,50,14,1,39,0,1859,8188,4055,15932
1780900672,50,14,1,66,0,1859,8188,4046,15932
1780900673,50,42,2,51,0,1859,8188,4021,15932
1780900674,50,56,0,84,0,1859,8188,4032,15932
1780900674,50,27,2,75,0,1859,8188,4032,15932
1780900675,50,56,1,11,0,1859,8188,4031,15932
1780900676,50,14,2,51,0,1859,8188,4035,15932
1780900677,50,42,1,39,0,1859,8188,4041,15932
1780900677,50,56,1,13,0,1859,8188,4038,15932
1780900678,50,42,1,39,0,1859,8188,4028,15932
1780900679,50,14,1,39,0,1859,8188,4048,15932
1780900679,50,14,1,65,0,1859,8188,4050,15932
1780900680,50,14,1,39,0,1859,8188,4057,15932
1780900681,50,28,1,11,0,1859,8188,4056,15932
1780900682,50,14,1,39,0,1859,8188,4053,15932
1780900682,50,69,2,75,0,1859,8188,4045,15932
1780900683,50,56,1,39,0,1859,8188,4044,15932
1780900684,50,55,2,76,0,1859,8188,4061,15932
1780900684,50,00,1,66,0,1859,8188,4065,15932
1780900685,50,56,1,94,0,1859,8188,4065,15932
1780900686,50,28,1,94,0,1859,8188,4047,15932
1780900687,50,28,1,66,0,1859,8188,4047,15932
1780900687,50,57,1,44,0,1859,8188,4050,15932
1780900688,50,70,1,12,0,1859,8188,4047,15932
1780900689,50,69,1,11,0,1859,8188,4044,15932
1780900689,50,70,1,11,0,1859,8188,4068,15932
1780900690,50,27,1,65,0,1859,8188,4055,15932
1780900691,50,14,1,66,0,1859,8188,4048,15932
1780900692,50,56,1,68,0,1859,8188,4041,15932
1780900692,50,99,0,56,0,1859,8188,4047,15932
1780900693,50,14,2,75,0,1859,8188,4045,15932
1780900694,50,00,1,65,0,1859,8188,4043,15932
1780900694,50,27,2,75,0,1859,8188,4063,15932
1780900695,50,00,1,39,0,1859,8188,4044,15932
1780900696,50,84,1,12,0,1859,8188,4061,15932
1780900697,50,00,1,94,0,1859,8188,4066,15932
1780900697,50,28,1,38,0,1859,8188,4066,15932
1780900698,50,28,1,11,0,1859,8188,4058,15932
1780900699,50,14,1,11,0,1859,8188,4056,15932
1780900699,50,14,1,65,0,1859,8188,4050,15932
1780900700,50,00,1,11,0,1859,8188,4052,15932
1780900701,50,56,0,85,0,1859,8188,4068,15932
1780900702,50,14,1,11,0,1859,8188,4047,15932
1780900702,49,86,2,77,0,1859,8188,4049,15932
1780900703,50,14,1,11,0,1859,8188,4067,15932
1780900704,50,56,2,50,0,1859,8188,4070,15932
1780900705,50,41,1,10,0,1859,8188,4055,15932
1780900705,50,42,1,11,0,1859,8188,4066,15932
1780900706,50,28,1,39,0,1859,8188,4070,15932
1780900707,50,14,1,67,0,1859,8188,4070,15932
1780900707,50,42,0,84,0,1859,8188,4062,15932
1780900708,50,28,1,38,0,1859,8188,4062,15932
1780900709,50,00,1,39,0,1859,8188,4054,15932
1780900710,49,86,1,92,0,1859,8188,4050,15932
1780900710,50,00,1,11,0,1859,8188,4047,15932
1780900711,50,41,1,93,0,1859,8188,4036,15932
1780900712,50,69,2,49,0,1859,8188,4037,15932
1780900712,49,86,1,66,0,1859,8188,4036,15932
1780900713,50,42,2,22,0,1859,8188,4038,15932
1780900714,50,41,1,65,0,1859,8188,4026,15932
1780900715,50,56,1,96,0,1859,8188,4024,15932
1780900715,50,14,1,14,0,1859,8188,4029,15932
1780900716,50,70,1,11,0,1859,8188,4042,15932
1780900717,50,41,1,64,0,1859,8188,4066,15932
1780900717,50,56,1,12,0,1859,8188,4085,15932
1780900718,50,42,1,12,0,1859,8188,4089,15932
1780900719,50,56,1,67,0,1859,8188,4085,15932
1780900720,50,28,1,39,0,1859,8188,4078,15932
1780900720,50,70,1,39,0,1859,8188,4077,15932
1780900721,50,70,2,51,0,1859,8188,4096,15932
1780900722,50,41,1,38,0,1859,8188,4078,15932
1780900722,50,28,2,50,0,1859,8188,4078,15932
1780900723,50,14,1,39,0,1859,8188,4069,15932
1780900724,50,68,2,19,0,1859,8188,4061,15932
1780900725,49,86,1,65,0,1859,8188,4048,15932
1780900725,50,28,1,39,0,1859,8188,4048,15932
1780900726,50,14,1,40,0,1859,8188,4043,15932
1780900727,50,28,1,66,0,1859,8188,4047,15932
1780900727,50,28,1,39,0,1859,8188,4048,15932
1780900728,50,42,1,39,0,1859,8188,4055,15932
1780900729,50,14,1,65,0,1859,8188,4055,15932
1780900730,50,42,1,12,0,1859,8188,4056,15932
1780900730,50,70,2,23,0,1859,8188,4046,15932
1780900731,50,28,1,39,0,1859,8188,4048,15932
1780900732,50,42,2,49,0,1859,8188,4048,15932
1780900732,50,42,1,11,0,1859,8188,4037,15932
1780900733,50,56,2,78,0,1859,8188,4036,15932
1780900734,50,28,1,39,0,1859,8188,4059,15932
1780900735,50,55,1,66,0,1859,8188,4035,15932
1780900735,50,41,1,64,0,1859,8188,4037,15932
1780900736,50,28,1,39,0,1859,8188,4033,15932
1780900737,50,14,1,64,0,1859,8188,4033,15932
1780900737,50,41,1,37,0,1859,8188,4060,15932
1780900738,50,00,1,92,0,1859,8188,4082,15932
1780900739,50,28,1,12,0,1859,8188,4075,15932
1780900740,50,14,1,11,0,1859,8188,4064,15932
1780900740,50,42,0,84,0,1859,8188,4065,15932
1780900741,50,84,1,96,0,1859,8188,4058,15932
1780900742,50,14,1,11,0,1859,8188,4062,15932
1780900743,50,41,2,75,0,1859,8188,4061,15932
1780900743,50,00,1,39,0,1859,8188,4054,15932
1780900744,50,83,2,22,0,1859,8188,4048,15932
1780900745,50,41,1,10,0,1859,8188,4041,15932
1780900745,50,27,1,92,0,1859,8188,4025,15932
1780900746,50,14,1,65,0,1859,8188,4026,15932
1780900747,50,42,1,39,0,1859,8188,4044,15932
1780900748,50,00,1,66,0,1859,8188,4062,15932
1780900748,50,42,1,66,0,1859,8188,4065,15932
1780900749,50,00,1,38,0,1859,8188,4044,15932
1780900750,50,14,1,11,0,1859,8188,4046,15932
1780900750,50,28,1,66,0,1859,8188,4071,15932
1780900751,50,42,0,84,0,1859,8188,4063,15932
1780900752,50,28,2,50,0,1859,8188,4062,15932
1780900753,50,14,1,38,0,1859,8188,4059,15932
1780900753,50,83,2,21,0,1859,8188,4063,15932
1780900754,50,69,1,39,0,1859,8188,4056,15932
1780900755,50,56,1,94,0,1859,8188,4053,15932
1780900755,50,28,1,38,0,1859,8188,4066,15932
1780900756,49,86,1,39,0,1859,8188,4071,15932
1780900757,49,86,1,93,0,1859,8188,4050,15932
1780900758,50,42,1,11,0,1859,8188,4050,15932
1780900758,50,14,1,65,0,1859,8188,4051,15932
1780900759,50,41,1,10,0,1859,8188,4051,15932
1780900760,50,14,1,38,0,1859,8188,4061,15932
1780900761,50,14,1,65,0,1859,8188,4046,15932
1780900761,50,70,1,67,0,1859,8188,4043,15932
1780900762,50,28,1,66,0,1859,8188,4044,15932
1780900763,50,14,2,23,0,1859,8188,4035,15932
1780900763,50,14,1,67,0,1859,8188,4039,15932
1780900764,50,28,2,49,0,1859,8188,4059,15932
1780900765,50,28,1,66,0,1859,8188,4061,15932
1780900766,50,42,1,39,0,1859,8188,4062,15932
1780900766,50,56,1,11,0,1859,8188,4065,15932
1780900767,50,41,1,38,0,1859,8188,4064,15932
1780900768,50,42,1,11,0,1859,8188,4060,15932
1780900768,50,14,1,11,0,1859,8188,4055,15932
1780900769,50,96,1,10,0,1859,8188,4054,15932
1780900770,50,55,1,64,0,1859,8188,4036,15932
1780900771,50,42,1,39,0,1859,8188,4046,15932
1780900771,50,14,1,39,0,1859,8188,4050,15932
1780900772,50,42,2,51,0,1859,8188,4050,15932
1780900773,50,14,1,11,0,1859,8188,4049,15932
1780900774,50,42,2,49,0,1859,8188,4057,15932
1780900774,50,00,1,39,0,1859,8188,4066,15932
1780900775,50,69,2,22,0,1859,8188,4061,15932
1780900776,50,56,1,39,0,1859,8188,4058,15932
1780900776,50,42,1,11,0,1859,8188,4050,15932
1780900777,50,14,1,66,0,1859,8188,4034,15932
1780900778,50,28,1,10,0,1859,8188,4042,15932
1780900779,50,69,0,83,0,1859,8188,4023,15932
1780900779,50,55,1,66,0,1859,8188,4028,15932
1780900780,50,41,1,10,0,1859,8188,4044,15932
1780900781,50,42,1,40,0,1859,8188,4044,15932
1780900781,50,28,1,10,0,1859,8188,4046,15932
1780900782,50,42,1,39,0,1859,8188,4042,15932
1780900783,50,55,2,76,0,1859,8188,4061,15932
1780900784,50,42,0,84,0,1859,8188,4055,15932
1780900784,50,42,2,23,0,1859,8188,4046,15932
1780900785,50,41,1,10,0,1859,8188,4045,15932
1780900786,50,55,2,49,0,1859,8188,4018,15932
1780900786,49,86,1,67,0,1859,8188,4030,15932
1780900787,50,41,1,38,0,1859,8188,4033,15932
1780900788,50,70,1,12,0,1859,8188,4048,15932
1780900789,50,42,1,11,0,1859,8188,4041,15932
1780900789,50,28,1,12,0,1859,8188,4042,15932
1780900790,50,55,0,83,0,1859,8188,4037,15932
1780900791,50,00,1,66,0,1859,8188,4035,15932
1780900791,50,42,0,83,0,1859,8188,4037,15932
1780900792,50,84,1,40,0,1859,8188,4064,15932
1780900793,50,55,1,37,0,1859,8188,4058,15932
1780900794,50,83,2,49,0,1859,8188,4059,15932
1780900794,50,41,1,10,0,1859,8188,4046,15932
1780900795,50,28,2,22,0,1859,8188,4041,15932
1780900796,50,00,1,93,0,1859,8188,4042,15932
1780900797,49,86,1,65,0,1859,8188,4022,15932
1780900797,50,42,1,39,0,1859,8188,4040,15932
1780900798,50,69,1,11,0,1859,8188,4039,15932
1780900799,50,14,1,39,0,1859,8188,4055,15932
1780900799,50,42,1,39,0,1859,8188,4070,15932
1780900800,50,28,1,39,0,1859,8188,4069,15932
1780900801,50,28,1,67,0,1859,8188,4065,15932
1780900802,50,56,1,11,0,1859,8188,4065,15932
1780900802,50,28,1,11,0,1859,8188,4071,15932
1780900803,50,14,2,49,0,1859,8188,4063,15932
1780900804,50,28,1,12,0,1859,8188,4060,15932
1780900804,50,14,2,77,0,1859,8188,4062,15932
1780900805,50,00,1,66,0,1859,8188,4063,15932
1780900806,50,70,2,23,0,1859,8188,4049,15932
1780900807,50,56,1,11,0,1859,8188,4046,15932
1780900807,49,86,1,94,0,1859,8188,4048,15932
1780900808,50,28,1,40,0,1859,8188,4062,15932
1780900809,50,14,1,38,0,1859,8188,4063,15932
1780900809,50,41,1,38,0,1859,8188,4047,15932
1780900810,50,42,1,66,0,1859,8188,4049,15932
1780900811,50,69,1,39,0,1859,8188,4047,15932
1780900812,50,14,1,39,0,1859,8188,4043,15932
1780900812,50,28,1,11,0,1859,8188,4051,15932
1780900813,50,28,1,39,0,1859,8188,4042,15932
1780900814,50,41,2,75,0,1859,8188,4035,15932
1780900815,50,69,0,83,0,1859,8188,4037,15932
1780900815,50,28,2,51,0,1859,8188,4055,15932
1780900816,50,42,1,11,0,1859,8188,4030,15932
1780900817,50,55,2,20,0,1859,8188,4040,15932
1780900817,50,28,1,66,0,1859,8188,4043,15932
1780900818,50,28,1,40,0,1859,8188,4026,15932
1780900819,50,28,1,39,0,1859,8188,4042,15932
1780900820,50,00,1,67,0,1859,8188,4042,15932
1780900820,50,56,1,12,0,1859,8188,4042,15932
1780900821,50,00,1,11,0,1859,8188,4054,15932
1780900822,50,14,1,39,0,1859,8188,4049,15932
1780900822,50,28,1,38,0,1859,8188,4052,15932
1780900823,50,56,1,69,0,1859,8188,4053,15932
1780900824,50,14,1,39,0,1859,8188,4063,15932
1780900825,50,14,2,75,0,1859,8188,4064,15932
1780900825,50,84,0,84,0,1859,8188,4057,15932
1780900826,50,56,2,78,0,1859,8188,4051,15932
1780900827,50,00,1,66,0,1859,8188,4051,15932
1780900827,50,00,1,39,0,1859,8188,4060,15932
1780900828,50,14,1,38,0,1859,8188,4075,15932
1780900829,50,14,1,66,0,1859,8188,4048,15932
1780900830,50,14,1,65,0,1859,8188,4051,15932
1780900830,49,73,2,19,0,1859,8188,4046,15932
1780900831,50,41,1,10,0,1859,8188,4044,15932
1780900832,50,28,1,40,0,1859,8188,4044,15932
1780900833,50,28,1,38,0,1859,8188,4036,15932
1780900833,50,70,1,11,0,1859,8188,4041,15932
1780900834,50,97,1,95,0,1859,8188,4044,15932
1780900835,50,55,1,37,0,1859,8188,4047,15932
1780900835,50,83,2,21,0,1859,8188,4048,15932
1780900836,49,73,1,65,0,1859,8188,4038,15932
1780900837,50,99,1,97,0,1859,8188,4040,15932
1780900838,50,42,1,12,0,1859,8188,4059,15932
1780900838,50,55,1,66,0,1859,8188,4055,15932
1780900839,49,86,1,94,0,1859,8188,4058,15932
1780900840,50,28,1,11,0,1859,8188,4050,15932
1780900840,50,00,1,39,0,1859,8188,4051,15932
1780900841,50,98,0,84,0,1859,8188,4053,15932
1780900842,50,14,1,65,0,1859,8188,4033,15932
1780900843,49,86,1,66,0,1859,8188,4046,15932
1780900843,50,28,1,38,0,1859,8188,4045,15932
1780900844,50,00,1,66,0,1859,8188,4038,15932
1780900845,50,82,2,73,0,1859,8188,4041,15932
1780900845,50,28,1,38,0,1859,8188,4042,15932
1780900846,50,14,2,77,0,1859,8188,4034,15932
1780900847,50,00,1,66,0,1859,8188,4029,15932
1780900848,50,42,1,39,0,1859,8188,4030,15932
1780900848,50,28,1,67,0,1859,8188,4031,15932
1780900849,50,42,0,56,0,1859,8188,4030,15932
1780900850,50,14,1,38,0,1859,8188,4024,15932
1780900851,49,86,1,38,0,1859,8188,4024,15932
1780900851,50,14,1,65,0,1859,8188,4028,15932
1780900852,50,55,1,37,0,1859,8188,4025,15932
1780900853,50,28,1,40,0,1859,8188,4034,15932
1780900853,50,14,1,39,0,1859,8188,4038,15932
1780900854,50,70,2,23,0,1859,8188,4039,15932
1780900855,50,41,0,83,0,1859,8188,4022,15932
1780900856,50,28,2,51,0,1859,8188,4041,15932
1780900856,50,70,1,12,0,1859,8188,4065,15932
1780900857,50,42,2,51,0,1859,8188,4075,15932
1780900858,50,42,1,39,0,1859,8188,4073,15932
1780900858,50,55,1,37,0,1859,8188,4069,15932
1780900859,50,14,1,38,0,1859,8188,4063,15932
1780900860,50,42,1,11,0,1859,8188,4065,15932
1780900861,50,55,1,38,0,1859,8188,4066,15932
1780900861,50,28,1,12,0,1859,8188,4082,15932
1780900862,50,14,1,66,0,1859,8188,4085,15932
1780900863,50,27,1,65,0,1859,8188,4077,15932
1780900863,50,14,1,65,0,1859,8188,4063,15932
1780900864,50,14,1,39,0,1859,8188,4048,15932
1780900865,50,28,3,06,0,1859,8188,4050,15932
1780900866,50,28,1,12,0,1859,8188,4071,15932
1780900866,50,28,2,78,0,1859,8188,4089,15932
1780900867,50,55,1,37,0,1859,8188,4066,15932
1780900868,49,86,2,75,0,1859,8188,4059,15932
1780900868,50,41,1,38,0,1859,8188,4055,15932
1780900869,50,56,1,12,0,1859,8188,4052,15932
1780900870,50,56,1,39,0,1859,8188,4047,15932
1780900871,50,14,1,39,0,1859,8188,4054,15932
1780900871,50,28,1,66,0,1859,8188,4071,15932
1780900872,50,27,1,37,0,1859,8188,4057,15932
1780900873,50,28,1,38,0,1859,8188,4053,15932
1780900874,50,28,1,11,0,1859,8188,4047,15932
1780900874,50,82,1,65,0,1859,8188,4038,15932
1780900875,50,42,1,39,0,1859,8188,4042,15932
1780900876,50,14,2,25,0,1859,8188,4054,15932
1780900876,50,42,1,11,0,1859,8188,4060,15932
1780900877,50,42,2,23,0,1859,8188,4053,15932
1780900878,50,28,1,11,0,1859,8188,4049,15932
1780900879,50,42,1,11,0,1859,8188,4051,15932
1780900879,50,70,1,12,0,1859,8188,4053,15932
1780900880,50,42,1,11,0,1859,8188,4045,15932
1780900881,50,14,1,39,0,1859,8188,4041,15932
1780900881,50,42,1,11,0,1859,8188,4031,15932
1780900882,50,70,1,39,0,1859,8188,4055,15932
1780900883,50,56,0,84,0,1859,8188,4056,15932
1780900884,50,28,1,68,0,1859,8188,4067,15932
1780900884,50,42,1,39,0,1859,8188,4061,15932
1780900885,50,14,2,79,0,1859,8188,4045,15932
1780900886,50,14,1,39,0,1859,8188,4048,15932
1780900886,50,83,2,21,0,1859,8188,4050,15932
1780900887,50,14,1,40,0,1859,8188,4048,15932
1780900888,50,28,2,23,0,1859,8188,4041,15932
1780900889,50,42,1,39,0,1859,8188,4045,15932
1780900889,50,14,1,66,0,1859,8188,4046,15932
1780900890,50,56,0,84,0,1859,8188,4017,15932
1780900891,50,14,1,38,0,1859,8188,4033,15932
1780900891,50,42,1,39,0,1859,8188,4043,15932
1780900892,50,42,0,56,0,1859,8188,4028,15932
1780900893,50,56,1,12,0,1859,8188,4035,15932
1780900894,50,27,1,37,0,1859,8188,4036,15932
1780900894,50,42,1,95,0,1859,8188,4054,15932
1780900895,50,55,1,37,0,1859,8188,4033,15932
1780900896,50,55,2,49,0,1859,8188,4034,15932
1780900896,50,84,1,12,0,1859,8188,4039,15932
1780900897,50,55,2,49,0,1859,8188,4034,15932
1780900898,50,14,1,66,0,1859,8188,4042,15932
1780900899,50,28,1,40,0,1859,8188,4042,15932
1780900899,50,28,1,39,0,1859,8188,4025,15932
1780900900,50,84,1,12,0,1859,8188,4040,15932
1780900901,50,42,1,11,0,1859,8188,4039,15932
1780900902,50,14,1,65,0,1859,8188,4050,15932
1780900902,50,56,1,11,0,1859,8188,4055,15932
1780900903,50,56,1,12,0,1859,8188,4053,15932
1780900904,50,28,1,12,0,1859,8188,4043,15932
1780900904,50,00,1,67,0,1859,8188,4042,15932
1780900905,50,14,2,49,0,1859,8188,4037,15932
1780900906,49,86,1,66,0,1859,8188,4038,15932
1780900907,50,83,2,50,0,1859,8188,4042,15932
1780900907,50,28,1,66,0,1859,8188,4042,15932
1780900908,50,55,2,21,0,1859,8188,4058,15932
1780900909,50,42,1,11,0,1859,8188,4058,15932
1780900909,50,14,1,40,0,1859,8188,4077,15932
1780900910,50,42,1,39,0,1859,8188,4072,15932
1780900911,50,42,1,12,0,1859,8188,4071,15932
1780900912,50,00,1,67,0,1859,8188,4070,15932
1780900912,50,28,1,12,0,1859,8188,4067,15932
1780900913,50,84,0,84,0,1859,8188,4060,15932
1780900914,50,56,1,67,0,1859,8188,4061,15932
1780900914,50,70,2,23,0,1859,8188,4081,15932
1780900915,50,14,1,66,0,1859,8188,4075,15932
1780900916,50,28,2,49,0,1859,8188,4078,15932
1780900917,50,56,1,12,0,1859,8188,4092,15932
1780900917,50,00,3,02,0,1859,8188,4072,15932
1780900918,50,83,0,83,0,1859,8188,4074,15932
1780900919,50,42,1,39,0,1859,8188,4074,15932
1780900919,50,14,1,39,0,1859,8188,4066,15932
1780900920,50,00,1,40,0,1859,8188,4058,15932
1780900921,50,70,0,85,0,1859,8188,4057,15932
1780900922,50,00,1,66,0,1859,8188,4041,15932
1780900922,50,28,1,38,0,1859,8188,4047,15932
1780900923,50,14,1,39,0,1859,8188,4028,15932
1780900924,50,56,2,22,0,1859,8188,4024,15932
1780900924,50,42,0,84,0,1859,8188,4028,15932
1780900925,50,70,2,51,0,1859,8188,4048,15932
1780900926,50,56,1,40,0,1859,8188,4049,15932
1780900927,50,42,2,77,0,1859,8188,4044,15932
1780900927,50,69,1,39,0,1859,8188,4040,15932
1780900928,50,56,1,12,0,1859,8188,4040,15932
1780900929,50,28,1,38,0,1859,8188,4042,15932
1780900929,50,14,1,39,0,1859,8188,4034,15932
1780900930,50,00,1,67,0,1859,8188,4042,15932
1780900931,50,28,1,12,0,1859,8188,4045,15932
1780900932,50,70,1,11,0,1859,8188,4064,15932
1780900932,50,28,1,68,0,1859,8188,4088,15932
1780900933,50,42,1,95,0,1859,8188,4107,15932
1780900934,50,42,1,39,0,1859,8188,4091,15932
1780900934,50,56,2,23,0,1859,8188,4090,15932
1780900935,50,42,0,83,0,1859,8188,4083,15932
1780900936,49,86,2,75,0,1859,8188,4074,15932
1780900937,50,42,1,11,0,1859,8188,4082,15932
1780900937,49,86,1,66,0,1859,8188,4060,15932
1780900938,49,86,1,65,0,1859,8188,4076,15932
1780900939,50,69,1,11,0,1859,8188,4069,15932
1780900940,50,28,0,83,0,1859,8188,4056,15932
1780900940,50,14,1,39,0,1859,8188,4074,15932
1780900941,50,42,0,85,0,1859,8188,4082,15932
1780900942,50,42,1,11,0,1859,8188,4087,15932
1780900942,50,00,1,40,0,1859,8188,4085,15932
1780900943,49,73,1,91,0,1859,8188,4074,15932
1780900944,50,98,2,24,0,1859,8188,4072,15932
1780900945,50,14,1,65,0,1859,8188,4067,15932
1780900945,50,56,2,22,0,1859,8188,4070,15932
1780900946,50,28,1,66,0,1859,8188,4051,15932
1780900947,50,70,2,23,0,1859,8188,4056,15932
1780900947,50,14,1,65,0,1859,8188,4058,15932
1780900948,50,42,1,12,0,1859,8188,4055,15932
1780900949,50,28,1,40,0,1859,8188,4074,15932
1780900950,50,00,1,67,0,1859,8188,4073,15932
1780900950,50,00,1,67,0,1859,8188,4070,15932
1780900951,50,56,1,11,0,1859,8188,4069,15932
1780900952,50,28,1,39,0,1859,8188,4060,15932
1780900952,50,56,1,11,0,1859,8188,4060,15932
1780900953,50,42,2,49,0,1859,8188,4041,15932
1780900954,50,55,1,10,0,1859,8188,4044,15932
1780900955,50,14,2,49,0,1859,8188,4046,15932
1780900955,50,28,1,67,0,1859,8188,4047,15932
1780900956,50,70,2,24,0,1859,8188,4040,15932
1780900957,50,70,1,11,0,1859,8188,4041,15932
1780900957,50,42,1,11,0,1859,8188,4061,15932
1780900958,50,42,1,39,0,1859,8188,4061,15932
1780900959,50,00,1,39,0,1859,8188,4053,15932
1780900960,50,56,1,11,0,1859,8188,4055,15932
1780900960,50,70,1,11,0,1859,8188,4042,15932
1780900961,50,42,1,11,0,1859,8188,4022,15932
1780900962,50,42,1,39,0,1859,8188,4034,15932
1780900962,50,14,1,95,0,1859,8188,4035,15932
1780900963,50,28,1,12,0,1859,8188,4020,15932
1780900964,50,69,2,48,0,1859,8188,4040,15932
1780900965,50,28,1,40,0,1859,8188,4041,15932
1780900965,50,56,2,25,0,1859,8188,4049,15932
1780900966,49,86,1,66,0,1859,8188,4049,15932
1780900967,50,28,1,40,0,1859,8188,4044,15932
1780900967,50,14,1,94,0,1859,8188,4027,15932
1780900968,50,42,1,11,0,1859,8188,4036,15932
1780900969,50,28,1,10,0,1859,8188,4039,15932
1780900970,50,55,1,38,0,1859,8188,4045,15932
1780900970,50,14,1,11,0,1859,8188,4048,15932
1780900971,50,00,1,40,0,1859,8188,4052,15932
1780900972,50,00,1,66,0,1859,8188,4027,15932
1780900973,50,28,1,11,0,1859,8188,4048,15932
1780900973,50,42,2,52,0,1859,8188,4059,15932
1780900974,50,42,1,40,0,1859,8188,4042,15932
1780900975,50,83,2,50,0,1859,8188,4042,15932
1780900975,50,41,1,38,0,1859,8188,4068,15932
1780900976,50,42,2,51,0,1859,8188,4055,15932
1780900977,50,14,1,39,0,1859,8188,4054,15932
1780900978,50,00,1,39,0,1859,8188,4066,15932
1780900978,50,28,1,39,0,1859,8188,4047,15932
1780900979,50,55,1,37,0,1859,8188,4039,15932
1780900980,50,14,1,39,0,1859,8188,4040,15932
1780900980,50,42,1,11,0,1859,8188,4039,15932
1780900981,50,28,1,40,0,1859,8188,4042,15932
1780900982,50,14,1,39,0,1859,8188,4043,15932
1780900983,50,14,2,23,0,1859,8188,4043,15932
1780900983,50,28,1,66,0,1859,8188,4045,15932
1780900984,50,28,2,23,0,1859,8188,4044,15932
1780900985,50,00,1,39,0,1859,8188,4067,15932
1780900985,50,70,2,23,0,1859,8188,4067,15932
1780900986,50,42,1,11,0,1859,8188,4058,15932
1780900987,50,42,1,39,0,1859,8188,4058,15932
1780900988,49,72,1,12,0,1859,8188,4064,15932
1780900988,50,42,1,39,0,1859,8188,4055,15932
1780900989,50,42,1,11,0,1859,8188,4046,15932
1780900990,50,42,1,39,0,1859,8188,4044,15932
1780900990,50,70,0,84,0,1859,8188,4048,15932
1780900991,50,28,1,40,0,1859,8188,4041,15932
1780900992,50,69,1,10,0,1859,8188,4044,15932
1780900993,50,00,1,39,0,1859,8188,4048,15932
1780900993,50,56,2,23,0,1859,8188,4046,15932
1780900994,50,28,1,11,0,1859,8188,4046,15932
1780900995,50,28,2,78,0,1859,8188,4048,15932
1780900995,50,00,1,38,0,1859,8188,4043,15932
1780900996,50,42,2,23,0,1859,8188,4049,15932
1780900997,50,28,1,38,0,1859,8188,4050,15932
1780900998,50,41,1,38,0,1859,8188,4039,15932
1780900998,50,42,1,11,0,1859,8188,4037,15932
1780900999,50,00,1,94,0,1859,8188,4055,15932
1780901000,50,83,1,39,0,1859,8188,4033,15932
1780901000,50,28,1,12,0,1859,8188,4053,15932
1780901001,50,14,1,93,0,1859,8188,4052,15932
1780901002,50,56,0,84,0,1859,8188,4044,15932
1780901003,50,42,2,22,0,1859,8188,4049,15932
1780901003,50,55,1,38,0,1859,8188,4050,15932
1780901004,50,98,1,96,0,1859,8188,4048,15932
1780901005,50,27,1,65,0,1859,8188,4052,15932
1780901006,50,55,2,47,0,1859,8188,4053,15932
1780901006,50,42,1,39,0,1859,8188,4056,15932
1780901007,50,28,1,66,0,1859,8188,4046,15932
1780901008,50,00,1,38,0,1859,8188,4057,15932
1780901008,50,42,1,39,0,1859,8188,4057,15932
1780901009,50,42,1,39,0,1859,8188,4048,15932
1780901010,50,42,1,39,0,1859,8188,4053,15932
1780901011,50,14,1,39,0,1859,8188,4072,15932
1780901011,50,56,1,12,0,1859,8188,4067,15932
1780901012,50,42,1,11,0,1859,8188,4063,15932
1780901013,50,14,1,65,0,1859,8188,4042,15932
1780901013,50,83,1,94,0,1859,8188,4040,15932
1780901014,50,14,1,38,0,1859,8188,4040,15932
1780901015,50,56,2,23,0,1859,8188,4048,15932
1780901016,50,00,1,38,0,1859,8188,4049,15932
1780901016,50,28,2,78,0,1859,8188,4060,15932
1780901017,50,42,1,39,0,1859,8188,4055,15932
1780901018,50,42,1,39,0,1859,8188,4055,15932
1780901018,50,28,1,10,0,1859,8188,4067,15932
1780901019,49,86,1,66,0,1859,8188,4077,15932
1780901020,50,42,1,11,0,1859,8188,4062,15932
1780901021,50,14,1,10,0,1859,8188,4064,15932
1780901021,50,14,1,39,0,1859,8188,4057,15932
1780901022,50,42,1,39,0,1859,8188,4051,15932
1780901023,50,42,2,49,0,1859,8188,4067,15932
1780901023,50,41,1,65,0,1859,8188,4043,15932
1780901024,50,84,2,53,0,1859,8188,4059,15932
1780901025,50,42,1,39,0,1859,8188,4061,15932
1780901026,50,55,2,21,0,1859,8188,4068,15932
1780901026,50,42,0,84,0,1859,8188,4060,15932
1780901027,50,70,1,12,0,1859,8188,4057,15932
1780901028,50,00,1,12,0,1859,8188,4051,15932
1780901028,50,00,1,66,0,1859,8188,4029,15932
1780901029,50,28,1,38,0,1859,8188,4051,15932
1780901030,50,14,1,11,0,1859,8188,4067,15932
1780901031,50,42,1,11,0,1859,8188,4065,15932
1780901031,50,28,1,12,0,1859,8188,4065,15932
1780901032,50,42,1,67,0,1859,8188,4044,15932
1780901033,49,86,1,65,0,1859,8188,4046,15932
1780901034,50,41,2,48,0,1859,8188,4048,15932
1780901034,50,56,0,83,0,1859,8188,4048,15932
1780901035,50,42,2,49,0,1859,8188,4032,15932
1780901036,50,27,1,37,0,1859,8188,4050,15932
1780901036,50,41,1,38,0,1859,8188,4052,15932
1780901037,50,56,1,11,0,1859,8188,4050,15932
1780901038,49,86,1,68,0,1859,8188,4067,15932
1780901039,50,28,1,12,0,1859,8188,4087,15932
1780901039,50,00,1,67,0,1859,8188,4085,15932
1780901040,50,28,1,66,0,1859,8188,4078,15932
1780901041,50,28,1,10,0,1859,8188,4079,15932
1780901041,50,55,1,38,0,1859,8188,4063,15932
1780901042,50,55,1,38,0,1859,8188,4065,15932
1780901043,50,41,2,48,0,1859,8188,4067,15932
1780901044,50,56,0,83,0,1859,8188,4060,15932
1780901044,50,28,2,50,0,1859,8188,4060,15932
1780901045,50,42,1,11,0,1859,8188,4043,15932
1780901046,50,70,1,40,0,1859,8188,4060,15932
1780901046,50,14,1,66,0,1859,8188,4062,15932
1780901047,50,00,1,38,0,1859,8188,4064,15932
1780901048,50,00,1,39,0,1859,8188,4062,15932
1780901049,50,28,1,66,0,1859,8188,4060,15932
1780901049,50,69,1,11,0,1859,8188,4062,15932
1780901050,50,42,1,39,0,1859,8188,4058,15932
1780901051,50,83,1,39,0,1859,8188,4050,15932
1780901051,50,56,1,11,0,1859,8188,4051,15932
1780901052,50,14,3,03,0,1859,8188,4054,15932
1780901053,50,14,1,39,0,1859,8188,4047,15932
1780901054,50,42,2,51,0,1859,8188,4048,15932
1780901054,50,42,1,39,0,1859,8188,4066,15932
1780901055,50,14,2,77,0,1859,8188,4060,15932
1780901056,50,28,1,11,0,1859,8188,4058,15932
1780901056,50,27,1,37,0,1859,8188,4049,15932
1780901057,50,14,1,39,0,1859,8188,4050,15932
1780901058,50,42,1,11,0,1859,8188,4041,15932
1780901059,50,14,1,39,0,1859,8188,4050,15932
1780901059,50,28,1,10,0,1859,8188,4043,15932
1780901060,49,86,1,93,0,1859,8188,4047,15932
1780901061,50,56,1,12,0,1859,8188,4048,15932
1780901061,50,28,1,40,0,1859,8188,4052,15932
1780901062,50,28,1,39,0,1859,8188,4053,15932
1780901063,51,10,1,93,0,1859,8188,4053,15932
1780901064,50,14,1,93,0,1859,8188,4053,15932
1780901064,50,14,2,49,0,1859,8188,4053,15932
1780901065,50,42,1,39,0,1859,8188,4075,15932
1780901066,51,25,0,83,0,1859,8188,4068,15932
1780901066,50,00,1,11,0,1859,8188,4068,15932
1780901067,50,56,0,84,0,1859,8188,4067,15932
1780901068,50,42,0,83,0,1859,8188,4062,15932
1780901069,50,55,1,37,0,1859,8188,4052,15932
1780901069,50,42,1,39,0,1859,8188,4044,15932
1780901070,50,56,1,39,0,1859,8188,4041,15932
1780901071,50,27,1,65,0,1859,8188,4039,15932
1780901072,50,14,1,39,0,1859,8188,4042,15932
1780901072,50,28,2,76,0,1859,8188,4043,15932
1780901073,50,41,1,65,0,1859,8188,4034,15932
1780901074,50,28,2,51,0,1859,8188,4043,15932
1780901074,50,56,1,11,0,1859,8188,4060,15932
1780901075,50,28,2,76,0,1859,8188,4062,15932
1780901076,50,56,0,84,0,1859,8188,4061,15932
1780901077,50,28,1,67,0,1859,8188,4059,15932
1780901077,50,41,1,65,0,1859,8188,4039,15932
1780901078,50,70,1,11,0,1859,8188,4039,15932
1780901079,50,41,1,65,0,1859,8188,4032,15932
1780901079,50,00,1,68,0,1859,8188,4014,15932
1780901080,50,28,1,38,0,1859,8188,4034,15932
1780901081,50,70,1,39,0,1859,8188,4034,15932
1780901082,50,28,1,67,0,1859,8188,4034,15932
1780901082,50,28,1,38,0,1859,8188,4031,15932
1780901083,50,41,2,48,0,1859,8188,4034,15932
1780901084,50,42,1,39,0,1859,8188,4059,15932
1780901084,50,56,2,53,0,1859,8188,4070,15932
1780901085,50,00,1,66,0,1859,8188,4064,15932
1780901086,50,42,1,39,0,1859,8188,4062,15932
1780901087,50,28,1,39,0,1859,8188,4064,15932
1780901087,50,14,1,39,0,1859,8188,4061,15932
1780901088,50,00,1,39,0,1859,8188,4061,15932
1780901089,50,14,1,64,0,1859,8188,4065,15932
1780901089,50,28,1,39,0,1859,8188,4061,15932
1780901090,50,28,1,39,0,1859,8188,4062,15932
1780901091,50,14,1,65,0,1859,8188,4064,15932
1780901092,49,86,1,39,0,1859,8188,4059,15932
1780901092,50,42,2,23,0,1859,8188,4060,15932
1780901093,50,28,1,12,0,1859,8188,4065,15932
1780901094,50,41,3,03,0,1859,8188,4066,15932
1780901094,50,14,1,39,0,1859,8188,4066,15932
1780901095,50,55,2,73,0,1859,8188,4059,15932
1780901096,50,69,1,11,0,1859,8188,4055,15932
1780901097,50,56,1,11,0,1859,8188,4056,15932
1780901097,50,14,1,12,0,1859,8188,4037,15932
1780901098,50,97,0,83,0,1859,8188,4045,15932
1780901099,50,56,1,11,0,1859,8188,4045,15932
1780901100,50,42,1,39,0,1859,8188,4046,15932
1780901100,50,42,1,11,0,1859,8188,4048,15932
1780901101,50,00,1,66,0,1859,8188,4039,15932
1780901102,50,41,2,48,0,1859,8188,4057,15932
1780901102,50,42,0,84,0,1859,8188,4059,15932
1780901103,50,69,2,22,0,1859,8188,4063,15932
1780901104,49,86,1,65,0,1859,8188,4056,15932
1780901105,50,55,2,47,0,1859,8188,4061,15932
1780901105,50,70,1,11,0,1859,8188,4053,15932
1780901106,50,00,1,90,0,1859,8188,4048,15932
1780901107,50,69,1,11,0,1859,8188,4047,15932
1780901107,50,42,1,39,0,1859,8188,4031,15932
1780901108,50,84,1,12,0,1859,8188,4041,15932
1780901109,50,42,1,39,0,1859,8188,4067,15932
1780901110,50,55,1,10,0,1859,8188,4067,15932
1780901110,50,14,1,39,0,1859,8188,4067,15932
1780901111,50,00,1,39,0,1859,8188,4064,15932
1780901112,50,70,0,84,0,1859,8188,4041,15932
1780901112,50,69,2,77,0,1859,8188,4049,15932
1780901113,50,00,1,38,0,1859,8188,4049,15932
1780901114,50,69,2,22,0,1859,8188,4040,15932
1780901115,50,00,1,39,0,1859,8188,4041,15932
1780901115,50,42,1,66,0,1859,8188,4045,15932
1780901116,50,00,1,68,0,1859,8188,4025,15932
1780901117,50,42,1,39,0,1859,8188,4043,15932
1780901117,50,28,1,12,0,1859,8188,4022,15932
1780901118,50,42,1,11,0,1859,8188,4049,15932
1780901119,50,42,1,39,0,1859,8188,4066,15932
1780901120,50,42,1,40,0,1859,8188,4066,15932
1780901120,50,28,1,12,0,1859,8188,4066,15932
1780901121,50,14,1,39,0,1859,8188,4061,15932
1780901122,50,54,2,72,0,1859,8188,4062,15932
1780901122,50,42,1,39,0,1859,8188,4060,15932
1780901123,49,86,3,01,0,1859,8188,4048,15932
1780901124,49,86,1,65,0,1859,8188,4051,15932
1780901125,50,28,2,50,0,1859,8188,4031,15932
1780901125,50,14,1,66,0,1859,8188,4038,15932
1780901126,50,00,1,39,0,1859,8188,4060,15932
1780901127,50,14,1,66,0,1859,8188,4081,15932
1780901127,50,14,1,39,0,1859,8188,4083,15932
1780901128,50,14,1,11,0,1859,8188,4061,15932
1780901129,50,42,0,84,0,1859,8188,4081,15932
1780901130,50,14,1,64,0,1859,8188,4067,15932
1780901130,50,42,0,84,0,1859,8188,4067,15932
1780901131,50,28,1,12,0,1859,8188,4076,15932
1780901132,50,42,1,11,0,1859,8188,4061,15932
1780901133,50,14,2,51,0,1859,8188,4055,15932
1780901133,50,28,1,10,0,1859,8188,4056,15932
1780901134,50,28,2,49,0,1859,8188,4033,15932
1780901135,50,69,1,38,0,1859,8188,4049,15932
1780901135,50,55,1,91,0,1859,8188,4041,15932
1780901136,50,28,1,38,0,1859,8188,4041,15932
1780901137,50,69,1,11,0,1859,8188,4046,15932
1780901138,50,55,1,38,0,1859,8188,4069,15932
1780901138,50,28,0,84,0,1859,8188,4067,15932
1780901139,49,86,1,94,0,1859,8188,4050,15932
1780901140,50,56,1,39,0,1859,8188,4048,15932
1780901140,50,56,0,84,0,1859,8188,4049,15932
1780901141,50,42,1,12,0,1859,8188,4064,15932
1780901142,50,14,1,94,0,1859,8188,4057,15932
1780901143,50,14,1,66,0,1859,8188,4057,15932
1780901143,50,70,1,96,0,1859,8188,4049,15932
1780901144,50,28,1,38,0,1859,8188,4042,15932
1780901145,50,68,2,74,0,1859,8188,4037,15932
1780901145,50,56,1,39,0,1859,8188,4039,15932
1780901146,50,00,1,38,0,1859,8188,4035,15932
1780901147,50,14,1,66,0,1859,8188,4040,15932
1780901148,50,14,1,66,0,1859,8188,4061,15932
1780901148,50,56,0,56,0,1859,8188,4059,15932
1780901149,50,28,1,11,0,1859,8188,4060,15932
1780901150,50,83,0,83,0,1859,8188,4059,15932
1780901150,50,14,1,67,0,1859,8188,4059,15932
1780901151,50,14,1,66,0,1859,8188,4041,15932
1780901152,50,28,1,39,0,1859,8188,4057,15932
1780901153,50,42,2,24,0,1859,8188,4073,15932
1780901153,50,14,1,65,0,1859,8188,4059,15932
1780901154,50,41,2,75,0,1859,8188,4061,15932
1780901155,50,42,1,39,0,1859,8188,4057,15932
1780901155,50,28,1,39,0,1859,8188,4065,15932
1780901156,50,42,0,84,0,1859,8188,4061,15932
1780901157,50,14,1,93,0,1859,8188,4041,15932
1780901158,50,14,1,11,0,1859,8188,4053,15932
1780901158,50,28,1,38,0,1859,8188,4055,15932
1780901159,50,28,1,39,0,1859,8188,4052,15932
1780901160,50,28,1,11,0,1859,8188,4044,15932
1780901161,50,28,1,38,0,1859,8188,4036,15932
1780901161,49,86,1,94,0,1859,8188,4043,15932
1780901162,50,28,2,49,0,1859,8188,4066,15932
1780901163,50,42,1,39,0,1859,8188,4075,15932
1780901163,50,55,2,49,0,1859,8188,4055,15932
1780901164,50,28,1,12,0,1859,8188,4058,15932
1780901165,50,14,2,77,0,1859,8188,4057,15932
1780901166,50,27,1,37,0,1859,8188,4062,15932
1780901166,50,55,1,37,0,1859,8188,4049,15932
1780901167,50,14,1,39,0,1859,8188,4052,15932
1780901168,50,14,1,39,0,1859,8188,4045,15932
1780901168,50,00,1,38,0,1859,8188,4047,15932
1780901169,50,14,1,65,0,1859,8188,4047,15932
1780901170,50,42,1,11,0,1859,8188,4063,15932
1780901171,50,00,1,67,0,1859,8188,4066,15932
1780901171,50,42,0,83,0,1859,8188,4051,15932
1780901172,49,86,1,65,0,1859,8188,4053,15932
1780901173,50,42,2,49,0,1859,8188,4070,15932
1780901173,50,28,1,40,0,1859,8188,4069,15932
1780901174,50,42,2,25,0,1859,8188,4061,15932
1780901175,50,42,1,39,0,1859,8188,4061,15932
1780901176,50,14,2,51,0,1859,8188,4062,15932
1780901176,50,28,1,40,0,1859,8188,4046,15932
1780901177,50,00,1,39,0,1859,8188,4046,15932
1780901178,50,14,1,39,0,1859,8188,4040,15932
1780901178,50,42,1,39,0,1859,8188,4036,15932
1780901179,50,56,1,12,0,1859,8188,4017,15932
1780901180,50,55,1,37,0,1859,8188,4037,15932
1780901181,50,42,1,12,0,1859,8188,4036,15932
1780901181,50,27,1,65,0,1859,8188,4015,15932
1780901182,50,14,2,52,0,1859,8188,4021,15932
1780901183,50,28,1,39,0,1859,8188,4041,15932
1780901184,50,55,2,76,0,1859,8188,4041,15932
1780901184,50,42,1,67,0,1859,8188,4059,15932
1780901185,50,14,2,75,0,1859,8188,4057,15932
1780901186,50,42,1,11,0,1859,8188,4051,15932
1780901186,49,86,1,68,0,1859,8188,4066,15932
1780901187,50,28,1,39,0,1859,8188,4051,15932
1780901188,50,14,1,38,0,1859,8188,4057,15932
1780901189,50,00,1,66,0,1859,8188,4045,15932
1780901189,50,14,1,13,0,1859,8188,4044,15932
1780901190,50,14,1,66,0,1859,8188,4041,15932
1780901191,50,28,1,11,0,1859,8188,4034,15932
1780901191,50,28,1,11,0,1859,8188,4036,15932
1780901192,50,00,1,38,0,1859,8188,4034,15932
1780901193,51,25,1,94,0,1859,8188,4027,15932
1780901194,50,28,1,39,0,1859,8188,4036,15932
1780901194,50,14,2,77,0,1859,8188,4058,15932
1780901195,49,72,1,67,0,1859,8188,4077,15932
1780901196,50,56,1,67,0,1859,8188,4081,15932
1780901196,50,00,1,40,0,1859,8188,4081,15932
1780901197,50,41,1,38,0,1859,8188,4082,15932
1780901198,50,55,1,38,0,1859,8188,4066,15932
1780901199,50,27,1,37,0,1859,8188,4069,15932
1780901199,50,69,1,11,0,1859,8188,4062,15932
1780901200,50,70,0,84,0,1859,8188,4058,15932
1780901201,50,28,1,39,0,1859,8188,4051,15932
1780901201,50,70,0,84,0,1859,8188,4051,15932
1780901202,50,14,2,48,0,1859,8188,4051,15932
1780901203,50,69,1,10,0,1859,8188,4045,15932
1780901204,50,56,2,50,0,1859,8188,4045,15932
1780901204,50,00,1,39,0,1859,8188,4028,15932
1780901205,50,42,2,51,0,1859,8188,4040,15932
1780901206,50,14,1,66,0,1859,8188,4042,15932
1780901207,50,00,1,11,0,1859,8188,4044,15932
1780901207,50,42,1,39,0,1859,8188,4038,15932
1780901208,50,14,1,67,0,1859,8188,4039,15932
1780901209,50,14,1,11,0,1859,8188,4027,15932
1780901209,50,42,1,41,0,1859,8188,4044,15932
1780901210,50,56,1,39,0,1859,8188,4037,15932
1780901211,50,28,1,40,0,1859,8188,4047,15932
1780901212,50,42,1,12,0,1859,8188,4067,15932
1780901212,50,56,1,12,0,1859,8188,4057,15932
1780901213,50,83,2,50,0,1859,8188,4059,15932
1780901214,50,14,1,39,0,1859,8188,4050,15932
1780901214,50,56,2,22,0,1859,8188,4051,15932
1780901215,50,14,1,66,0,1859,8188,4051,15932
1780901216,50,42,2,23,0,1859,8188,4067,15932
1780901217,50,69,1,38,0,1859,8188,4069,15932
1780901217,50,14,1,67,0,1859,8188,4062,15932
1780901218,50,00,1,66,0,1859,8188,4041,15932
1780901219,50,28,1,11,0,1859,8188,4045,15932
1780901219,50,14,1,39,0,1859,8188,4048,15932
1780901220,50,42,1,67,0,1859,8188,4046,15932
1780901221,50,27,1,65,0,1859,8188,4038,15932
1780901222,50,00,1,39,0,1859,8188,4042,15932
1780901222,50,42,2,22,0,1859,8188,4025,15932
1780901223,50,14,1,11,0,1859,8188,4035,15932
1780901224,50,28,2,76,0,1859,8188,4021,15932
1780901224,50,28,1,12,0,1859,8188,4040,15932
1780901225,50,42,2,22,0,1859,8188,4042,15932
1780901226,50,00,1,66,0,1859,8188,4044,15932
1780901227,50,14,1,39,0,1859,8188,4047,15932
1780901227,50,28,1,67,0,1859,8188,4042,15932
1780901228,50,70,0,84,0,1859,8188,4044,15932
1780901229,50,28,1,39,0,1859,8188,4043,15932
1780901229,50,14,1,39,0,1859,8188,4037,15932
1780901230,50,00,1,66,0,1859,8188,4041,15932
1780901231,50,42,1,12,0,1859,8188,4036,15932
1780901232,50,14,1,65,0,1859,8188,4032,15932
1780901232,50,56,0,85,0,1859,8188,4038,15932
1780901233,50,95,2,72,0,1859,8188,4046,15932
1780901234,50,56,0,84,0,1859,8188,4064,15932
1780901235,50,28,2,78,0,1859,8188,4089,15932
1780901235,50,00,1,93,0,1859,8188,4073,15932
1780901236,50,56,1,96,0,1859,8188,4069,15932
1780901237,50,28,1,40,0,1859,8188,4069,15932
1780901237,50,28,0,83,0,1859,8188,4071,15932
1780901238,50,56,0,83,0,1859,8188,4072,15932
1780901239,50,56,1,39,0,1859,8188,4072,15932
1780901240,50,41,1,38,0,1859,8188,4069,15932
1780901240,50,28,1,40,0,1859,8188,4068,15932
1780901241,50,55,1,37,0,1859,8188,4055,15932
1780901242,50,42,1,11,0,1859,8188,4055,15932
1780901242,50,68,1,91,0,1859,8188,4053,15932
1780901243,50,00,1,38,0,1859,8188,4050,15932
1780901244,50,56,2,22,0,1859,8188,4049,15932
1780901245,50,14,1,63,0,1859,8188,4048,15932
1780901245,50,97,2,23,0,1859,8188,4048,15932
1780901246,50,14,1,11,0,1859,8188,4046,15932
1780901247,50,28,1,39,0,1859,8188,4048,15932
1780901247,50,69,1,11,0,1859,8188,4040,15932
1780901248,50,42,1,39,0,1859,8188,4057,15932
1780901249,50,56,1,12,0,1859,8188,4057,15932
1780901250,50,14,1,39,0,1859,8188,4050,15932
1780901250,50,42,1,12,0,1859,8188,4052,15932
1780901251,50,14,1,65,0,1859,8188,4049,15932
1780901252,50,14,1,38,0,1859,8188,4050,15932
1780901253,50,69,1,10,0,1859,8188,4054,15932
1780901253,50,00,3,04,0,1859,8188,4056,15932
1780901254,50,42,1,11,0,1859,8188,4054,15932
1780901255,50,55,2,49,0,1859,8188,4047,15932
1780901255,50,56,1,12,0,1859,8188,4051,15932
1780901256,50,00,2,78,0,1859,8188,4042,15932
1780901257,49,86,1,64,0,1859,8188,4043,15932
1780901258,50,14,1,11,0,1859,8188,4044,15932
1780901258,50,42,1,95,0,1859,8188,4023,15932
1780901259,50,14,1,38,0,1859,8188,4036,15932
1780901260,50,56,0,83,0,1859,8188,4041,15932
1780901260,50,55,1,37,0,1859,8188,4031,15932
1780901261,50,56,0,84,0,1859,8188,4041,15932
1780901262,50,70,1,12,0,1859,8188,4061,15932
1780901263,49,73,3,02,0,1859,8188,4042,15932
1780901263,50,14,1,39,0,1859,8188,4061,15932
1780901264,50,28,2,79,0,1859,8188,4063,15932
1780901265,50,28,0,84,0,1859,8188,4063,15932
1780901265,50,42,2,49,0,1859,8188,4058,15932
1780901266,50,42,1,40,0,1859,8188,4057,15932
1780901267,50,28,1,39,0,1859,8188,4058,15932
1780901268,50,28,1,39,0,1859,8188,4060,15932
1780901268,49,45,2,19,0,1859,8188,4060,15932
1780901269,50,42,1,11,0,1859,8188,4042,15932
1780901270,50,28,1,66,0,1859,8188,4051,15932
1780901270,50,42,1,11,0,1859,8188,4053,15932
1780901271,50,28,1,40,0,1859,8188,4045,15932
1780901272,50,14,1,11,0,1859,8188,4044,15932
1780901273,49,72,1,93,0,1859,8188,4040,15932
1780901273,50,56,2,23,0,1859,8188,4041,15932
1780901274,50,42,0,83,0,1859,8188,4062,15932
1780901275,50,83,2,22,0,1859,8188,4060,15932
1780901275,50,14,1,67,0,1859,8188,4064,15932
1780901276,50,42,2,23,0,1859,8188,4057,15932
1780901277,50,43,1,14,0,1859,8188,4072,15932
1780901278,50,00,1,93,0,1859,8188,4065,15932
1780901278,50,14,1,39,0,1859,8188,4056,15932
1780901279,50,14,1,39,0,1859,8188,4052,15932
1780901280,50,14,1,39,0,1859,8188,4041,15932
1780901281,50,14,1,66,0,1859,8188,4044,15932
1780901281,50,55,1,10,0,1859,8188,4036,15932
1780901282,51,13,0,56,0,1859,8188,4040,15932
1780901283,50,14,2,22,0,1859,8188,4044,15932
1780901283,50,83,0,83,0,1859,8188,4042,15932
1780901284,50,42,3,05,0,1859,8188,4036,15932
1780901285,50,42,1,11,0,1859,8188,4039,15932
1780901286,50,41,2,74,0,1859,8188,4040,15932
1780901286,49,86,1,40,0,1859,8188,4034,15932
1780901287,50,28,1,11,0,1859,8188,4041,15932
1780901288,50,55,1,10,0,1859,8188,4059,15932
1780901288,50,70,1,11,0,1859,8188,4077,15932
1780901289,50,14,1,39,0,1859,8188,4074,15932
1780901290,50,00,1,67,0,1859,8188,4074,15932
1780901291,50,56,1,12,0,1859,8188,4075,15932
1780901291,50,56,1,11,0,1859,8188,4069,15932
1780901292,50,14,1,66,0,1859,8188,4048,15932
1780901293,49,72,2,21,0,1859,8188,4046,15932
1780901293,50,69,2,49,0,1859,8188,4045,15932
1780901294,49,73,1,92,0,1859,8188,4038,15932
1780901295,50,41,2,75,0,1859,8188,4040,15932
1780901296,50,42,1,39,0,1859,8188,4034,15932
1780901296,50,27,2,47,0,1859,8188,4036,15932
1780901297,50,42,1,11,0,1859,8188,4042,15932
1780901298,50,28,1,40,0,1859,8188,4043,15932
1780901298,50,42,1,39,0,1859,8188,4023,15932
1780901299,50,28,1,12,0,1859,8188,4026,15932
1780901300,50,14,1,11,0,1859,8188,4029,15932
1780901301,50,56,1,40,0,1859,8188,4048,15932
1780901301,50,28,1,39,0,1859,8188,4024,15932
1780901302,50,14,1,11,0,1859,8188,4020,15932
1780901303,50,28,1,39,0,1859,8188,4040,15932
1780901304,50,56,1,12,0,1859,8188,4065,15932
1780901304,50,14,2,48,0,1859,8188,4066,15932
1780901305,50,56,1,12,0,1859,8188,4058,15932
1780901306,50,00,2,76,0,1859,8188,4055,15932
1780901306,50,00,1,65,0,1859,8188,4059,15932
1780901307,50,56,1,94,0,1859,8188,4050,15932
1780901308,49,86,1,65,0,1859,8188,4055,15932
1780901309,50,69,1,11,0,1859,8188,4056,15932
1780901309,50,14,1,66,0,1859,8188,4049,15932
1780901310,50,28,1,39,0,1859,8188,4048,15932
1780901311,50,55,1,10,0,1859,8188,4050,15932
1780901311,50,28,1,66,0,1859,8188,4048,15932
1780901312,50,82,1,37,0,1859,8188,4043,15932
1780901313,50,14,1,10,0,1859,8188,4041,15932
1780901314,50,14,2,51,0,1859,8188,4036,15932
1780901314,50,14,1,67,0,1859,8188,4045,15932
1780901315,50,70,2,23,0,1859,8188,4039,15932
1780901316,50,56,1,39,0,1859,8188,4038,15932
1780901316,50,70,2,23,0,1859,8188,4033,15932
1780901317,50,70,1,39,0,1859,8188,4042,15932
1780901318,50,28,1,39,0,1859,8188,4070,15932
1780901319,50,14,1,13,0,1859,8188,4089,15932
1780901319,50,56,1,40,0,1859,8188,4084,15932
1780901320,50,00,1,39,0,1859,8188,4084,15932
1780901321,50,42,1,39,0,1859,8188,4081,15932
1780901321,50,56,1,11,0,1859,8188,4082,15932
1780901322,50,42,1,39,0,1859,8188,4083,15932
1780901323,50,42,1,39,0,1859,8188,4056,15932
1780901324,50,28,1,10,0,1859,8188,4061,15932
1780901324,50,42,2,22,0,1859,8188,4049,15932
1780901325,49,86,1,65,0,1859,8188,4050,15932
1780901326,50,14,2,79,0,1859,8188,4053,15932
1780901326,50,14,1,66,0,1859,8188,4055,15932
1780901327,50,41,1,10,0,1859,8188,4057,15932
1780901328,50,28,1,39,0,1859,8188,4056,15932
1780901329,50,14,1,66,0,1859,8188,4049,15932
1780901329,50,14,1,11,0,1859,8188,4053,15932
1780901330,50,28,1,39,0,1859,8188,4054,15932
1780901331,50,00,1,11,0,1859,8188,4056,15932
1780901332,50,14,1,39,0,1859,8188,4048,15932
1780901332,50,42,1,11,0,1859,8188,4048,15932
1780901333,50,42,1,11,0,1859,8188,4044,15932
1780901334,50,28,2,50,0,1859,8188,4048,15932
1780901334,50,14,1,12,0,1859,8188,4051,15932
1780901335,50,82,2,73,0,1859,8188,4041,15932
1780901336,50,68,1,10,0,1859,8188,4042,15932
1780901337,50,42,2,49,0,1859,8188,4037,15932
1780901337,50,00,1,39,0,1859,8188,4032,15932
1780901338,50,28,1,11,0,1859,8188,4035,15932
1780901339,50,27,1,65,0,1859,8188,4024,15932
1780901339,50,69,1,10,0,1859,8188,4027,15932
1780901340,50,42,1,39,0,1859,8188,4038,15932
1780901341,49,72,1,67,0,1859,8188,4061,15932
1780901342,50,42,1,11,0,1859,8188,4080,15932
1780901342,50,14,1,39,0,1859,8188,4091,15932
1780901343,50,28,1,68,0,1859,8188,4070,15932
1780901344,49,86,1,66,0,1859,8188,4072,15932
1780901344,50,56,2,23,0,1859,8188,4073,15932
1780901345,50,28,1,38,0,1859,8188,4067,15932
1780901346,50,42,2,51,0,1859,8188,4067,15932
1780901347,50,42,1,11,0,1859,8188,4069,15932
1780901347,50,70,1,11,0,1859,8188,4069,15932
1780901348,50,28,1,39,0,1859,8188,4074,15932
1780901349,50,28,1,12,0,1859,8188,4064,15932
1780901349,50,83,1,11,0,1859,8188,4061,15932
1780901350,50,28,1,38,0,1859,8188,4051,15932
1780901351,51,39,1,11,0,1859,8188,4047,15932
1780901352,50,28,1,38,0,1859,8188,4044,15932
1780901352,50,55,1,10,0,1859,8188,4041,15932
1780901353,50,69,1,65,0,1859,8188,4035,15932
1780901354,50,70,1,95,0,1859,8188,4045,15932
1780901354,50,00,1,66,0,1859,8188,4046,15932
1780901355,50,14,2,75,0,1859,8188,4035,15932
1780901356,49,72,1,66,0,1859,8188,4036,15932
1780901357,50,27,2,47,0,1859,8188,4035,15932
1780901357,50,70,0,84,0,1859,8188,4030,15932
1780901358,50,00,1,66,0,1859,8188,4026,15932
1780901359,50,28,1,39,0,1859,8188,4027,15932
1780901359,50,28,1,40,0,1859,8188,4042,15932
1780901360,50,42,1,39,0,1859,8188,4063,15932
1780901361,50,56,0,84,0,1859,8188,4063,15932
1780901362,50,42,1,11,0,1859,8188,4061,15932
1780901362,50,70,1,40,0,1859,8188,4062,15932
1780901363,50,69,1,10,0,1859,8188,4040,15932
1780901364,50,14,2,22,0,1859,8188,4041,15932
1780901365,50,14,2,49,0,1859,8188,4061,15932
1780901365,50,14,1,65,0,1859,8188,4072,15932
1780901366,50,14,2,23,0,1859,8188,4064,15932
1780901367,50,42,1,11,0,1859,8188,4081,15932
1780901367,50,69,1,65,0,1859,8188,4060,15932
1780901368,49,86,1,39,0,1859,8188,4060,15932
1780901369,50,42,1,39,0,1859,8188,4051,15932
1780901370,50,27,1,64,0,1859,8188,4054,15932
1780901370,50,28,1,12,0,1859,8188,4031,15932
1780901371,50,41,1,38,0,1859,8188,4048,15932
1780901372,50,41,1,64,0,1859,8188,4035,15932
1780901372,50,41,1,38,0,1859,8188,4041,15932
1780901373,49,86,1,37,0,1859,8188,4031,15932
1780901374,50,42,1,97,0,1859,8188,4035,15932
1780901375,50,42,1,11,0,1859,8188,4041,15932
1780901375,50,27,1,92,0,1859,8188,4049,15932
1780901376,50,69,1,65,0,1859,8188,4041,15932
1780901377,50,69,1,94,0,1859,8188,4045,15932
1780901377,50,56,1,12,0,1859,8188,4050,15932
1780901378,50,28,1,66,0,1859,8188,4044,15932
1780901379,50,00,1,38,0,1859,8188,4054,15932
1780901380,50,28,1,38,0,1859,8188,4073,15932
1780901380,50,42,1,39,0,1859,8188,4084,15932
1780901381,50,55,1,37,0,1859,8188,4072,15932
1780901382,50,14,1,38,0,1859,8188,4070,15932
1780901382,50,00,1,65,0,1859,8188,4064,15932
1780901383,50,41,1,38,0,1859,8188,4067,15932
1780901384,50,28,1,66,0,1859,8188,4062,15932
1780901385,50,28,2,23,0,1859,8188,4037,15932
1780901385,50,42,1,40,0,1859,8188,4064,15932
1780901386,50,42,2,22,0,1859,8188,4064,15932
1780901387,50,28,1,13,0,1859,8188,4066,15932
1780901387,50,56,2,22,0,1859,8188,4078,15932
1780901388,50,70,1,11,0,1859,8188,4075,15932
1780901389,50,00,1,67,0,1859,8188,4078,15932
1780901390,50,00,1,66,0,1859,8188,4090,15932
1780901390,50,28,0,84,0,1859,8188,4092,15932
1780901391,50,28,1,39,0,1859,8188,4073,15932
1780901392,50,42,1,12,0,1859,8188,4075,15932
1780901393,49,86,1,65,0,1859,8188,4075,15932
1780901393,50,14,1,66,0,1859,8188,4064,15932
1780901394,50,14,1,66,0,1859,8188,4056,15932
1780901395,50,00,1,38,0,1859,8188,4053,15932
1780901395,50,42,2,49,0,1859,8188,4059,15932
1780901396,50,28,1,12,0,1859,8188,4053,15932
1780901397,50,00,2,76,0,1859,8188,4046,15932
1780901398,50,42,1,39,0,1859,8188,4047,15932
1780901398,50,55,2,20,0,1859,8188,4048,15932
1780901399,50,28,1,66,0,1859,8188,4052,15932
1780901400,50,14,1,39,0,1859,8188,4066,15932
1780901400,49,86,1,39,0,1859,8188,4070,15932
1780901401,50,70,0,84,0,1859,8188,4061,15932
1780901402,50,70,1,12,0,1859,8188,4044,15932
1780901403,50,28,1,39,0,1859,8188,4044,15932
1780901403,50,83,1,11,0,1859,8188,4043,15932
1780901404,50,14,1,65,0,1859,8188,4041,15932
1780901405,50,83,1,10,0,1859,8188,4043,15932
1780901405,50,41,1,65,0,1859,8188,4038,15932
1780901406,50,55,2,21,0,1859,8188,4035,15932
1780901407,50,28,1,38,0,1859,8188,4039,15932
1780901408,50,28,2,78,0,1859,8188,4057,15932
1780901408,50,69,1,11,0,1859,8188,4062,15932
1780901409,50,56,1,67,0,1859,8188,4082,15932
1780901410,50,00,1,40,0,1859,8188,4094,15932
1780901410,50,41,1,10,0,1859,8188,4090,15932
1780901411,50,00,1,66,0,1859,8188,4088,15932
1780901412,50,28,1,11,0,1859,8188,4069,15932
1780901413,49,72,1,93,0,1859,8188,4071,15932
1780901413,49,86,1,39,0,1859,8188,4094,15932
1780901414,50,28,1,11,0,1859,8188,4087,15932
1780901415,50,28,1,11,0,1859,8188,4082,15932
1780901415,50,28,2,22,0,1859,8188,4097,15932
1780901416,50,70,1,11,0,1859,8188,4073,15932
1780901417,50,28,2,22,0,1859,8188,4074,15932
1780901418,50,00,1,11,0,1859,8188,4081,15932
1780901418,50,55,2,73,0,1859,8188,4081,15932
1780901419,50,41,1,38,0,1859,8188,4076,15932
1780901420,49,86,1,92,0,1859,8188,4068,15932
1780901421,50,55,1,38,0,1859,8188,4065,15932
1780901421,50,42,1,11,0,1859,8188,4058,15932
1780901422,50,28,1,11,0,1859,8188,4057,15932
1780901423,49,72,1,93,0,1859,8188,4055,15932
1780901423,50,56,1,40,0,1859,8188,4055,15932
1780901424,50,42,1,11,0,1859,8188,4049,15932
1780901425,50,56,1,11,0,1859,8188,4047,15932
1780901426,50,28,1,38,0,1859,8188,4047,15932
1780901426,50,28,2,49,0,1859,8188,4045,15932
1780901427,50,00,1,14,0,1859,8188,4065,15932
1780901428,50,42,2,79,0,1859,8188,4074,15932
1780901428,49,86,1,65,0,1859,8188,4073,15932
1780901429,50,69,2,48,0,1859,8188,4068,15932
1780901430,50,28,1,39,0,1859,8188,4070,15932
1780901431,50,28,1,39,0,1859,8188,4062,15932
1780901431,50,42,1,39,0,1859,8188,4054,15932
1780901432,50,28,1,66,0,1859,8188,4057,15932
1780901433,50,14,1,95,0,1859,8188,4061,15932
1780901433,50,42,1,11,0,1859,8188,4065,15932
1780901434,50,56,1,39,0,1859,8188,4064,15932
1780901435,50,14,1,67,0,1859,8188,4064,15932
1780901436,50,56,0,84,0,1859,8188,4071,15932
1780901436,50,28,1,11,0,1859,8188,4071,15932
1780901437,50,42,2,23,0,1859,8188,4063,15932
1780901438,50,42,1,11,0,1859,8188,4075,15932
1780901438,51,09,2,46,0,1859,8188,4050,15932
1780901439,50,56,1,39,0,1859,8188,4050,15932
1780901440,50,14,2,23,0,1859,8188,4026,15932
1780901441,49,72,1,66,0,1859,8188,4041,15932
1780901441,50,14,1,40,0,1859,8188,4030,15932
1780901442,50,28,1,66,0,1859,8188,4053,15932
1780901443,50,83,0,83,0,1859,8188,4052,15932
1780901443,49,86,1,66,0,1859,8188,4045,15932
1780901444,50,00,1,39,0,1859,8188,4042,15932
1780901445,50,14,1,66,0,1859,8188,4049,15932
1780901446,50,42,1,39,0,1859,8188,4071,15932
1780901446,50,14,1,39,0,1859,8188,4087,15932
1780901447,50,56,1,11,0,1859,8188,4099,15932
1780901448,50,41,2,48,0,1859,8188,4097,15932
1780901449,50,28,1,39,0,1859,8188,4097,15932
1780901449,50,27,2,47,0,1859,8188,4097,15932
1780901450,50,28,1,11,0,1859,8188,4078,15932
1780901451,50,14,2,51,0,1859,8188,4055,15932
1780901451,50,42,0,84,0,1859,8188,4054,15932
1780901452,50,14,1,65,0,1859,8188,4054,15932
1780901453,50,00,1,38,0,1859,8188,4050,15932
1780901454,50,00,1,67,0,1859,8188,4050,15932
1780901454,50,00,1,10,0,1859,8188,4042,15932
1780901455,50,55,1,10,0,1859,8188,4031,15932
1780901456,50,14,1,65,0,1859,8188,4037,15932
1780901456,50,42,1,11,0,1859,8188,4029,15932
1780901457,50,14,1,67,0,1859,8188,4040,15932
1780901458,50,69,1,38,0,1859,8188,4023,15932
1780901459,50,69,2,49,0,1859,8188,4038,15932
1780901459,50,14,1,39,0,1859,8188,4036,15932
1780901460,50,56,2,22,0,1859,8188,4037,15932
1780901461,50,42,1,11,0,1859,8188,4036,15932
1780901461,50,96,1,10,0,1859,8188,4043,15932
1780901462,50,56,1,94,0,1859,8188,4036,15932
1780901463,50,28,1,12,0,1859,8188,4033,15932
1780901464,50,28,1,66,0,1859,8188,4020,15932
1780901464,50,56,1,12,0,1859,8188,4038,15932
1780901465,50,27,1,37,0,1859,8188,4040,15932
1780901466,50,69,1,39,0,1859,8188,4041,15932
1780901466,50,14,1,40,0,1859,8188,4043,15932
1780901467,50,14,1,64,0,1859,8188,4040,15932
1780901468,50,84,2,23,0,1859,8188,4021,15932
1780901469,50,56,1,12,0,1859,8188,4019,15932
1780901469,50,56,2,22,0,1859,8188,4047,15932
1780901470,50,70,1,11,0,1859,8188,4062,15932
1780901471,50,83,2,50,0,1859,8188,4063,15932
1780901471,50,28,1,40,0,1859,8188,4051,15932
1780901472,50,42,1,39,0,1859,8188,4029,15932
1780901473,50,00,1,66,0,1859,8188,4045,15932
1780901474,50,42,1,11,0,1859,8188,4042,15932
1780901474,50,56,1,11,0,1859,8188,4042,15932
1780901475,50,14,1,38,0,1859,8188,4039,15932
1780901476,50,42,1,39,0,1859,8188,4039,15932
1780901477,50,14,1,66,0,1859,8188,4034,15932
1780901477,49,73,1,92,0,1859,8188,4013,15932
1780901478,50,00,1,39,0,1859,8188,4038,15932
1780901479,50,69,2,49,0,1859,8188,4059,15932
1780901479,50,28,1,66,0,1859,8188,4059,15932
1780901480,50,82,2,20,0,1859,8188,4060,15932
1780901481,50,28,1,39,0,1859,8188,4066,15932
1780901482,50,14,2,77,0,1859,8188,4068,15932
1780901482,50,14,1,66,0,1859,8188,4086,15932
1780901483,50,55,1,10,0,1859,8188,4058,15932
1780901484,50,42,1,11,0,1859,8188,4054,15932
1780901484,50,14,1,39,0,1859,8188,4070,15932
1780901485,50,56,1,39,0,1859,8188,4054,15932
1780901486,50,14,1,39,0,1859,8188,4055,15932
1780901487,50,00,1,39,0,1859,8188,4066,15932
1780901487,50,28,1,68,0,1859,8188,4084,15932
1780901488,50,70,1,39,0,1859,8188,4106,15932
1780901489,50,00,1,66,0,1859,8188,4107,15932
1780901489,50,56,2,51,0,1859,8188,4096,15932
1780901490,50,56,1,39,0,1859,8188,4090,15932
1780901491,50,56,2,23,0,1859,8188,4076,15932
1780901492,50,56,0,83,0,1859,8188,4093,15932
1780901492,50,41,1,65,0,1859,8188,4059,15932
1780901493,50,00,1,66,0,1859,8188,4053,15932
1780901494,50,56,1,39,0,1859,8188,4045,15932
1780901494,50,42,1,11,0,1859,8188,4048,15932
1780901495,50,00,1,39,0,1859,8188,4021,15932
1780901496,50,42,1,39,0,1859,8188,4044,15932
1780901497,50,14,1,38,0,1859,8188,4045,15932
1780901497,50,28,1,39,0,1859,8188,4054,15932
1780901498,50,00,1,39,0,1859,8188,4049,15932
1780901499,50,42,2,22,0,1859,8188,4047,15932
1780901499,49,86,1,65,0,1859,8188,4041,15932
1780901500,50,28,2,22,0,1859,8188,4037,15932
1780901501,50,41,1,65,0,1859,8188,4046,15932
1780901502,50,14,3,05,0,1859,8188,4039,15932
1780901502,50,14,1,66,0,1859,8188,4047,15932
1780901503,50,14,1,11,0,1859,8188,4067,15932
1780901504,50,14,1,38,0,1859,8188,4067,15932
1780901505,50,28,1,38,0,1859,8188,4060,15932
1780901505,49,72,1,93,0,1859,8188,4054,15932
1780901506,50,14,1,11,0,1859,8188,4053,15932
1780901507,50,28,1,39,0,1859,8188,4070,15932
1780901507,50,41,1,38,0,1859,8188,4053,15932
1780901508,50,00,1,66,0,1859,8188,4067,15932
1780901509,50,28,1,38,0,1859,8188,4067,15932
1780901510,50,28,2,50,0,1859,8188,4064,15932
1780901510,50,55,1,38,0,1859,8188,4039,15932
1780901511,50,14,2,49,0,1859,8188,4041,15932
1780901512,50,14,1,39,0,1859,8188,4044,15932
1780901512,50,42,1,95,0,1859,8188,4049,15932
1780901513,50,00,1,38,0,1859,8188,4049,15932
1780901514,50,00,1,39,0,1859,8188,4043,15932
1780901515,50,56,1,40,0,1859,8188,4051,15932
1780901515,50,55,1,93,0,1859,8188,4051,15932
1780901516,50,56,1,11,0,1859,8188,4056,15932
1780901517,50,42,1,39,0,1859,8188,4056,15932
1780901517,50,28,1,40,0,1859,8188,4059,15932
1780901518,50,14,1,39,0,1859,8188,4058,15932
1780901519,49,86,2,22,0,1859,8188,4075,15932
1780901520,50,56,1,39,0,1859,8188,4067,15932
1780901520,50,56,2,23,0,1859,8188,4047,15932
1780901521,49,72,1,38,0,1859,8188,4044,15932
1780901522,50,42,1,95,0,1859,8188,4037,15932
1780901522,50,41,1,65,0,1859,8188,4034,15932
1780901523,49,59,2,20,0,1859,8188,4035,15932
1780901524,50,41,1,38,0,1859,8188,4027,15932
1780901525,50,42,1,39,0,1859,8188,4029,15932
1780901525,50,42,1,11,0,1859,8188,4040,15932
1780901526,50,00,1,65,0,1859,8188,4060,15932
1780901527,50,28,1,11,0,1859,8188,4061,15932
1780901527,50,42,0,83,0,1859,8188,4061,15932
1780901528,50,42,1,11,0,1859,8188,4064,15932
1780901529,50,28,1,68,0,1859,8188,4047,15932
1780901530,50,83,1,94,0,1859,8188,4051,15932
1780901530,49,86,1,39,0,1859,8188,4050,15932
1780901531,50,69,2,22,0,1859,8188,4065,15932
1780901532,50,42,1,11,0,1859,8188,4060,15932
1780901532,50,00,2,21,0,1859,8188,4054,15932
1780901533,50,28,1,11,0,1859,8188,4055,15932
1780901534,50,14,1,92,0,1859,8188,4052,15932
1780901535,50,55,1,10,0,1859,8188,4053,15932
1780901535,50,14,1,64,0,1859,8188,4040,15932
1780901536,50,56,0,83,0,1859,8188,4040,15932
1780901537,50,42,1,40,0,1859,8188,4025,15932
1780901538,50,28,1,93,0,1859,8188,4045,15932
1780901538,50,42,1,11,0,1859,8188,4065,15932
1780901539,50,28,1,39,0,1859,8188,4082,15932
1780901540,50,42,1,11,0,1859,8188,4085,15932
1780901540,50,42,2,51,0,1859,8188,4084,15932
1780901541,50,28,1,12,0,1859,8188,4081,15932
1780901542,50,55,2,49,0,1859,8188,4082,15932
1780901543,49,86,1,65,0,1859,8188,4083,15932
1780901543,50,55,1,93,0,1859,8188,4081,15932
1780901544,50,55,1,65,0,1859,8188,4076,15932
1780901545,50,28,1,11,0,1859,8188,4066,15932
1780901545,50,42,1,39,0,1859,8188,4068,15932
1780901546,50,56,0,84,0,1859,8188,4059,15932
1780901547,49,86,1,66,0,1859,8188,4053,15932
1780901548,50,42,1,11,0,1859,8188,4057,15932
1780901548,50,56,1,12,0,1859,8188,4057,15932
1780901549,50,42,1,11,0,1859,8188,4055,15932
1780901550,50,00,1,65,0,1859,8188,4055,15932
1780901550,50,14,1,39,0,1859,8188,4048,15932
1780901551,50,55,2,49,0,1859,8188,4049,15932
1780901552,50,28,1,66,0,1859,8188,4042,15932
1780901553,50,84,1,96,0,1859,8188,4044,15932
1780901553,50,27,1,64,0,1859,8188,4045,15932
1780901554,50,41,2,47,0,1859,8188,4036,15932
1780901555,50,56,1,11,0,1859,8188,4039,15932
1780901555,50,28,1,38,0,1859,8188,4060,15932
1780901556,50,41,1,38,0,1859,8188,4056,15932
1780901557,50,41,1,38,0,1859,8188,4053,15932
1780901558,50,41,1,91,0,1859,8188,4055,15932
1780901558,50,42,1,11,0,1859,8188,4059,15932
1780901559,50,00,1,66,0,1859,8188,4051,15932
1780901560,50,28,1,12,0,1859,8188,4055,15932
1780901561,50,70,1,40,0,1859,8188,4080,15932
1780901561,50,42,1,39,0,1859,8188,4076,15932
1780901562,50,70,2,23,0,1859,8188,4067,15932
1780901563,50,56,1,11,0,1859,8188,4059,15932
1780901563,50,42,2,51,0,1859,8188,4049,15932
1780901564,50,14,1,11,0,1859,8188,4047,15932
1780901565,50,28,1,68,0,1859,8188,4048,15932
1780901566,50,14,1,39,0,1859,8188,4046,15932
1780901566,50,28,1,39,0,1859,8188,4038,15932
1780901567,50,14,1,39,0,1859,8188,4048,15932
1780901568,50,56,1,67,0,1859,8188,4040,15932
1780901568,50,83,1,11,0,1859,8188,4039,15932
1780901569,50,00,1,65,0,1859,8188,4037,15932
1780901570,50,28,1,40,0,1859,8188,4055,15932
1780901571,50,28,1,39,0,1859,8188,4055,15932
1780901571,50,28,1,94,0,1859,8188,4052,15932
1780901572,50,00,1,11,0,1859,8188,4068,15932
1780901573,50,28,2,22,0,1859,8188,4085,15932
1780901573,50,28,1,39,0,1859,8188,4087,15932
1780901574,50,41,2,48,0,1859,8188,4075,15932
1780901575,50,14,1,39,0,1859,8188,4073,15932
1780901576,49,73,1,92,0,1859,8188,4068,15932
1780901576,50,28,1,39,0,1859,8188,4066,15932
1780901577,50,41,1,38,0,1859,8188,4046,15932
1780901578,50,28,1,68,0,1859,8188,4051,15932
1780901578,50,55,1,66,0,1859,8188,4052,15932
1780901579,49,72,1,93,0,1859,8188,4040,15932
1780901580,50,42,1,12,0,1859,8188,4022,15932
1780901581,50,69,1,66,0,1859,8188,4048,15932
1780901581,50,14,1,39,0,1859,8188,4048,15932
1780901582,50,14,2,49,0,1859,8188,4024,15932
1780901583,50,00,1,38,0,1859,8188,4032,15932
1780901583,50,56,1,94,0,1859,8188,4056,15932
1780901584,50,14,1,11,0,1859,8188,4060,15932
1780901585,50,70,1,95,0,1859,8188,4068,15932
1780901586,50,55,1,38,0,1859,8188,4060,15932
1780901586,50,14,1,39,0,1859,8188,4071,15932
1780901587,50,42,0,56,0,1859,8188,4067,15932
1780901588,50,14,1,11,0,1859,8188,4060,15932
1780901589,49,72,1,93,0,1859,8188,4047,15932
1780901589,50,42,1,11,0,1859,8188,4047,15932
1780901590,50,28,1,39,0,1859,8188,4042,15932
1780901591,50,00,1,67,0,1859,8188,4047,15932
1780901591,50,69,1,11,0,1859,8188,4057,15932
1780901592,50,00,1,38,0,1859,8188,4076,15932
1780901593,50,56,2,23,0,1859,8188,4078,15932
1780901594,50,28,1,67,0,1859,8188,4079,15932
1780901594,50,70,1,96,0,1859,8188,4066,15932
1780901595,50,28,1,66,0,1859,8188,4050,15932
1780901596,50,42,2,24,0,1859,8188,4049,15932
1780901596,50,42,1,12,0,1859,8188,4049,15932
1780901597,50,83,1,11,0,1859,8188,4046,15932
1780901598,50,42,1,39,0,1859,8188,4048,15932
1780901599,50,55,1,66,0,1859,8188,4056,15932
1780901599,50,14,1,66,0,1859,8188,4058,15932
1780901600,50,28,1,11,0,1859,8188,4057,15932
1780901601,50,28,1,38,0,1859,8188,4050,15932
1780901601,50,14,1,39,0,1859,8188,4046,15932
1780901602,50,42,1,39,0,1859,8188,4048,15932
1780901603,50,42,1,39,0,1859,8188,4058,15932
1780901604,50,56,2,50,0,1859,8188,4053,15932
1780901604,50,14,1,37,0,1859,8188,4046,15932
1780901605,50,56,2,22,0,1859,8188,4047,15932
1780901606,50,28,1,11,0,1859,8188,4039,15932
1780901606,50,70,1,69,0,1859,8188,4041,15932
1780901607,50,28,1,40,0,1859,8188,4040,15932
1780901608,50,42,1,39,0,1859,8188,4051,15932
1780901609,50,56,1,11,0,1859,8188,4051,15932
1780901609,50,42,1,66,0,1859,8188,4051,15932
1780901610,50,55,1,66,0,1859,8188,4048,15932
1780901611,50,14,1,66,0,1859,8188,4041,15932
1780901611,50,56,1,12,0,1859,8188,4035,15932
1780901612,50,14,1,65,0,1859,8188,4035,15932
1780901613,50,00,2,22,0,1859,8188,4058,15932
1780901614,50,27,1,65,0,1859,8188,4035,15932
1780901614,50,55,2,21,0,1859,8188,4037,15932
1780901615,50,00,1,67,0,1859,8188,4056,15932
1780901616,50,42,2,23,0,1859,8188,4055,15932
1780901616,50,56,0,84,0,1859,8188,4041,15932
1780901617,50,27,1,65,0,1859,8188,4032,15932
1780901618,50,55,1,38,0,1859,8188,4036,15932
1780901619,50,14,1,38,0,1859,8188,4037,15932
1780901619,50,42,1,66,0,1859,8188,4044,15932
1780901620,50,41,1,64,0,1859,8188,4036,15932
1780901621,50,56,1,12,0,1859,8188,4032,15932
1780901622,50,28,1,12,0,1859,8188,4034,15932
1780901622,50,14,1,38,0,1859,8188,4032,15932
1780901623,49,72,1,66,0,1859,8188,4041,15932
1780901624,50,28,2,22,0,1859,8188,4041,15932
1780901624,50,42,1,12,0,1859,8188,4033,15932
1780901625,50,97,2,49,0,1859,8188,4026,15932
1780901626,50,41,1,38,0,1859,8188,4036,15932
1780901627,50,14,2,49,0,1859,8188,4057,15932
1780901627,50,71,0,85,0,1859,8188,4076,15932
1780901628,50,14,1,11,0,1859,8188,4092,15932
1780901629,50,42,1,11,0,1859,8188,4086,15932
1780901629,50,42,1,11,0,1859,8188,4090,15932
1780901630,50,14,1,39,0,1859,8188,4078,15932
1780901631,50,56,1,11,0,1859,8188,4077,15932
1780901632,50,42,1,39,0,1859,8188,4082,15932
1780901632,50,42,1,39,0,1859,8188,4089,15932
1780901633,50,00,1,67,0,1859,8188,4087,15932
1780901634,50,14,1,67,0,1859,8188,4079,15932
1780901634,50,83,2,21,0,1859,8188,4079,15932
1780901635,50,14,1,39,0,1859,8188,4074,15932
1780901636,50,28,2,50,0,1859,8188,4066,15932
1780901637,49,86,1,92,0,1859,8188,4042,15932
1780901637,50,70,1,95,0,1859,8188,4043,15932
1780901638,50,14,1,66,0,1859,8188,4036,15932
1780901639,50,28,1,10,0,1859,8188,4038,15932
1780901639,50,56,1,11,0,1859,8188,4041,15932
1780901640,50,28,1,39,0,1859,8188,4064,15932
1780901641,50,28,1,67,0,1859,8188,4041,15932
1780901642,50,42,1,11,0,1859,8188,4019,15932
1780901642,50,14,1,39,0,1859,8188,4038,15932
1780901643,50,42,1,39,0,1859,8188,4038,15932
1780901644,50,56,1,39,0,1859,8188,4028,15932
1780901644,50,28,1,38,0,1859,8188,4048,15932
1780901645,50,28,2,50,0,1859,8188,4050,15932
1780901646,50,14,1,39,0,1859,8188,4057,15932
1780901647,50,28,2,49,0,1859,8188,4058,15932
1780901647,50,28,1,10,0,1859,8188,4075,15932
1780901648,50,55,2,19,0,1859,8188,4050,15932
1780901649,50,42,1,66,0,1859,8188,4049,15932
1780901649,50,28,1,10,0,1859,8188,4057,15932
1780901650,50,28,1,40,0,1859,8188,4055,15932
1780901651,50,70,1,11,0,1859,8188,4047,15932
1780901652,50,42,1,11,0,1859,8188,4047,15932
1780901652,50,28,1,40,0,1859,8188,4047,15932
1780901653,50,41,1,38,0,1859,8188,4036,15932
1780901654,50,42,1,39,0,1859,8188,4036,15932
1780901655,50,70,1,41,0,1859,8188,4057,15932
1780901655,50,68,1,37,0,1859,8188,4032,15932
1780901656,50,28,2,49,0,1859,8188,4046,15932
1780901657,50,28,1,38,0,1859,8188,4047,15932
1780901657,50,56,2,23,0,1859,8188,4048,15932
1780901658,50,27,1,65,0,1859,8188,4035,15932
1780901659,50,14,1,66,0,1859,8188,4034,15932
1780901660,50,00,1,39,0,1859,8188,4035,15932
1780901660,50,70,1,11,0,1859,8188,4014,15932
1780901661,50,14,1,39,0,1859,8188,4031,15932
1780901662,50,42,1,39,0,1859,8188,4035,15932
1780901662,50,69,1,11,0,1859,8188,4058,15932
1780901663,49,86,1,66,0,1859,8188,4061,15932
1780901664,50,00,1,39,0,1859,8188,4063,15932
1780901665,50,28,1,39,0,1859,8188,4063,15932
1780901665,50,70,2,23,0,1859,8188,4077,15932
1780901666,50,29,1,14,0,1859,8188,4093,15932
1780901667,50,55,2,49,0,1859,8188,4065,15932
1780901667,50,28,1,39,0,1859,8188,4065,15932
1780901668,50,56,2,50,0,1859,8188,4059,15932
1780901669,49,86,1,39,0,1859,8188,4038,15932
1780901670,50,14,1,66,0,1859,8188,4015,15932
1780901670,50,28,1,11,0,1859,8188,4036,15932
1780901671,50,42,1,39,0,1859,8188,4033,15932
1780901672,50,28,1,38,0,1859,8188,4026,15932
1780901672,50,28,1,67,0,1859,8188,4032,15932
1780901673,50,42,1,39,0,1859,8188,4021,15932
1780901674,50,00,1,94,0,1859,8188,4039,15932
1780901675,50,69,1,11,0,1859,8188,4064,15932
1780901675,50,42,1,39,0,1859,8188,4065,15932
1780901676,50,41,2,48,0,1859,8188,4059,15932
1780901677,50,28,1,11,0,1859,8188,4071,15932
1780901677,50,55,2,21,0,1859,8188,4073,15932
1780901678,50,00,1,38,0,1859,8188,4074,15932
1780901679,50,83,1,93,0,1859,8188,4066,15932
1780901680,50,56,1,39,0,1859,8188,4059,15932
1780901680,50,28,1,66,0,1859,8188,4063,15932
1780901681,50,84,1,12,0,1859,8188,4059,15932
1780901682,49,86,1,92,0,1859,8188,4062,15932
1780901683,50,14,1,67,0,1859,8188,4055,15932
1780901683,50,55,1,10,0,1859,8188,4049,15932
1780901684,50,00,1,93,0,1859,8188,4031,15932
1780901685,50,42,1,40,0,1859,8188,4047,15932
1780901685,50,56,1,12,0,1859,8188,4053,15932
1780901686,50,70,1,11,0,1859,8188,4053,15932
1780901687,50,56,1,94,0,1859,8188,4068,15932
1780901688,50,56,1,12,0,1859,8188,4069,15932
1780901688,50,56,2,25,0,1859,8188,4051,15932
1780901689,50,14,1,39,0,1859,8188,4054,15932
1780901690,50,97,1,66,0,1859,8188,4045,15932
1780901690,50,00,1,39,0,1859,8188,4042,15932
1780901691,50,28,1,40,0,1859,8188,4046,15932
1780901692,50,00,1,66,0,1859,8188,4049,15932
1780901693,50,42,1,12,0,1859,8188,4069,15932
1780901693,50,14,1,67,0,1859,8188,4072,15932
1780901694,50,42,1,11,0,1859,8188,4066,15932
1780901695,50,00,1,67,0,1859,8188,4058,15932
1780901695,50,56,0,83,0,1859,8188,4055,15932
1780901696,50,84,1,40,0,1859,8188,4050,15932
1780901697,50,56,1,39,0,1859,8188,4041,15932
1780901698,50,69,2,22,0,1859,8188,4040,15932
1780901698,50,41,1,37,0,1859,8188,4038,15932
1780901699,50,00,2,76,0,1859,8188,4043,15932
1780901700,50,28,1,66,0,1859,8188,4043,15932
1780901700,50,42,1,39,0,1859,8188,4024,15932
1780901701,50,42,1,11,0,1859,8188,4033,15932
1780901702,50,00,1,38,0,1859,8188,4037,15932
1780901703,50,56,1,11,0,1859,8188,4039,15932
1780901703,50,28,1,40,0,1859,8188,4057,15932
1780901704,50,00,1,39,0,1859,8188,4069,15932
1780901705,50,14,1,11,0,1859,8188,4062,15932
1780901705,50,28,1,67,0,1859,8188,4042,15932
1780901706,50,55,1,38,0,1859,8188,4043,15932
1780901707,50,14,2,51,0,1859,8188,4064,15932
1780901708,50,14,1,66,0,1859,8188,4075,15932
1780901708,50,42,2,22,0,1859,8188,4076,15932
1780901709,50,00,1,65,0,1859,8188,4071,15932
1780901710,50,42,2,51,0,1859,8188,4065,15932
1780901711,50,14,1,38,0,1859,8188,4066,15932
1780901711,49,86,1,64,0,1859,8188,4059,15932
1780901712,50,42,1,11,0,1859,8188,4060,15932
1780901713,50,28,1,12,0,1859,8188,4070,15932
1780901713,50,28,1,39,0,1859,8188,4094,15932
1780901714,50,14,1,67,0,1859,8188,4094,15932
1780901715,50,00,1,66,0,1859,8188,4088,15932
1780901716,49,72,1,67,0,1859,8188,4109,15932
1780901716,50,55,0,83,0,1859,8188,4082,15932
1780901717,50,14,1,65,0,1859,8188,4081,15932
1780901718,50,28,2,49,0,1859,8188,4081,15932
1780901718,50,42,1,39,0,1859,8188,4074,15932
1780901719,50,56,2,22,0,1859,8188,4054,15932
1780901720,50,42,1,39,0,1859,8188,4052,15932
1780901721,50,28,2,49,0,1859,8188,4049,15932
1780901721,50,00,1,11,0,1859,8188,4050,15932
1780901722,50,28,1,67,0,1859,8188,4045,15932
1780901723,50,41,1,38,0,1859,8188,4042,15932
1780901723,50,42,1,39,0,1859,8188,4042,15932
1780901724,50,14,1,39,0,1859,8188,4046,15932
1780901725,50,55,1,38,0,1859,8188,4041,15932
1780901726,51,11,0,83,0,1859,8188,4050,15932
1780901726,50,14,1,94,0,1859,8188,4050,15932
1780901727,50,14,1,39,0,1859,8188,4049,15932
1780901728,50,00,1,38,0,1859,8188,4044,15932
1780901728,50,70,1,95,0,1859,8188,4053,15932
1780901729,50,70,1,11,0,1859,8188,4053,15932
1780901730,49,86,2,48,0,1859,8188,4045,15932
1780901731,49,86,2,20,0,1859,8188,4051,15932
1780901731,50,56,1,94,0,1859,8188,4053,15932
1780901732,50,42,1,39,0,1859,8188,4045,15932
1780901733,50,28,1,40,0,1859,8188,4064,15932
1780901733,50,14,1,65,0,1859,8188,4060,15932
1780901734,50,55,1,37,0,1859,8188,4061,15932
1780901735,50,41,1,65,0,1859,8188,4052,15932
1780901736,50,42,1,39,0,1859,8188,4052,15932
1780901736,50,00,1,66,0,1859,8188,4072,15932
1780901737,50,00,1,38,0,1859,8188,4072,15932
1780901738,50,56,1,40,0,1859,8188,4065,15932
1780901739,50,14,1,39,0,1859,8188,4066,15932
1780901739,50,41,2,45,0,1859,8188,4058,15932
1780901740,50,28,1,38,0,1859,8188,4053,15932
1780901741,50,55,2,21,0,1859,8188,4052,15932
1780901741,49,72,1,93,0,1859,8188,4045,15932
1780901742,49,86,2,48,0,1859,8188,4036,15932
1780901743,50,00,1,09,0,1859,8188,4036,15932
1780901744,50,42,1,11,0,1859,8188,4030,15932
1780901744,50,28,1,67,0,1859,8188,4040,15932
1780901745,50,42,1,11,0,1859,8188,4033,15932
1780901746,50,27,1,91,0,1859,8188,4037,15932
1780901746,50,56,1,11,0,1859,8188,4047,15932
1780901747,50,42,1,39,0,1859,8188,4072,15932
1780901748,50,70,0,84,0,1859,8188,4068,15932
1780901749,50,14,1,11,0,1859,8188,4069,15932
1780901749,49,86,1,93,0,1859,8188,4060,15932
1780901750,50,56,2,22,0,1859,8188,4060,15932
1780901751,50,28,1,11,0,1859,8188,4052,15932
1780901751,50,00,2,49,0,1859,8188,4053,15932
1780901752,50,27,1,63,0,1859,8188,4037,15932
1780901753,50,41,1,92,0,1859,8188,4034,15932
1780901754,50,42,1,11,0,1859,8188,4039,15932
1780901754,50,42,1,39,0,1859,8188,4039,15932
1780901755,50,56,1,11,0,1859,8188,4040,15932
1780901756,50,55,1,10,0,1859,8188,4060,15932
1780901756,50,42,1,40,0,1859,8188,4080,15932
1780901757,50,28,1,39,0,1859,8188,4079,15932
1780901758,50,28,1,39,0,1859,8188,4079,15932
1780901759,50,28,1,38,0,1859,8188,4077,15932
1780901759,50,69,1,94,0,1859,8188,4073,15932
1780901760,50,55,1,65,0,1859,8188,4060,15932
1780901761,51,11,2,22,0,1859,8188,4039,15932
1780901761,50,00,1,66,0,1859,8188,4059,15932
1780901762,50,56,2,22,0,1859,8188,4050,15932
1780901763,50,28,1,38,0,1859,8188,4053,15932
1780901764,50,14,1,39,0,1859,8188,4056,15932
1780901764,50,42,1,11,0,1859,8188,4054,15932
1780901765,50,28,1,11,0,1859,8188,4052,15932
1780901766,50,42,1,39,0,1859,8188,4068,15932
1780901767,50,41,1,64,0,1859,8188,4072,15932
1780901767,49,72,1,66,0,1859,8188,4055,15932
1780901768,50,42,1,39,0,1859,8188,4058,15932
1780901769,50,42,1,39,0,1859,8188,4057,15932
1780901769,50,28,1,40,0,1859,8188,4057,15932
1780901770,50,83,2,22,0,1859,8188,4080,15932
1780901771,50,55,1,38,0,1859,8188,4075,15932
1780901772,50,42,2,77,0,1859,8188,4052,15932
1780901772,50,42,1,11,0,1859,8188,4058,15932
1780901773,50,28,2,49,0,1859,8188,4055,15932
1780901774,50,70,1,11,0,1859,8188,4051,15932
1780901774,50,55,1,37,0,1859,8188,4050,15932
1780901775,50,56,1,39,0,1859,8188,4050,15932
1780901776,50,28,1,66,0,1859,8188,4036,15932
1780901777,50,28,1,39,0,1859,8188,4052,15932
1780901777,50,28,1,11,0,1859,8188,4056,15932
1780901778,50,00,1,92,0,1859,8188,4055,15932
1780901779,50,42,1,11,0,1859,8188,4054,15932
1780901779,50,14,1,65,0,1859,8188,4054,15932
1780901780,50,56,0,84,0,1859,8188,4052,15932
1780901781,50,14,2,77,0,1859,8188,4048,15932
1780901782,50,42,0,84,0,1859,8188,4049,15932
1780901782,50,41,2,75,0,1859,8188,4057,15932
1780901783,50,14,1,39,0,1859,8188,4054,15932
1780901784,50,56,2,22,0,1859,8188,4054,15932
1780901784,50,42,1,39,0,1859,8188,4053,15932
1780901785,50,00,1,39,0,1859,8188,4046,15932
1780901786,50,41,1,65,0,1859,8188,4045,15932
1780901787,50,14,1,38,0,1859,8188,4045,15932
1780901787,50,28,1,39,0,1859,8188,4041,15932
1780901788,50,00,1,67,0,1859,8188,4037,15932
1780901789,50,70,0,84,0,1859,8188,4030,15932
1780901790,50,28,1,38,0,1859,8188,4039,15932
1780901790,50,56,1,12,0,1859,8188,4044,15932
1780901791,50,56,1,11,0,1859,8188,4036,15932
1780901792,50,28,2,78,0,1859,8188,4045,15932
1780901792,50,42,1,39,0,1859,8188,4061,15932
1780901793,50,00,2,75,0,1859,8188,4044,15932
1780901794,50,41,1,38,0,1859,8188,4070,15932
1780901795,50,14,2,20,0,1859,8188,4069,15932
1780901795,50,28,1,10,0,1859,8188,4067,15932
1780901796,50,42,1,39,0,1859,8188,4056,15932
1780901797,50,14,1,39,0,1859,8188,4046,15932
1780901797,50,28,1,66,0,1859,8188,4048,15932
1780901798,50,14,1,67,0,1859,8188,4056,15932
1780901799,50,28,0,84,0,1859,8188,4058,15932
1780901800,50,00,1,66,0,1859,8188,4040,15932
1780901800,50,42,1,11,0,1859,8188,4040,15932
1780901801,50,83,1,11,0,1859,8188,4041,15932
1780901802,50,28,1,38,0,1859,8188,4040,15932
1780901802,50,42,2,51,0,1859,8188,4043,15932
1780901803,50,28,1,38,0,1859,8188,4030,15932
1780901804,50,42,2,77,0,1859,8188,4017,15932
1780901805,50,69,1,11,0,1859,8188,4034,15932
1780901805,50,28,1,39,0,1859,8188,4036,15932
1780901806,50,14,1,11,0,1859,8188,4049,15932
1780901807,50,14,1,65,0,1859,8188,4038,15932
1780901807,50,56,1,11,0,1859,8188,4041,15932
1780901808,50,28,1,40,0,1859,8188,4044,15932
1780901809,49,86,1,93,0,1859,8188,4045,15932
1780901810,50,14,0,83,0,1859,8188,4046,15932
1780901810,50,28,1,38,0,1859,8188,4046,15932
1780901811,50,14,1,38,0,1859,8188,4063,15932
1780901812,50,42,2,51,0,1859,8188,4051,15932
1780901813,50,28,1,39,0,1859,8188,4052,15932
1780901813,50,27,2,75,0,1859,8188,4056,15932
1780901814,50,69,1,11,0,1859,8188,4051,15932
1780901815,50,14,2,23,0,1859,8188,4054,15932
1780901815,50,14,1,39,0,1859,8188,4057,15932
1780901816,50,28,1,10,0,1859,8188,4071,15932
1780901817,50,00,1,67,0,1859,8188,4069,15932
1780901818,50,84,0,84,0,1859,8188,4047,15932
1780901818,50,41,1,65,0,1859,8188,4071,15932
1780901819,50,14,1,95,0,1859,8188,4053,15932
1780901820,50,42,1,39,0,1859,8188,4053,15932
1780901820,50,41,1,38,0,1859,8188,4054,15932
1780901821,50,96,0,83,0,1859,8188,4054,15932
1780901822,50,00,1,38,0,1859,8188,4036,15932
1780901823,50,70,1,67,0,1859,8188,4048,15932
1780901823,50,28,1,38,0,1859,8188,4046,15932
1780901824,50,97,1,94,0,1859,8188,4043,15932
1780901825,50,42,1,11,0,1859,8188,4044,15932
1780901825,50,42,2,51,0,1859,8188,4026,15932
1780901826,50,28,1,68,0,1859,8188,4037,15932
1780901827,50,28,1,39,0,1859,8188,4039,15932
1780901828,50,55,1,38,0,1859,8188,4041,15932
1780901828,50,14,1,39,0,1859,8188,4034,15932
1780901829,50,14,1,65,0,1859,8188,4027,15932
1780901830,50,42,1,11,0,1859,8188,4036,15932
1780901830,50,28,1,38,0,1859,8188,4056,15932
1780901831,50,14,1,65,0,1859,8188,4029,15932
1780901832,50,56,2,22,0,1859,8188,4028,15932
1780901833,50,42,1,39,0,1859,8188,4036,15932
1780901833,50,42,2,22,0,1859,8188,4037,15932
1780901834,50,28,1,39,0,1859,8188,4044,15932
1780901835,50,28,2,78,0,1859,8188,4063,15932
1780901835,50,99,0,85,0,1859,8188,4061,15932
1780901836,50,00,1,65,0,1859,8188,4054,15932
1780901837,50,42,1,11,0,1859,8188,4043,15932
1780901838,50,14,1,39,0,1859,8188,4045,15932
1780901838,50,14,1,11,0,1859,8188,4057,15932
1780901839,50,56,0,84,0,1859,8188,4054,15932
1780901840,50,27,1,37,0,1859,8188,4055,15932
1780901840,50,28,1,40,0,1859,8188,4035,15932
1780901841,50,14,2,48,0,1859,8188,4049,15932
1780901842,50,00,1,39,0,1859,8188,4054,15932
1780901843,50,42,2,51,0,1859,8188,4057,15932
1780901843,50,28,1,40,0,1859,8188,4055,15932
1780901844,50,42,2,49,0,1859,8188,4054,15932
1780901845,50,55,1,10,0,1859,8188,4061,15932
1780901845,50,28,1,39,0,1859,8188,4056,15932
1780901846,50,14,1,11,0,1859,8188,4056,15932
1780901847,50,28,1,39,0,1859,8188,4069,15932
1780901848,50,00,1,12,0,1859,8188,4088,15932
1780901848,50,42,1,11,0,1859,8188,4084,15932
1780901849,50,56,1,11,0,1859,8188,4073,15932
1780901850,50,14,1,65,0,1859,8188,4072,15932
1780901851,50,28,0,83,0,1859,8188,4074,15932
1780901851,50,14,1,67,0,1859,8188,4068,15932
1780901852,49,86,3,05,0,1859,8188,4064,15932
1780901853,50,28,1,39,0,1859,8188,4058,15932
1780901853,50,28,2,76,0,1859,8188,4049,15932
1780901854,50,41,1,65,0,1859,8188,4048,15932
1780901855,50,55,1,38,0,1859,8188,4049,15932
1780901856,50,56,1,39,0,1859,8188,4067,15932
1780901856,50,70,1,11,0,1859,8188,4071,15932
1780901857,50,42,1,11,0,1859,8188,4072,15932
1780901858,50,56,1,12,0,1859,8188,4072,15932
1780901858,50,27,1,90,0,1859,8188,4049,15932
1780901859,50,56,0,84,0,1859,8188,4050,15932
1780901860,50,14,1,66,0,1859,8188,4065,15932
1780901861,50,42,1,12,0,1859,8188,4070,15932
1780901861,50,28,2,21,0,1859,8188,4055,15932
1780901862,50,56,1,40,0,1859,8188,4055,15932
1780901863,50,28,2,49,0,1859,8188,4059,15932
1780901863,50,70,1,11,0,1859,8188,4081,15932
1780901864,50,00,2,76,0,1859,8188,4074,15932
1780901865,50,28,0,84,0,1859,8188,4072,15932
1780901866,50,14,1,39,0,1859,8188,4074,15932
1780901866,50,00,1,40,0,1859,8188,4050,15932
1780901867,50,56,1,40,0,1859,8188,4049,15932
1780901868,50,14,1,39,0,1859,8188,4046,15932
1780901868,50,14,1,39,0,1859,8188,4042,15932
1780901869,50,00,1,66,0,1859,8188,4042,15932
1780901870,50,56,1,39,0,1859,8188,4035,15932
1780901871,50,56,0,84,0,1859,8188,4052,15932
1780901871,50,42,1,39,0,1859,8188,4056,15932
1780901872,50,56,2,25,0,1859,8188,4053,15932
1780901873,50,14,1,64,0,1859,8188,4033,15932
1780901873,50,28,2,50,0,1859,8188,4034,15932
1780901874,50,28,1,12,0,1859,8188,4022,15932
1780901875,50,27,1,91,0,1859,8188,4020,15932
1780901876,50,28,1,10,0,1859,8188,4036,15932
1780901876,49,72,1,94,0,1859,8188,4035,15932
1780901877,50,42,1,39,0,1859,8188,4061,15932
1780901878,50,14,1,66,0,1859,8188,4071,15932
1780901878,50,42,1,11,0,1859,8188,4070,15932
1780901879,50,14,1,66,0,1859,8188,4071,15932
1780901880,50,42,1,12,0,1859,8188,4069,15932
1780901881,49,72,1,93,0,1859,8188,4047,15932
1780901881,50,97,1,94,0,1859,8188,4048,15932
1780901882,50,00,1,66,0,1859,8188,4048,15932
1780901883,49,86,2,75,0,1859,8188,4045,15932
1780901883,50,42,1,11,0,1859,8188,4039,15932
1780901884,50,28,2,76,0,1859,8188,4031,15932
1780901885,50,56,1,12,0,1859,8188,4032,15932
1780901886,50,56,1,12,0,1859,8188,4051,15932
1780901886,50,42,1,11,0,1859,8188,4053,15932
1780901887,50,00,1,67,0,1859,8188,4041,15932
1780901888,50,28,1,39,0,1859,8188,4042,15932
1780901888,50,14,1,11,0,1859,8188,4059,15932
1780901889,50,28,1,11,0,1859,8188,4062,15932
1780901890,50,28,1,39,0,1859,8188,4054,15932
1780901891,50,42,1,11,0,1859,8188,4060,15932
1780901891,50,28,1,39,0,1859,8188,4058,15932
1780901892,50,56,2,50,0,1859,8188,4038,15932
1780901893,50,00,1,38,0,1859,8188,4036,15932
1780901893,50,28,2,49,0,1859,8188,4038,15932
1780901894,50,42,1,39,0,1859,8188,4045,15932
1780901895,50,42,1,39,0,1859,8188,4040,15932
1780901896,50,55,1,38,0,1859,8188,4041,15932
1780901896,50,14,1,39,0,1859,8188,4040,15932
1780901897,50,28,1,11,0,1859,8188,4043,15932
1780901898,50,56,1,40,0,1859,8188,4040,15932
1780901898,50,56,1,40,0,1859,8188,4063,15932
1780901899,50,42,1,11,0,1859,8188,4062,15932
1780901900,49,86,1,66,0,1859,8188,4052,15932
1780901901,50,28,1,39,0,1859,8188,4054,15932
1780901901,50,28,1,96,0,1859,8188,4058,15932
1780901902,50,42,1,11,0,1859,8188,4053,15932
1780901903,50,56,2,22,0,1859,8188,4051,15932
1780901903,50,27,1,37,0,1859,8188,4044,15932
1780901904,50,70,1,40,0,1859,8188,4044,15932
1780901905,50,14,1,39,0,1859,8188,4037,15932
1780901906,50,00,1,38,0,1859,8188,4039,15932
1780901906,50,28,1,40,0,1859,8188,4032,15932
1780901907,50,56,1,12,0,1859,8188,4028,15932
1780901908,50,70,0,84,0,1859,8188,4030,15932
1780901909,50,28,1,39,0,1859,8188,4048,15932
1780901909,50,28,1,10,0,1859,8188,4024,15932
1780901910,50,42,0,85,0,1859,8188,4040,15932
1780901911,50,55,1,66,0,1859,8188,4037,15932
1780901911,50,42,1,39,0,1859,8188,4056,15932
1780901912,50,42,2,49,0,1859,8188,4056,15932
1780901913,50,14,1,92,0,1859,8188,4043,15932
1780901914,50,28,2,22,0,1859,8188,4040,15932
1780901914,50,42,1,40,0,1859,8188,4041,15932
1780901915,50,14,1,67,0,1859,8188,4066,15932
1780901916,50,42,1,11,0,1859,8188,4067,15932
1780901916,50,84,0,84,0,1859,8188,4077,15932
1780901917,50,14,1,11,0,1859,8188,4062,15932
1780901918,50,28,1,38,0,1859,8188,4063,15932
1780901919,50,00,1,39,0,1859,8188,4066,15932
1780901919,50,56,1,11,0,1859,8188,4049,15932
1780901920,50,42,1,12,0,1859,8188,4050,15932
1780901921,50,28,1,67,0,1859,8188,4058,15932
1780901921,50,42,1,96,0,1859,8188,4058,15932
1780901922,50,00,1,67,0,1859,8188,4064,15932
1780901923,50,56,2,22,0,1859,8188,4076,15932
1780901924,50,55,1,38,0,1859,8188,4067,15932
1780901924,50,28,2,51,0,1859,8188,4069,15932
1780901925,50,28,1,12,0,1859,8188,4081,15932
1780901926,50,14,1,39,0,1859,8188,4066,15932
1780901926,50,42,1,11,0,1859,8188,4066,15932
1780901927,50,14,1,39,0,1859,8188,4061,15932
1780901928,50,83,1,11,0,1859,8188,4055,15932
1780901929,50,14,1,38,0,1859,8188,4033,15932
1780901929,50,14,1,11,0,1859,8188,4032,15932
1780901930,49,72,1,66,0,1859,8188,4039,15932
1780901931,50,14,1,67,0,1859,8188,4040,15932
1780901931,50,28,1,11,0,1859,8188,4040,15932
1780901932,50,27,2,47,0,1859,8188,4033,15932
1780901933,50,28,1,11,0,1859,8188,4035,15932
1780901934,50,42,2,24,0,1859,8188,4038,15932
1780901934,50,00,1,66,0,1859,8188,4036,15932
1780901935,50,69,1,65,0,1859,8188,4043,15932
1780901936,49,86,1,66,0,1859,8188,4040,15932
1780901936,49,86,1,40,0,1859,8188,4035,15932
1780901937,50,14,1,11,0,1859,8188,4042,15932
1780901938,50,28,1,40,0,1859,8188,4036,15932
1780901939,50,14,1,39,0,1859,8188,4037,15932
1780901939,50,42,1,39,0,1859,8188,4041,15932
1780901940,50,41,1,38,0,1859,8188,4032,15932
1780901941,50,55,1,38,0,1859,8188,4031,15932
1780901941,50,00,2,78,0,1859,8188,4039,15932
1780901942,50,42,1,11,0,1859,8188,4041,15932
1780901943,50,56,2,22,0,1859,8188,4050,15932
1780901944,50,28,1,67,0,1859,8188,4050,15932
1780901944,50,28,2,49,0,1859,8188,4052,15932
1780901945,50,28,1,38,0,1859,8188,4038,15932
1780901946,50,42,1,11,0,1859,8188,4041,15932
1780901946,49,72,1,66,0,1859,8188,4043,15932
1780901947,50,70,0,84,0,1859,8188,4048,15932
1780901948,50,14,0,85,0,1859,8188,4074,15932
1780901949,50,14,1,66,0,1859,8188,4075,15932
1780901949,50,42,1,39,0,1859,8188,4078,15932
1780901950,50,42,1,39,0,1859,8188,4051,15932
1780901951,50,56,1,67,0,1859,8188,4050,15932
1780901951,50,55,1,10,0,1859,8188,4050,15932
1780901952,50,14,2,77,0,1859,8188,4056,15932
1780901953,50,42,1,11,0,1859,8188,4044,15932
1780901954,50,28,2,50,0,1859,8188,4029,15932
1780901954,50,00,1,40,0,1859,8188,4049,15932
1780901955,50,69,2,48,0,1859,8188,4051,15932
1780901956,50,27,1,37,0,1859,8188,4045,15932
1780901956,50,28,1,67,0,1859,8188,4065,15932
1780901957,50,41,1,37,0,1859,8188,4042,15932
1780901958,50,42,0,84,0,1859,8188,4027,15932
1780901959,50,14,1,64,0,1859,8188,4051,15932
1780901959,49,86,1,93,0,1859,8188,4068,15932
1780901960,50,00,1,39,0,1859,8188,4062,15932
1780901961,50,42,0,84,0,1859,8188,4056,15932
1780901962,50,56,1,67,0,1859,8188,4055,15932
1780901962,50,42,1,39,0,1859,8188,4047,15932
1780901963,50,42,2,49,0,1859,8188,4044,15932
1780901964,50,42,1,39,0,1859,8188,4047,15932
1780901964,50,69,2,22,0,1859,8188,4047,15932
1780901965,50,14,1,95,0,1859,8188,4047,15932
1780901966,50,42,1,39,0,1859,8188,4046,15932
1780901967,50,00,1,66,0,1859,8188,4064,15932
1780901967,50,14,1,39,0,1859,8188,4089,15932
1780901968,50,28,1,40,0,1859,8188,4092,15932
1780901969,49,72,1,67,0,1859,8188,4093,15932
1780901969,50,83,1,39,0,1859,8188,4094,15932
1780901970,50,56,1,40,0,1859,8188,4082,15932
1780901971,49,86,1,66,0,1859,8188,4076,15932
1780901972,50,28,1,39,0,1859,8188,4078,15932
1780901972,50,00,2,49,0,1859,8188,4058,15932
1780901973,50,28,1,11,0,1859,8188,4058,15932
1780901974,50,69,2,48,0,1859,8188,4041,15932
1780901974,50,56,1,39,0,1859,8188,4042,15932
1780901975,50,42,2,51,0,1859,8188,4043,15932
1780901976,49,57,1,42,0,1859,8188,4046,15932
1780901976,50,42,0,84,0,1859,8188,4050,15932
1780901977,50,14,1,43,0,1859,8188,4028,15932
1780901978,50,29,0,87,0,1859,8188,4042,15932
1780901978,50,28,1,99,0,1859,8188,4062,15932
1780901979,50,58,1,16,0,1859,8188,4042,15932
1780901980,50,70,2,24,0,1859,8188,4047,15932
1780901980,50,15,1,17,0,1859,8188,4043,15932
1780901981,50,14,1,15,0,1859,8188,4053,15932
1780901982,50,57,0,86,0,1859,8188,4055,15932
1780901982,50,14,0,87,0,1859,8188,4076,15932
1780901983,50,43,1,72,0,1859,8188,4053,15932
1780901984,50,14,1,15,0,1859,8188,4052,15932
1780901984,50,58,1,73,0,1859,8188,4055,15932
1780901985,50,43,1,15,0,1859,8188,4055,15932
1780901986,50,00,1,44,0,1859,8188,4025,15932
1780901986,50,29,0,87,0,1859,8188,4037,15932
1780901987,50,28,1,42,0,1859,8188,4037,15932
1780901988,50,28,1,98,0,1859,8188,4047,15932
1780901988,50,29,0,87,0,1859,8188,4046,15932
1780901989,50,14,2,59,0,1859,8188,4067,15932
1780901990,50,43,0,87,0,1859,8188,4072,15932
1780901990,50,14,1,15,0,1859,8188,4066,15932
1780901991,50,43,1,16,0,1859,8188,4052,15932
1780901992,50,00,1,71,0,1859,8188,4049,15932
1780901992,50,14,1,98,0,1859,8188,4054,15932
1780901993,50,14,0,86,0,1859,8188,4055,15932
1780901994,49,86,2,29,0,1859,8188,4048,15932
1780901994,50,43,0,58,0,1859,8188,4076,15932
1780901995,50,00,1,15,0,1859,8188,4057,15932
1780901996,50,14,1,15,0,1859,8188,4071,15932
1780901996,50,14,1,16,0,1859,8188,4069,15932
1780901997,51,01,2,02,0,1859,8188,4081,15932
1780901997,50,00,1,15,0,1859,8188,4069,15932
1780901998,50,87,0,58,0,1859,8188,4063,15932
1780901999,50,15,1,17,0,1859,8188,4059,15932
1780901999,49,86,1,42,0,1859,8188,4040,15932
1780902000,50,14,1,42,0,1859,8188,4036,15932
1780902001,50,00,1,44,0,1859,8188,4030,15932
1780902001,50,56,2,54,0,1859,8188,4034,15932
1780902002,50,14,1,44,0,1859,8188,4023,15932
1780902003,50,00,1,99,0,1859,8188,4029,15932
1780902003,50,00,0,86,0,1859,8188,4024,15932
1780902004,50,43,1,42,0,1859,8188,4031,15932
1780902005,50,14,1,15,0,1859,8188,4047,15932
1780902005,49,71,1,43,0,1859,8188,4025,15932
1780902006,50,29,2,30,0,1859,8188,4038,15932
1780902007,50,14,1,41,0,1859,8188,4065,15932
1780902007,50,29,1,16,0,1859,8188,4064,15932
1780902008,50,87,0,87,0,1859,8188,4066,15932
1780902009,50,00,1,14,0,1859,8188,4090,15932
1780902009,50,57,0,86,0,1859,8188,4089,15932
1780902010,50,29,1,15,0,1859,8188,4082,15932
1780902011,50,29,2,29,0,1859,8188,4059,15932
1780902011,50,29,1,14,0,1859,8188,4046,15932
1780902012,50,29,0,87,0,1859,8188,4062,15932
1780902013,50,00,1,16,0,1859,8188,4062,15932
1780902013,50,84,1,40,0,1859,8188,4055,15932
1780902014,50,43,1,73,0,1859,8188,4067,15932
1780902015,49,71,1,16,0,1859,8188,4051,15932
1780902015,50,29,2,29,0,1859,8188,4050,15932
1780902016,50,58,0,87,0,1859,8188,4034,15932
1780902017,49,86,1,43,0,1859,8188,4052,15932
1780902017,50,00,1,44,0,1859,8188,4051,15932
1780902018,50,14,1,16,0,1859,8188,4042,15932
1780902018,50,43,2,29,0,1859,8188,4043,15932
1780902019,50,43,1,15,0,1859,8188,4033,15932
1780902020,50,00,1,74,0,1859,8188,4057,15932
1780902020,49,86,0,87,0,1859,8188,4047,15932
1780902021,50,00,1,15,0,1859,8188,4018,15932
1780902022,50,14,1,15,0,1859,8188,4016,15932
1780902022,50,43,1,15,0,1859,8188,4035,15932
1780902023,49,86,2,32,0,1859,8188,4033,15932
1780902024,50,00,1,16,0,1859,8188,4014,15932
1780902024,50,29,1,72,0,1859,8188,4018,15932
1780902025,49,44,1,69,0,1859,8188,4022,15932
1780902026,50,14,1,15,0,1859,8188,4040,15932
1780902026,50,57,1,14,0,1859,8188,4023,15932
1780902027,50,58,0,58,0,1859,8188,4023,15932
1780902028,50,14,2,31,0,1859,8188,4032,15932
1780902028,50,56,1,40,0,1859,8188,4028,15932
1780902029,50,43,0,58,0,1859,8188,4021,15932
1780902030,50,72,0,86,0,1859,8188,4015,15932
1780902030,50,00,1,71,0,1859,8188,4017,15932
1780902031,50,00,1,42,0,1859,8188,4035,15932
1780902032,50,29,1,16,0,1859,8188,4031,15932
1780902032,50,57,1,99,0,1859,8188,4029,15932
1780902033,50,14,1,15,0,1859,8188,4030,15932
1780902034,50,00,1,45,0,1859,8188,4049,15932
1780902034,50,14,0,86,0,1859,8188,4025,15932
1780902035,50,14,1,15,0,1859,8188,4029,15932
1780902036,49,86,1,42,0,1859,8188,4047,15932
1780902036,50,14,1,15,0,1859,8188,4058,15932
1780902037,50,43,2,02,0,1859,8188,4040,15932
1780902038,50,14,1,44,0,1859,8188,4060,15932
1780902038,50,14,1,15,0,1859,8188,4052,15932
1780902039,50,42,1,13,0,1859,8188,4075,15932
1780902040,50,43,0,87,0,1859,8188,4058,15932
1780902040,49,86,1,16,0,1859,8188,4059,15932
1780902041,50,14,1,99,0,1859,8188,4080,15932
1780902042,50,72,2,01,0,1859,8188,4080,15932
1780902042,50,43,1,15,0,1859,8188,4057,15932
1780902043,50,43,0,86,0,1859,8188,4045,15932
1780902044,50,43,1,15,0,1859,8188,4045,15932
1780902044,50,14,1,43,0,1859,8188,4044,15932
1780902045,50,56,1,12,0,1859,8188,4042,15932
1780902046,49,86,1,43,0,1859,8188,4060,15932
1780902046,50,43,2,61,0,1859,8188,4070,15932
1780902047,50,43,1,15,0,1859,8188,4048,15932
1780902047,50,29,0,87,0,1859,8188,4046,15932
1780902048,50,14,0,87,0,1859,8188,4068,15932
1780902049,50,57,0,57,0,1859,8188,4079,15932
1780902050,49,72,1,42,0,1859,8188,4082,15932
1780902050,50,72,0,86,0,1859,8188,4056,15932
1780902051,50,00,2,30,0,1859,8188,4075,15932
1780902051,49,85,1,46,0,1859,8188,4075,15932
1780902052,50,14,0,86,0,1859,8188,4075,15932
1780902053,50,14,1,15,0,1859,8188,4058,15932
1780902053,49,86,1,44,0,1859,8188,4058,15932
1780902054,50,71,1,14,0,1859,8188,4076,15932
1780902055,50,29,0,87,0,1859,8188,4066,15932
1780902055,50,42,2,52,0,1859,8188,4083,15932
1780902056,50,43,1,15,0,1859,8188,4075,15932
1780902057,50,29,0,87,0,1859,8188,4075,15932
1780902057,49,71,1,16,0,1859,8188,4074,15932
1780902058,50,14,1,43,0,1859,8188,4063,15932
1780902059,49,72,1,70,0,1859,8188,4058,15932
1780902059,50,29,0,87,0,1859,8188,4064,15932
1780902060,50,00,2,31,0,1859,8188,4046,15932
1780902061,50,29,0,87,0,1859,8188,4041,15932
1780902061,50,72,0,86,0,1859,8188,4063,15932
1780902062,50,29,0,86,0,1859,8188,4035,15932
1780902063,50,29,1,14,0,1859,8188,4041,15932
1780902063,50,29,1,15,0,1859,8188,4038,15932
1780902064,49,86,0,86,0,1859,8188,4034,15932
1780902065,50,72,2,03,0,1859,8188,4035,15932
1780902065,50,14,0,86,0,1859,8188,4022,15932
1780902066,50,29,0,86,0,1859,8188,4030,15932
1780902067,50,14,1,15,0,1859,8188,4027,15932
1780902067,50,57,1,14,0,1859,8188,4043,15932
1780902068,50,14,1,42,0,1859,8188,4017,15932
1780902069,50,58,0,58,0,1859,8188,4035,15932
1780902069,50,29,2,59,0,1859,8188,4036,15932
1780902070,50,00,1,44,0,1859,8188,4021,15932
1780902071,50,43,0,87,0,1859,8188,4047,15932
1780902071,50,00,1,43,0,1859,8188,4047,15932
1780902072,50,42,0,85,0,1859,8188,4067,15932
1780902073,50,14,1,73,0,1859,8188,4082,15932
1780902073,50,00,1,15,0,1859,8188,4067,15932
1780902074,50,71,2,28,0,1859,8188,4048,15932
1780902075,50,14,0,86,0,1859,8188,4030,15932
1780902075,50,29,0,86,0,1859,8188,4020,15932
1780902076,49,86,1,67,0,1859,8188,4021,15932
1780902076,50,29,1,16,0,1859,8188,4039,15932
1780902077,50,00,2,33,0,1859,8188,4042,15932
1780902078,50,43,0,87,0,1859,8188,4041,15932
1780902078,50,43,1,16,0,1859,8188,4025,15932
1780902079,50,43,1,14,0,1859,8188,4030,15932
1780902080,50,00,1,15,0,1859,8188,4050,15932
1780902080,50,29,1,44,0,1859,8188,4045,15932
1780902081,50,44,0,87,0,1859,8188,4060,15932
1780902082,50,72,2,61,0,1859,8188,4037,15932
1780902082,50,29,1,15,0,1859,8188,4040,15932
1780902083,49,86,1,42,0,1859,8188,4043,15932
1780902084,50,57,1,15,0,1859,8188,4027,15932
1780902084,50,14,1,15,0,1859,8188,4046,15932
1780902085,50,87,1,45,0,1859,8188,4047,15932
1780902086,50,14,1,15,0,1859,8188,4052,15932
1780902086,51,16,2,03,0,1859,8188,4049,15932
1780902087,50,14,1,43,0,1859,8188,4053,15932
1780902088,50,72,0,87,0,1859,8188,4033,15932
1780902088,50,14,1,15,0,1859,8188,4025,15932
1780902089,50,29,1,16,0,1859,8188,4043,15932
1780902090,50,00,2,00,0,1859,8188,4025,15932
1780902090,50,57,0,57,0,1859,8188,4030,15932
1780902091,50,29,1,45,0,1859,8188,4025,15932
1780902092,50,29,1,15,0,1859,8188,4021,15932
1780902092,50,14,1,15,0,1859,8188,4019,15932
1780902093,50,29,1,16,0,1859,8188,4037,15932
1780902094,50,58,0,88,0,1859,8188,4061,15932
1780902094,50,57,2,59,0,1859,8188,4058,15932
1780902095,50,57,0,86,0,1859,8188,4035,15932
1780902096,50,14,2,31,0,1859,8188,4058,15932
1780902096,50,57,0,86,0,1859,8188,4058,15932
1780902097,49,86,1,43,0,1859,8188,4042,15932
1780902097,50,72,1,15,0,1859,8188,4037,15932
1780902098,50,00,1,15,0,1859,8188,4031,15932
1780902099,50,00,2,59,0,1859,8188,4053,15932
1780902099,50,29,0,87,0,1859,8188,4058,15932
1780902100,50,72,1,72,0,1859,8188,4035,15932
1780902101,50,58,1,16,0,1859,8188,4022,15932
1780902101,50,43,0,86,0,1859,8188,4040,15932
1780902102,50,29,1,15,0,1859,8188,4050,15932
1780902103,49,72,1,13,0,1859,8188,4072,15932
1780902103,50,29,2,30,0,1859,8188,4073,15932
1780902104,50,14,0,86,0,1859,8188,4089,15932
1780902105,50,72,1,16,0,1859,8188,4066,15932
1780902105,50,00,1,43,0,1859,8188,4040,15932
1780902106,50,00,1,15,0,1859,8188,4043,15932
1780902107,50,00,1,43,0,1859,8188,4042,15932
1780902107,50,42,1,13,0,1859,8188,4067,15932
1780902108,50,84,1,96,0,1859,8188,4081,15932
1780902109,50,29,0,86,0,1859,8188,4074,15932
1780902109,50,43,2,01,0,1859,8188,4069,15932
1780902110,50,43,0,86,0,1859,8188,4062,15932
1780902111,49,86,1,42,0,1859,8188,4055,15932
1780902111,50,29,0,87,0,1859,8188,4045,15932
1780902112,50,00,1,15,0,1859,8188,4045,15932
1780902113,50,87,1,73,0,1859,8188,4047,15932
1780902113,49,86,1,73,0,1859,8188,4044,15932
1780902114,50,00,1,43,0,1859,8188,4037,15932
1780902115,50,72,0,57,0,1859,8188,4054,15932
1780902115,50,14,0,86,0,1859,8188,4075,15932
1780902116,50,14,0,87,0,1859,8188,4073,15932
1780902117,49,86,1,43,0,1859,8188,4047,15932
1780902117,50,42,1,70,0,1859,8188,4064,15932
1780902118,50,58,0,87,0,1859,8188,4067,15932
1780902119,50,00,1,16,0,1859,8188,4070,15932
1780902119,50,87,0,87,0,1859,8188,4062,15932
1780902120,50,43,1,16,0,1859,8188,4059,15932
1780902121,50,29,1,15,0,1859,8188,4054,15932
1780902121,50,29,0,86,0,1859,8188,4055,15932
1780902122,50,14,2,52,0,1859,8188,4056,15932
1780902123,50,43,0,86,0,1859,8188,4074,15932
1780902123,50,43,1,43,0,1859,8188,4072,15932
1780902124,49,86,1,43,0,1859,8188,4073,15932
1780902125,50,29,1,16,0,1859,8188,4067,15932
1780902125,50,00,1,14,0,1859,8188,4059,15932
1780902126,50,43,1,15,0,1859,8188,4064,15932
1780902127,50,29,2,31,0,1859,8188,4040,15932
1780902127,49,71,1,16,0,1859,8188,4056,15932
1780902128,50,29,0,87,0,1859,8188,4048,15932
1780902128,50,72,0,86,0,1859,8188,4051,15932
1780902129,50,29,0,88,0,1859,8188,4066,15932
1780902130,50,43,0,86,0,1859,8188,4069,15932
1780902130,50,29,0,58,0,1859,8188,4067,15932
1780902131,50,43,2,29,0,1859,8188,4082,15932
1780902132,50,58,0,87,0,1859,8188,4050,15932
1780902132,49,86,1,15,0,1859,8188,4033,15932
1780902133,49,86,1,43,0,1859,8188,4049,15932
1780902134,50,00,0,87,0,1859,8188,4049,15932
1780902134,50,98,1,68,0,1859,8188,4030,15932
1780902135,50,00,1,15,0,1859,8188,4039,15932
1780902136,50,72,2,31,0,1859,8188,4043,15932
1780902136,50,29,0,87,0,1859,8188,4035,15932
1780902137,50,14,1,44,0,1859,8188,4031,15932
1780902138,50,43,1,15,0,1859,8188,4034,15932
1780902138,50,29,1,16,0,1859,8188,4031,15932
1780902139,50,29,2,30,0,1859,8188,4030,15932
1780902140,50,00,0,58,0,1859,8188,4035,15932
1780902140,50,14,1,43,0,1859,8188,4033,15932
1780902141,50,29,0,57,0,1859,8188,4036,15932
1780902141,50,43,1,15,0,1859,8188,4059,15932
1780902142,50,14,1,15,0,1859,8188,4036,15932
1780902143,49,85,1,17,0,1859,8188,4051,15932
1780902143,49,71,2,57,0,1859,8188,4038,15932
1780902144,50,58,0,87,0,1859,8188,4031,15932
1780902145,50,58,1,16,0,1859,8188,4030,15932
1780902145,50,57,1,15,0,1859,8188,4021,15932
1780902146,50,14,1,15,0,1859,8188,4022,15932
1780902147,50,29,1,43,0,1859,8188,4042,15932
1780902147,50,29,0,58,0,1859,8188,4066,15932
1780902148,50,58,1,73,0,1859,8188,4046,15932
1780902149,50,71,0,57,0,1859,8188,4063,15932
1780902149,50,58,0,87,0,1859,8188,4067,15932
1780902150,50,14,1,15,0,1859,8188,4060,15932
1780902151,50,72,0,87,0,1859,8188,4043,15932
1780902151,50,29,1,73,0,1859,8188,4051,15932
1780902152,50,57,0,57,0,1859,8188,4046,15932
1780902152,50,14,1,16,0,1859,8188,4065,15932
1780902153,50,58,0,87,0,1859,8188,4042,15932
1780902154,50,14,1,44,0,1859,8188,4035,15932
1780902154,22,86,6,29,0,1859,8188,4042,15932
