timestamp,core,usr,sys,idle,used
1780847147,0,0,00,3,45,96,55,3,45
1780847147,1,0,00,0,00,100,00,0,00
1780847147,2,3,45,6,90,89,66,10,34
1780847147,3,0,00,0,00,100,00,0,00
1780847147,4,0,00,0,00,100,00,0,00
1780847147,5,0,00,0,00,100,00,0,00
1780847147,6,0,00,0,00,100,00,0,00
1780847147,7,0,00,0,00,100,00,0,00
1780847147,8,0,00,0,00,100,00,0,00
1780847147,9,0,00,0,00,100,00,0,00
1780847147,10,75,86,24,14,0,00,100,00
1780847147,11,0,00,3,45,96,55,3,45
1780847148,0,0,00,0,00,100,00,0,00
1780847148,1,0,00,0,00,100,00,0,00
1780847148,2,0,00,0,00,100,00,0,00
1780847148,3,0,00,0,00,100,00,0,00
1780847148,4,0,00,0,00,100,00,0,00
1780847148,5,0,00,0,00,100,00,0,00
1780847148,6,0,00,0,00,100,00,0,00
1780847148,7,0,00,3,33,96,67,3,33
1780847148,8,3,33,6,67,90,00,10,00
1780847148,9,0,00,0,00,100,00,0,00
1780847148,10,100,00,0,00,0,00,100,00
1780847148,11,0,00,0,00,100,00,0,00
1780847148,0,0,00,0,00,100,00,0,00
1780847148,1,0,00,0,00,100,00,0,00
1780847148,2,0,00,6,90,93,10,6,90
1780847148,3,0,00,0,00,100,00,0,00
1780847148,4,0,00,0,00,100,00,0,00
1780847148,5,0,00,3,45,96,55,3,45
1780847148,6,0,00,0,00,100,00,0,00
1780847148,7,0,00,3,45,96,55,3,45
1780847148,8,0,00,0,00,100,00,0,00
1780847148,9,0,00,0,00,100,00,0,00
1780847148,10,100,00,0,00,0,00,100,00
1780847148,11,0,00,0,00,100,00,0,00
1780847149,0,0,00,0,00,100,00,0,00
1780847149,1,0,00,3,33,96,67,3,33
1780847149,2,0,00,0,00,100,00,0,00
1780847149,3,0,00,0,00,100,00,0,00
1780847149,4,0,00,0,00,100,00,0,00
1780847149,5,0,00,0,00,100,00,0,00
1780847149,6,0,00,6,67,93,33,6,67
1780847149,7,0,00,0,00,100,00,0,00
1780847149,8,0,00,6,90,93,10,6,90
1780847149,9,0,00,3,45,96,55,3,45
1780847149,10,100,00,0,00,0,00,100,00
1780847149,11,0,00,0,00,100,00,0,00
1780847149,0,0,00,0,00,100,00,0,00
1780847149,1,0,00,0,00,100,00,0,00
1780847149,2,0,00,0,00,100,00,0,00
1780847149,3,0,00,0,00,100,00,0,00
1780847149,4,0,00,0,00,100,00,0,00
1780847149,5,0,00,0,00,100,00,0,00
1780847149,6,0,00,0,00,100,00,0,00
1780847149,7,0,00,0,00,100,00,0,00
1780847149,8,0,00,7,14,92,86,7,14
1780847149,9,0,00,0,00,100,00,0,00
1780847149,10,100,00,0,00,0,00,100,00
1780847149,11,0,00,0,00,100,00,0,00
1780847150,0,0,00,7,14,92,86,7,14
1780847150,1,0,00,3,45,96,55,3,45
1780847150,2,0,00,0,00,100,00,0,00
1780847150,3,0,00,0,00,100,00,0,00
1780847150,4,0,00,0,00,100,00,0,00
1780847150,5,0,00,0,00,100,00,0,00
1780847150,6,0,00,0,00,100,00,0,00
1780847150,7,0,00,0,00,100,00,0,00
1780847150,8,0,00,0,00,100,00,0,00
1780847150,9,0,00,0,00,100,00,0,00
1780847150,10,100,00,0,00,0,00,100,00
1780847150,11,0,00,0,00,100,00,0,00
1780847151,0,0,00,0,00,100,00,0,00
1780847151,1,0,00,3,45,96,55,3,45
1780847151,2,0,00,0,00,100,00,0,00
1780847151,3,0,00,0,00,100,00,0,00
1780847151,4,89,66,0,00,10,34,89,66
1780847151,5,0,00,3,33,96,67,3,33
1780847151,6,0,00,6,90,93,10,6,90
1780847151,7,0,00,0,00,100,00,0,00
1780847151,8,0,00,0,00,100,00,0,00
1780847151,9,3,33,0,00,96,67,3,33
1780847151,10,10,34,0,00,89,66,10,34
1780847151,11,0,00,0,00,100,00,0,00
1780847151,0,0,00,6,90,93,10,6,90
1780847151,1,0,00,3,57,96,43,3,57
1780847151,2,0,00,0,00,100,00,0,00
1780847151,3,0,00,0,00,100,00,0,00
1780847151,4,100,00,0,00,0,00,100,00
1780847151,5,0,00,0,00,100,00,0,00
1780847151,6,0,00,0,00,100,00,0,00
1780847151,7,0,00,0,00,100,00,0,00
1780847151,8,0,00,0,00,100,00,0,00
1780847151,9,0,00,0,00,100,00,0,00
1780847151,10,0,00,0,00,100,00,0,00
1780847151,11,0,00,0,00,100,00,0,00
1780847152,0,0,00,0,00,100,00,0,00
1780847152,1,3,57,0,00,96,43,3,57
1780847152,2,0,00,0,00,100,00,0,00
1780847152,3,0,00,0,00,100,00,0,00
1780847152,4,100,00,0,00,0,00,100,00
1780847152,5,0,00,0,00,100,00,0,00
1780847152,6,0,00,0,00,100,00,0,00
1780847152,7,3,45,3,45,93,10,6,90
1780847152,8,0,00,3,45,96,55,3,45
1780847152,9,0,00,3,45,96,55,3,45
1780847152,10,0,00,0,00,100,00,0,00
1780847152,11,0,00,0,00,100,00,0,00
1780847153,0,3,45,3,45,93,10,6,90
1780847153,1,0,00,0,00,100,00,0,00
1780847153,2,0,00,0,00,100,00,0,00
1780847153,3,0,00,0,00,100,00,0,00
1780847153,4,100,00,0,00,0,00,100,00
1780847153,5,3,33,3,33,93,33,6,67
1780847153,6,0,00,0,00,100,00,0,00
1780847153,7,0,00,0,00,100,00,0,00
1780847153,8,0,00,0,00,100,00,0,00
1780847153,9,0,00,0,00,100,00,0,00
1780847153,10,0,00,0,00,100,00,0,00
1780847153,11,0,00,0,00,100,00,0,00
1780847153,0,0,00,0,00,100,00,0,00
1780847153,1,0,00,0,00,100,00,0,00
1780847153,2,0,00,0,00,100,00,0,00
1780847153,3,0,00,0,00,100,00,0,00
1780847153,4,0,00,0,00,100,00,0,00
1780847153,5,0,00,0,00,100,00,0,00
1780847153,6,3,45,3,45,93,10,6,90
1780847153,7,0,00,3,45,96,55,3,45
1780847153,8,0,00,0,00,100,00,0,00
1780847153,9,0,00,0,00,100,00,0,00
1780847153,10,100,00,0,00,0,00,100,00
1780847153,11,0,00,0,00,100,00,0,00
1780847154,0,0,00,0,00,100,00,0,00
1780847154,1,0,00,3,45,96,55,3,45
1780847154,2,0,00,3,45,96,55,3,45
1780847154,3,0,00,0,00,100,00,0,00
1780847154,4,0,00,0,00,100,00,0,00
1780847154,5,0,00,0,00,100,00,0,00
1780847154,6,0,00,3,45,96,55,3,45
1780847154,7,0,00,7,14,92,86,7,14
1780847154,8,0,00,0,00,100,00,0,00
1780847154,9,0,00,0,00,100,00,0,00
1780847154,10,100,00,0,00,0,00,100,00
1780847154,11,0,00,0,00,100,00,0,00
1780847155,0,0,00,6,90,93,10,6,90
1780847155,1,0,00,3,45,96,55,3,45
1780847155,2,0,00,0,00,100,00,0,00
1780847155,3,0,00,0,00,100,00,0,00
1780847155,4,0,00,0,00,100,00,0,00
1780847155,5,0,00,0,00,100,00,0,00
1780847155,6,0,00,0,00,100,00,0,00
1780847155,7,0,00,0,00,100,00,0,00
1780847155,8,0,00,3,33,96,67,3,33
1780847155,9,0,00,0,00,100,00,0,00
1780847155,10,100,00,0,00,0,00,100,00
1780847155,11,0,00,0,00,100,00,0,00
1780847155,0,3,45,6,90,89,66,10,34
1780847155,1,0,00,0,00,100,00,0,00
1780847155,2,0,00,0,00,100,00,0,00
1780847155,3,0,00,0,00,100,00,0,00
1780847155,4,100,00,0,00,0,00,100,00
1780847155,5,0,00,3,45,96,55,3,45
1780847155,6,0,00,0,00,100,00,0,00
1780847155,7,0,00,3,45,96,55,3,45
1780847155,8,0,00,0,00,100,00,0,00
1780847155,9,0,00,3,45,96,55,3,45
1780847155,10,0,00,0,00,100,00,0,00
1780847155,11,0,00,0,00,100,00,0,00
1780847156,0,0,00,0,00,100,00,0,00
1780847156,1,0,00,0,00,100,00,0,00
1780847156,2,0,00,0,00,100,00,0,00
1780847156,3,0,00,0,00,100,00,0,00
1780847156,4,100,00,0,00,0,00,100,00
1780847156,5,0,00,0,00,100,00,0,00
1780847156,6,3,33,6,67,90,00,10,00
1780847156,7,0,00,3,45,96,55,3,45
1780847156,8,0,00,3,45,96,55,3,45
1780847156,9,0,00,0,00,100,00,0,00
1780847156,10,0,00,0,00,100,00,0,00
1780847156,11,0,00,0,00,100,00,0,00
1780847157,0,0,00,3,45,96,55,3,45
1780847157,1,0,00,6,90,93,10,6,90
1780847157,2,0,00,0,00,100,00,0,00
1780847157,3,0,00,0,00,100,00,0,00
1780847157,4,100,00,0,00,0,00,100,00
1780847157,5,0,00,0,00,100,00,0,00
1780847157,6,0,00,0,00,100,00,0,00
1780847157,7,0,00,0,00,100,00,0,00
1780847157,8,3,45,3,45,93,10,6,90
1780847157,9,0,00,0,00,100,00,0,00
1780847157,10,0,00,0,00,100,00,0,00
1780847157,11,0,00,0,00,100,00,0,00
1780847157,0,0,00,0,00,100,00,0,00
1780847157,1,0,00,3,57,96,43,3,57
1780847157,2,0,00,0,00,100,00,0,00
1780847157,3,0,00,0,00,100,00,0,00
1780847157,4,100,00,0,00,0,00,100,00
1780847157,5,0,00,0,00,100,00,0,00
1780847157,6,3,33,6,67,90,00,10,00
1780847157,7,0,00,0,00,100,00,0,00
1780847157,8,3,33,0,00,96,67,3,33
1780847157,9,0,00,3,45,96,55,3,45
1780847157,10,0,00,0,00,100,00,0,00
1780847157,11,0,00,0,00,100,00,0,00
1780847158,0,0,00,3,45,96,55,3,45
1780847158,1,0,00,3,45,96,55,3,45
1780847158,2,0,00,0,00,100,00,0,00
1780847158,3,0,00,0,00,100,00,0,00
1780847158,4,100,00,0,00,0,00,100,00
1780847158,5,0,00,0,00,100,00,0,00
1780847158,6,0,00,0,00,100,00,0,00
1780847158,7,0,00,3,45,96,55,3,45
1780847158,8,0,00,6,90,93,10,6,90
1780847158,9,0,00,0,00,100,00,0,00
1780847158,10,0,00,0,00,100,00,0,00
1780847158,11,0,00,0,00,100,00,0,00
1780847159,0,0,00,6,90,93,10,6,90
1780847159,1,0,00,0,00,100,00,0,00
1780847159,2,0,00,0,00,100,00,0,00
1780847159,3,0,00,0,00,100,00,0,00
1780847159,4,100,00,0,00,0,00,100,00
1780847159,5,0,00,0,00,100,00,0,00
1780847159,6,0,00,0,00,100,00,0,00
1780847159,7,0,00,0,00,100,00,0,00
1780847159,8,0,00,0,00,100,00,0,00
1780847159,9,0,00,3,45,96,55,3,45
1780847159,10,0,00,0,00,100,00,0,00
1780847159,11,0,00,0,00,100,00,0,00
1780847159,0,0,00,0,00,100,00,0,00
1780847159,1,0,00,3,45,96,55,3,45
1780847159,2,0,00,0,00,100,00,0,00
1780847159,3,0,00,0,00,100,00,0,00
1780847159,4,100,00,0,00,0,00,100,00
1780847159,5,0,00,0,00,100,00,0,00
1780847159,6,0,00,6,90,93,10,6,90
1780847159,7,0,00,0,00,100,00,0,00
1780847159,8,0,00,0,00,100,00,0,00
1780847159,9,0,00,0,00,100,00,0,00
1780847159,10,0,00,0,00,100,00,0,00
1780847159,11,0,00,0,00,100,00,0,00
1780847160,0,0,00,0,00,100,00,0,00
1780847160,1,0,00,6,90,93,10,6,90
1780847160,2,0,00,0,00,100,00,0,00
1780847160,3,0,00,0,00,100,00,0,00
1780847160,4,100,00,0,00,0,00,100,00
1780847160,5,0,00,0,00,100,00,0,00
1780847160,6,0,00,0,00,100,00,0,00
1780847160,7,0,00,0,00,100,00,0,00
1780847160,8,3,45,3,45,93,10,6,90
1780847160,9,0,00,3,45,96,55,3,45
1780847160,10,0,00,0,00,100,00,0,00
1780847160,11,0,00,3,45,96,55,3,45
1780847160,0,0,00,0,00,100,00,0,00
1780847160,1,0,00,0,00,100,00,0,00
1780847160,2,0,00,0,00,100,00,0,00
1780847160,3,0,00,0,00,100,00,0,00
1780847160,4,100,00,0,00,0,00,100,00
1780847160,5,0,00,0,00,100,00,0,00
1780847160,6,3,45,6,90,89,66,10,34
1780847160,7,0,00,0,00,100,00,0,00
1780847160,8,0,00,3,45,96,55,3,45
1780847160,9,0,00,0,00,100,00,0,00
1780847160,10,0,00,0,00,100,00,0,00
1780847160,11,0,00,0,00,100,00,0,00
1780847161,0,0,00,0,00,100,00,0,00
1780847161,1,0,00,3,33,96,67,3,33
1780847161,2,3,45,3,45,93,10,6,90
1780847161,3,0,00,0,00,100,00,0,00
1780847161,4,100,00,0,00,0,00,100,00
1780847161,5,0,00,0,00,100,00,0,00
1780847161,6,0,00,0,00,100,00,0,00
1780847161,7,0,00,3,45,96,55,3,45
1780847161,8,0,00,0,00,100,00,0,00
1780847161,9,0,00,0,00,100,00,0,00
1780847161,10,0,00,0,00,100,00,0,00
1780847161,11,0,00,3,45,96,55,3,45
1780847162,0,0,00,0,00,100,00,0,00
1780847162,1,0,00,3,70,96,30,3,70
1780847162,2,0,00,3,33,96,67,3,33
1780847162,3,0,00,0,00,100,00,0,00
1780847162,4,100,00,0,00,0,00,100,00
1780847162,5,0,00,0,00,100,00,0,00
1780847162,6,3,45,0,00,96,55,3,45
1780847162,7,0,00,0,00,100,00,0,00
1780847162,8,0,00,0,00,100,00,0,00
1780847162,9,0,00,0,00,100,00,0,00
1780847162,10,0,00,0,00,100,00,0,00
1780847162,11,0,00,0,00,100,00,0,00
1780847162,0,0,00,0,00,100,00,0,00
1780847162,1,0,00,0,00,100,00,0,00
1780847162,2,0,00,0,00,100,00,0,00
1780847162,3,0,00,0,00,100,00,0,00
1780847162,4,100,00,0,00,0,00,100,00
1780847162,5,0,00,0,00,100,00,0,00
1780847162,6,0,00,0,00,100,00,0,00
1780847162,7,3,33,3,33,93,33,6,67
1780847162,8,3,45,6,90,89,66,10,34
1780847162,9,0,00,0,00,100,00,0,00
1780847162,10,0,00,0,00,100,00,0,00
1780847162,11,0,00,0,00,100,00,0,00
1780847163,0,0,00,0,00,100,00,0,00
1780847163,1,3,57,7,14,89,29,10,71
1780847163,2,0,00,0,00,100,00,0,00
1780847163,3,0,00,0,00,100,00,0,00
1780847163,4,100,00,0,00,0,00,100,00
1780847163,5,0,00,0,00,100,00,0,00
1780847163,6,0,00,6,90,93,10,6,90
1780847163,7,0,00,0,00,100,00,0,00
1780847163,8,0,00,0,00,100,00,0,00
1780847163,9,0,00,3,45,96,55,3,45
1780847163,10,0,00,0,00,100,00,0,00
1780847163,11,0,00,0,00,100,00,0,00
1780847164,0,0,00,6,90,93,10,6,90
1780847164,1,0,00,0,00,100,00,0,00
1780847164,2,0,00,0,00,100,00,0,00
1780847164,3,0,00,0,00,100,00,0,00
1780847164,4,0,00,0,00,100,00,0,00
1780847164,5,0,00,0,00,100,00,0,00
1780847164,6,0,00,0,00,100,00,0,00
1780847164,7,0,00,3,45,96,55,3,45
1780847164,8,0,00,0,00,100,00,0,00
1780847164,9,0,00,3,45,96,55,3,45
1780847164,10,100,00,0,00,0,00,100,00
1780847164,11,0,00,0,00,100,00,0,00
1780847164,0,3,33,6,67,90,00,10,00
1780847164,1,0,00,0,00,100,00,0,00
1780847164,2,0,00,3,45,96,55,3,45
1780847164,3,0,00,3,45,96,55,3,45
1780847164,4,0,00,0,00,100,00,0,00
1780847164,5,0,00,0,00,100,00,0,00
1780847164,6,0,00,0,00,100,00,0,00
1780847164,7,0,00,0,00,100,00,0,00
1780847164,8,0,00,0,00,100,00,0,00
1780847164,9,0,00,0,00,100,00,0,00
1780847164,10,100,00,0,00,0,00,100,00
1780847164,11,0,00,0,00,100,00,0,00
1780847165,0,0,00,6,90,93,10,6,90
1780847165,1,0,00,0,00,100,00,0,00
1780847165,2,0,00,0,00,100,00,0,00
1780847165,3,0,00,0,00,100,00,0,00
1780847165,4,0,00,0,00,100,00,0,00
1780847165,5,0,00,0,00,100,00,0,00
1780847165,6,0,00,0,00,100,00,0,00
1780847165,7,3,33,6,67,90,00,10,00
1780847165,8,0,00,0,00,100,00,0,00
1780847165,9,0,00,0,00,100,00,0,00
1780847165,10,100,00,0,00,0,00,100,00
1780847165,11,0,00,0,00,100,00,0,00
1780847166,0,0,00,0,00,100,00,0,00
1780847166,1,0,00,0,00,100,00,0,00
1780847166,2,3,45,6,90,89,66,10,34
1780847166,3,0,00,0,00,100,00,0,00
1780847166,4,0,00,0,00,100,00,0,00
1780847166,5,0,00,0,00,100,00,0,00
1780847166,6,0,00,0,00,100,00,0,00
1780847166,7,0,00,3,45,96,55,3,45
1780847166,8,0,00,0,00,100,00,0,00
1780847166,9,0,00,0,00,100,00,0,00
1780847166,10,100,00,0,00,0,00,100,00
1780847166,11,0,00,3,45,96,55,3,45
1780847166,0,0,00,0,00,100,00,0,00
1780847166,1,0,00,0,00,100,00,0,00
1780847166,2,0,00,0,00,100,00,0,00
1780847166,3,0,00,0,00,100,00,0,00
1780847166,4,0,00,0,00,100,00,0,00
1780847166,5,0,00,0,00,100,00,0,00
1780847166,6,0,00,3,45,96,55,3,45
1780847166,7,0,00,3,45,96,55,3,45
1780847166,8,3,45,3,45,93,10,6,90
1780847166,9,0,00,0,00,100,00,0,00
1780847166,10,100,00,0,00,0,00,100,00
1780847166,11,0,00,0,00,100,00,0,00
1780847167,0,0,00,0,00,100,00,0,00
1780847167,1,0,00,3,45,96,55,3,45
1780847167,2,0,00,6,90,93,10,6,90
1780847167,3,0,00,0,00,100,00,0,00
1780847167,4,0,00,0,00,100,00,0,00
1780847167,5,0,00,0,00,100,00,0,00
1780847167,6,0,00,3,45,96,55,3,45
1780847167,7,0,00,0,00,100,00,0,00
1780847167,8,0,00,0,00,100,00,0,00
1780847167,9,0,00,0,00,100,00,0,00
1780847167,10,100,00,0,00,0,00,100,00
1780847167,11,3,45,0,00,96,55,3,45
1780847168,0,0,00,0,00,100,00,0,00
1780847168,1,0,00,0,00,100,00,0,00
1780847168,2,0,00,0,00,100,00,0,00
1780847168,3,0,00,0,00,100,00,0,00
1780847168,4,0,00,0,00,100,00,0,00
1780847168,5,0,00,0,00,100,00,0,00
1780847168,6,0,00,0,00,100,00,0,00
1780847168,7,0,00,3,45,96,55,3,45
1780847168,8,0,00,6,90,93,10,6,90
1780847168,9,0,00,3,45,96,55,3,45
1780847168,10,100,00,0,00,0,00,100,00
1780847168,11,0,00,0,00,100,00,0,00
1780847168,0,3,33,3,33,93,33,6,67
1780847168,1,3,57,3,57,92,86,7,14
1780847168,2,0,00,0,00,96,67,3,33
1780847168,3,0,00,0,00,100,00,0,00
1780847168,4,0,00,0,00,100,00,0,00
1780847168,5,0,00,0,00,100,00,0,00
1780847168,6,0,00,0,00,100,00,0,00
1780847168,7,0,00,0,00,100,00,0,00
1780847168,8,0,00,0,00,100,00,0,00
1780847168,9,0,00,0,00,100,00,0,00
1780847168,10,100,00,0,00,0,00,100,00
1780847168,11,0,00,0,00,100,00,0,00
1780847169,0,0,00,3,33,96,67,3,33
1780847169,1,0,00,3,45,96,55,3,45
1780847169,2,0,00,0,00,100,00,0,00
1780847169,3,0,00,0,00,100,00,0,00
1780847169,4,0,00,0,00,100,00,0,00
1780847169,5,0,00,0,00,100,00,0,00
1780847169,6,0,00,6,90,93,10,6,90
1780847169,7,3,45,3,45,93,10,6,90
1780847169,8,0,00,0,00,100,00,0,00
1780847169,9,0,00,0,00,100,00,0,00
1780847169,10,100,00,0,00,0,00,100,00
1780847169,11,0,00,0,00,100,00,0,00
1780847170,0,0,00,3,33,96,67,3,33
1780847170,1,0,00,0,00,100,00,0,00
1780847170,2,0,00,0,00,100,00,0,00
1780847170,3,0,00,0,00,100,00,0,00
1780847170,4,0,00,0,00,100,00,0,00
1780847170,5,0,00,0,00,100,00,0,00
1780847170,6,0,00,7,14,92,86,7,14
1780847170,7,0,00,0,00,100,00,0,00
1780847170,8,0,00,0,00,100,00,0,00
1780847170,9,0,00,0,00,100,00,0,00
1780847170,10,100,00,0,00,0,00,100,00
1780847170,11,0,00,0,00,100,00,0,00
1780847170,0,0,00,6,90,93,10,6,90
1780847170,1,0,00,6,90,93,10,6,90
1780847170,2,0,00,3,33,96,67,3,33
1780847170,3,0,00,0,00,100,00,0,00
1780847170,4,0,00,0,00,100,00,0,00
1780847170,5,0,00,0,00,100,00,0,00
1780847170,6,0,00,0,00,100,00,0,00
1780847170,7,0,00,0,00,100,00,0,00
1780847170,8,0,00,0,00,100,00,0,00
1780847170,9,3,45,0,00,96,55,3,45
1780847170,10,100,00,0,00,0,00,100,00
1780847170,11,0,00,0,00,100,00,0,00
1780847171,0,0,00,0,00,93,33,6,67
1780847171,1,0,00,0,00,100,00,0,00
1780847171,2,0,00,0,00,100,00,0,00
1780847171,3,0,00,0,00,100,00,0,00
1780847171,4,0,00,0,00,100,00,0,00
1780847171,5,0,00,3,33,96,67,3,33
1780847171,6,3,45,3,45,93,10,6,90
1780847171,7,0,00,0,00,100,00,0,00
1780847171,8,0,00,3,57,96,43,3,57
1780847171,9,0,00,0,00,100,00,0,00
1780847171,10,100,00,0,00,0,00,100,00
1780847171,11,0,00,0,00,100,00,0,00
1780847171,0,0,00,0,00,100,00,0,00
1780847171,1,0,00,0,00,100,00,0,00
1780847171,2,0,00,0,00,100,00,0,00
1780847171,3,0,00,0,00,100,00,0,00
1780847171,4,0,00,0,00,100,00,0,00
1780847171,5,0,00,0,00,100,00,0,00
1780847171,6,0,00,3,45,96,55,3,45
1780847171,7,0,00,3,70,96,30,3,70
1780847171,8,0,00,0,00,100,00,0,00
1780847171,9,0,00,3,45,96,55,3,45
1780847171,10,100,00,0,00,0,00,100,00
1780847171,11,0,00,0,00,100,00,0,00
1780847172,0,0,00,0,00,100,00,0,00
1780847172,1,3,33,6,67,90,00,10,00
1780847172,2,0,00,0,00,100,00,0,00
1780847172,3,0,00,0,00,100,00,0,00
1780847172,4,0,00,0,00,100,00,0,00
1780847172,5,0,00,3,45,96,55,3,45
1780847172,6,0,00,0,00,100,00,0,00
1780847172,7,0,00,3,45,96,55,3,45
1780847172,8,0,00,0,00,100,00,0,00
1780847172,9,0,00,0,00,100,00,0,00
1780847172,10,100,00,0,00,0,00,100,00
1780847172,11,0,00,0,00,100,00,0,00
1780847173,0,0,00,0,00,100,00,0,00
1780847173,1,0,00,0,00,100,00,0,00
1780847173,2,0,00,0,00,100,00,0,00
1780847173,3,0,00,0,00,100,00,0,00
1780847173,4,0,00,0,00,100,00,0,00
1780847173,5,0,00,0,00,100,00,0,00
1780847173,6,0,00,3,45,96,55,3,45
1780847173,7,0,00,6,90,93,10,6,90
1780847173,8,0,00,0,00,100,00,0,00
1780847173,9,0,00,0,00,100,00,0,00
1780847173,10,100,00,0,00,0,00,100,00
1780847173,11,0,00,0,00,100,00,0,00
1780847173,0,0,00,6,90,93,10,6,90
1780847173,1,0,00,3,45,96,55,3,45
1780847173,2,0,00,0,00,100,00,0,00
1780847173,3,0,00,0,00,100,00,0,00
1780847173,4,0,00,0,00,100,00,0,00
1780847173,5,0,00,0,00,100,00,0,00
1780847173,6,0,00,0,00,100,00,0,00
1780847173,7,0,00,0,00,100,00,0,00
1780847173,8,0,00,0,00,100,00,0,00
1780847173,9,0,00,0,00,100,00,0,00
1780847173,10,100,00,0,00,0,00,100,00
1780847173,11,0,00,3,45,96,55,3,45
1780847174,0,0,00,6,90,93,10,6,90
1780847174,1,0,00,0,00,100,00,0,00
1780847174,2,0,00,3,45,96,55,3,45
1780847174,3,0,00,3,33,96,67,3,33
1780847174,4,0,00,0,00,100,00,0,00
1780847174,5,0,00,0,00,100,00,0,00
1780847174,6,0,00,0,00,100,00,0,00
1780847174,7,0,00,0,00,100,00,0,00
1780847174,8,0,00,0,00,100,00,0,00
1780847174,9,0,00,0,00,100,00,0,00
1780847174,10,100,00,0,00,0,00,100,00
1780847174,11,0,00,0,00,100,00,0,00
1780847175,0,3,45,6,90,89,66,10,34
1780847175,1,0,00,0,00,100,00,0,00
1780847175,2,0,00,3,45,96,55,3,45
1780847175,3,0,00,0,00,100,00,0,00
1780847175,4,0,00,0,00,100,00,0,00
1780847175,5,0,00,0,00,100,00,0,00
1780847175,6,0,00,3,45,96,55,3,45
1780847175,7,0,00,0,00,100,00,0,00
1780847175,8,0,00,0,00,100,00,0,00
1780847175,9,0,00,0,00,100,00,0,00
1780847175,10,100,00,0,00,0,00,100,00
1780847175,11,0,00,0,00,100,00,0,00
1780847175,0,0,00,7,14,92,86,7,14
1780847175,1,0,00,0,00,100,00,0,00
1780847175,2,0,00,0,00,100,00,0,00
1780847175,3,0,00,0,00,100,00,0,00
1780847175,4,100,00,0,00,0,00,100,00
1780847175,5,0,00,0,00,100,00,0,00
1780847175,6,0,00,3,45,96,55,3,45
1780847175,7,0,00,3,45,96,55,3,45
1780847175,8,0,00,0,00,100,00,0,00
1780847175,9,0,00,0,00,100,00,0,00
1780847175,10,3,45,0,00,96,55,3,45
1780847175,11,0,00,0,00,100,00,0,00
1780847176,0,0,00,0,00,100,00,0,00
1780847176,1,0,00,0,00,100,00,0,00
1780847176,2,0,00,0,00,100,00,0,00
1780847176,3,0,00,0,00,100,00,0,00
1780847176,4,100,00,0,00,0,00,100,00
1780847176,5,0,00,0,00,100,00,0,00
1780847176,6,0,00,3,57,96,43,3,57
1780847176,7,0,00,0,00,100,00,0,00
1780847176,8,3,33,6,67,90,00,10,00
1780847176,9,0,00,3,33,96,67,3,33
1780847176,10,0,00,0,00,100,00,0,00
1780847176,11,0,00,0,00,100,00,0,00
1780847177,0,0,00,0,00,100,00,0,00
1780847177,1,0,00,7,14,92,86,7,14
1780847177,2,0,00,0,00,100,00,0,00
1780847177,3,0,00,0,00,100,00,0,00
1780847177,4,100,00,0,00,0,00,100,00
1780847177,5,0,00,0,00,100,00,0,00
1780847177,6,0,00,3,45,96,55,3,45
1780847177,7,0,00,0,00,100,00,0,00
1780847177,8,0,00,0,00,100,00,0,00
1780847177,9,0,00,0,00,100,00,0,00
1780847177,10,0,00,0,00,100,00,0,00
1780847177,11,0,00,0,00,100,00,0,00
1780847177,0,0,00,0,00,100,00,0,00
1780847177,1,0,00,0,00,100,00,0,00
1780847177,2,0,00,3,45,96,55,3,45
1780847177,3,0,00,0,00,100,00,0,00
1780847177,4,0,00,0,00,100,00,0,00
1780847177,5,0,00,0,00,100,00,0,00
1780847177,6,0,00,0,00,100,00,0,00
1780847177,7,0,00,3,70,96,30,3,70
1780847177,8,0,00,0,00,100,00,0,00
1780847177,9,0,00,3,33,96,67,3,33
1780847177,10,100,00,0,00,0,00,100,00
1780847177,11,0,00,0,00,100,00,0,00
1780847178,0,0,00,0,00,100,00,0,00
1780847178,1,0,00,0,00,100,00,0,00
1780847178,2,0,00,6,90,93,10,6,90
1780847178,3,0,00,0,00,100,00,0,00
1780847178,4,0,00,0,00,100,00,0,00
1780847178,5,0,00,0,00,100,00,0,00
1780847178,6,0,00,3,57,96,43,3,57
1780847178,7,0,00,3,45,96,55,3,45
1780847178,8,0,00,0,00,100,00,0,00
1780847178,9,0,00,0,00,100,00,0,00
1780847178,10,100,00,0,00,0,00,100,00
1780847178,11,0,00,0,00,100,00,0,00
1780847179,0,0,00,7,14,92,86,7,14
1780847179,1,0,00,0,00,100,00,0,00
1780847179,2,0,00,3,33,96,67,3,33
1780847179,3,0,00,0,00,100,00,0,00
1780847179,4,100,00,0,00,0,00,100,00
1780847179,5,0,00,0,00,100,00,0,00
1780847179,6,0,00,0,00,100,00,0,00
1780847179,7,0,00,0,00,100,00,0,00
1780847179,8,0,00,3,45,96,55,3,45
1780847179,9,0,00,0,00,100,00,0,00
1780847179,10,3,45,0,00,96,55,3,45
1780847179,11,0,00,3,45,96,55,3,45
1780847179,0,0,00,3,45,96,55,3,45
1780847179,1,0,00,0,00,100,00,0,00
1780847179,2,0,00,0,00,100,00,0,00
1780847179,3,0,00,0,00,100,00,0,00
1780847179,4,100,00,0,00,0,00,100,00
1780847179,5,3,33,6,67,90,00,10,00
1780847179,6,0,00,0,00,100,00,0,00
1780847179,7,0,00,0,00,100,00,0,00
1780847179,8,0,00,3,45,96,55,3,45
1780847179,9,0,00,0,00,100,00,0,00
1780847179,10,0,00,0,00,100,00,0,00
1780847179,11,0,00,0,00,100,00,0,00
1780847180,0,0,00,0,00,100,00,0,00
1780847180,1,0,00,3,45,96,55,3,45
1780847180,2,3,45,6,90,89,66,10,34
1780847180,3,0,00,3,45,96,55,3,45
1780847180,4,100,00,0,00,0,00,100,00
1780847180,5,0,00,0,00,100,00,0,00
1780847180,6,0,00,0,00,100,00,0,00
1780847180,7,0,00,0,00,100,00,0,00
1780847180,8,0,00,0,00,100,00,0,00
1780847180,9,0,00,0,00,100,00,0,00
1780847180,10,0,00,0,00,100,00,0,00
1780847180,11,0,00,0,00,100,00,0,00
1780847180,0,0,00,6,90,93,10,6,90
1780847180,1,3,33,3,33,93,33,6,67
1780847180,2,0,00,0,00,100,00,0,00
1780847180,3,0,00,0,00,100,00,0,00
1780847180,4,100,00,0,00,0,00,100,00
1780847180,5,0,00,3,45,96,55,3,45
1780847180,6,0,00,0,00,100,00,0,00
1780847180,7,0,00,0,00,100,00,0,00
1780847180,8,0,00,0,00,100,00,0,00
1780847180,9,0,00,0,00,100,00,0,00
1780847180,10,0,00,0,00,100,00,0,00
1780847180,11,0,00,0,00,100,00,0,00
1780847181,0,0,00,0,00,100,00,0,00
1780847181,1,0,00,0,00,100,00,0,00
1780847181,2,0,00,3,57,96,43,3,57
1780847181,3,0,00,0,00,100,00,0,00
1780847181,4,100,00,0,00,0,00,100,00
1780847181,5,0,00,0,00,100,00,0,00
1780847181,6,0,00,3,45,96,55,3,45
1780847181,7,0,00,0,00,100,00,0,00
1780847181,8,0,00,0,00,100,00,0,00
1780847181,9,0,00,3,45,96,55,3,45
1780847181,10,0,00,0,00,100,00,0,00
1780847181,11,0,00,0,00,100,00,0,00
1780847182,0,0,00,0,00,100,00,0,00
1780847182,1,0,00,0,00,100,00,0,00
1780847182,2,0,00,3,45,96,55,3,45
1780847182,3,0,00,0,00,100,00,0,00
1780847182,4,100,00,0,00,0,00,100,00
1780847182,5,0,00,0,00,100,00,0,00
1780847182,6,0,00,0,00,100,00,0,00
1780847182,7,0,00,3,45,96,55,3,45
1780847182,8,0,00,3,57,96,43,3,57
1780847182,9,0,00,0,00,100,00,0,00
1780847182,10,0,00,0,00,100,00,0,00
1780847182,11,0,00,0,00,100,00,0,00
1780847182,0,3,45,3,45,93,10,6,90
1780847182,1,0,00,0,00,100,00,0,00
1780847182,2,0,00,6,90,93,10,6,90
1780847182,3,0,00,0,00,100,00,0,00
1780847182,4,100,00,0,00,0,00,100,00
1780847182,5,0,00,0,00,100,00,0,00
1780847182,6,0,00,0,00,100,00,0,00
1780847182,7,0,00,0,00,100,00,0,00
1780847182,8,0,00,0,00,100,00,0,00
1780847182,9,0,00,0,00,100,00,0,00
1780847182,10,0,00,0,00,100,00,0,00
1780847182,11,0,00,0,00,100,00,0,00
1780847183,0,0,00,0,00,100,00,0,00
1780847183,1,0,00,0,00,100,00,0,00
1780847183,2,0,00,0,00,100,00,0,00
1780847183,3,0,00,0,00,100,00,0,00
1780847183,4,100,00,0,00,0,00,100,00
1780847183,5,0,00,0,00,100,00,0,00
1780847183,6,0,00,3,33,96,67,3,33
1780847183,7,0,00,6,90,93,10,6,90
1780847183,8,3,33,3,33,93,33,6,67
1780847183,9,0,00,0,00,100,00,0,00
1780847183,10,0,00,0,00,100,00,0,00
1780847183,11,0,00,0,00,100,00,0,00
1780847184,0,0,00,0,00,100,00,0,00
1780847184,1,0,00,3,57,96,43,3,57
1780847184,2,0,00,0,00,100,00,0,00
1780847184,3,0,00,0,00,100,00,0,00
1780847184,4,0,00,0,00,100,00,0,00
1780847184,5,0,00,0,00,100,00,0,00
1780847184,6,0,00,6,90,93,10,6,90
1780847184,7,0,00,0,00,100,00,0,00
1780847184,8,0,00,0,00,100,00,0,00
1780847184,9,0,00,0,00,100,00,0,00
1780847184,10,100,00,0,00,0,00,100,00
1780847184,11,0,00,0,00,100,00,0,00
1780847184,0,3,45,6,90,89,66,10,34
1780847184,1,0,00,0,00,100,00,0,00
1780847184,2,0,00,3,45,96,55,3,45
1780847184,3,0,00,0,00,100,00,0,00
1780847184,4,0,00,0,00,100,00,0,00
1780847184,5,0,00,0,00,100,00,0,00
1780847184,6,0,00,0,00,100,00,0,00
1780847184,7,0,00,0,00,100,00,0,00
1780847184,8,0,00,0,00,100,00,0,00
1780847184,9,0,00,3,45,96,55,3,45
1780847184,10,100,00,0,00,0,00,100,00
1780847184,11,0,00,0,00,100,00,0,00
1780847185,0,0,00,3,45,96,55,3,45
1780847185,1,0,00,0,00,100,00,0,00
1780847185,2,0,00,0,00,100,00,0,00
1780847185,3,0,00,3,45,96,55,3,45
1780847185,4,0,00,0,00,100,00,0,00
1780847185,5,0,00,0,00,100,00,0,00
1780847185,6,0,00,0,00,100,00,0,00
1780847185,7,0,00,0,00,100,00,0,00
1780847185,8,0,00,3,57,96,43,3,57
1780847185,9,0,00,0,00,100,00,0,00
1780847185,10,100,00,0,00,0,00,100,00
1780847185,11,0,00,0,00,100,00,0,00
1780847186,0,0,00,0,00,100,00,0,00
1780847186,1,0,00,0,00,100,00,0,00
1780847186,2,0,00,0,00,100,00,0,00
1780847186,3,0,00,0,00,100,00,0,00
1780847186,4,0,00,0,00,100,00,0,00
1780847186,5,0,00,0,00,100,00,0,00
1780847186,6,0,00,3,45,96,55,3,45
1780847186,7,3,57,3,57,92,86,7,14
1780847186,8,0,00,0,00,100,00,0,00
1780847186,9,0,00,0,00,100,00,0,00
1780847186,10,100,00,0,00,0,00,100,00
1780847186,11,3,33,3,33,93,33,6,67
1780847186,0,0,00,0,00,100,00,0,00
1780847186,1,0,00,0,00,100,00,0,00
1780847186,2,0,00,0,00,100,00,0,00
1780847186,3,0,00,0,00,100,00,0,00
1780847186,4,0,00,0,00,100,00,0,00
1780847186,5,0,00,0,00,100,00,0,00
1780847186,6,0,00,6,90,93,10,6,90
1780847186,7,0,00,0,00,100,00,0,00
1780847186,8,3,45,3,45,93,10,6,90
1780847186,9,0,00,0,00,100,00,0,00
1780847186,10,100,00,0,00,0,00,100,00
1780847186,11,0,00,0,00,100,00,0,00
1780847187,0,0,00,0,00,100,00,0,00
1780847187,1,0,00,0,00,100,00,0,00
1780847187,2,0,00,6,90,93,10,6,90
1780847187,3,0,00,0,00,100,00,0,00
1780847187,4,0,00,0,00,100,00,0,00
1780847187,5,0,00,0,00,100,00,0,00
1780847187,6,0,00,0,00,100,00,0,00
1780847187,7,0,00,0,00,100,00,0,00
1780847187,8,0,00,0,00,100,00,0,00
1780847187,9,0,00,3,45,96,55,3,45
1780847187,10,100,00,0,00,0,00,100,00
1780847187,11,0,00,0,00,100,00,0,00
1780847188,0,0,00,3,45,96,55,3,45
1780847188,1,0,00,0,00,100,00,0,00
1780847188,2,0,00,3,33,96,67,3,33
1780847188,3,0,00,0,00,100,00,0,00
1780847188,4,0,00,0,00,100,00,0,00
1780847188,5,0,00,0,00,100,00,0,00
1780847188,6,0,00,0,00,100,00,0,00
1780847188,7,0,00,0,00,100,00,0,00
1780847188,8,0,00,7,14,92,86,7,14
1780847188,9,3,45,0,00,96,55,3,45
1780847188,10,100,00,0,00,0,00,100,00
1780847188,11,0,00,0,00,100,00,0,00
1780847188,0,0,00,0,00,100,00,0,00
1780847188,1,3,57,3,57,92,86,7,14
1780847188,2,0,00,0,00,100,00,0,00
1780847188,3,0,00,0,00,100,00,0,00
1780847188,4,0,00,0,00,100,00,0,00
1780847188,5,0,00,0,00,100,00,0,00
1780847188,6,0,00,3,45,96,55,3,45
1780847188,7,0,00,0,00,100,00,0,00
1780847188,8,0,00,0,00,100,00,0,00
1780847188,9,0,00,0,00,100,00,0,00
1780847188,10,100,00,0,00,0,00,100,00
1780847188,11,0,00,3,45,96,55,3,45
1780847189,0,0,00,0,00,100,00,0,00
1780847189,1,0,00,6,90,93,10,6,90
1780847189,2,0,00,3,45,96,55,3,45
1780847189,3,0,00,0,00,100,00,0,00
1780847189,4,0,00,0,00,100,00,0,00
1780847189,5,0,00,0,00,100,00,0,00
1780847189,6,3,45,0,00,96,55,3,45
1780847189,7,0,00,0,00,100,00,0,00
1780847189,8,0,00,0,00,100,00,0,00
1780847189,9,0,00,3,45,96,55,3,45
1780847189,10,100,00,0,00,0,00,100,00
1780847189,11,0,00,0,00,100,00,0,00
1780847189,0,0,00,6,90,93,10,6,90
1780847189,1,3,45,3,45,93,10,6,90
1780847189,2,0,00,0,00,100,00,0,00
1780847189,3,0,00,0,00,100,00,0,00
1780847189,4,0,00,0,00,100,00,0,00
1780847189,5,0,00,3,33,96,67,3,33
1780847189,6,0,00,0,00,100,00,0,00
1780847189,7,0,00,0,00,100,00,0,00
1780847189,8,0,00,0,00,100,00,0,00
1780847189,9,0,00,0,00,100,00,0,00
1780847189,10,100,00,0,00,0,00,100,00
1780847189,11,0,00,0,00,100,00,0,00
1780847190,0,0,00,3,45,96,55,3,45
1780847190,1,0,00,0,00,100,00,0,00
1780847190,2,0,00,0,00,100,00,0,00
1780847190,3,0,00,0,00,100,00,0,00
1780847190,4,89,66,0,00,10,34,89,66
1780847190,5,0,00,0,00,100,00,0,00
1780847190,6,0,00,0,00,100,00,0,00
1780847190,7,0,00,0,00,100,00,0,00
1780847190,8,0,00,6,90,93,10,6,90
1780847190,9,0,00,0,00,100,00,0,00
1780847190,10,13,33,0,00,86,67,13,33
1780847190,11,0,00,0,00,100,00,0,00
1780847191,0,0,00,0,00,100,00,0,00
1780847191,1,0,00,7,14,92,86,7,14
1780847191,2,0,00,3,57,96,43,3,57
1780847191,3,0,00,0,00,100,00,0,00
1780847191,4,100,00,0,00,0,00,100,00
1780847191,5,0,00,0,00,100,00,0,00
1780847191,6,0,00,0,00,100,00,0,00
1780847191,7,0,00,0,00,100,00,0,00
1780847191,8,0,00,0,00,100,00,0,00
1780847191,9,0,00,0,00,100,00,0,00
1780847191,10,0,00,0,00,100,00,0,00
1780847191,11,0,00,0,00,100,00,0,00
1780847191,0,3,45,0,00,96,55,3,45
1780847191,1,0,00,6,90,93,10,6,90
1780847191,2,3,33,3,33,93,33,6,67
1780847191,3,0,00,3,33,96,67,3,33
1780847191,4,100,00,0,00,0,00,100,00
1780847191,5,0,00,0,00,100,00,0,00
1780847191,6,0,00,0,00,100,00,0,00
1780847191,7,0,00,0,00,100,00,0,00
1780847191,8,0,00,0,00,100,00,0,00
1780847191,9,0,00,0,00,100,00,0,00
1780847191,10,0,00,0,00,100,00,0,00
1780847191,11,0,00,0,00,100,00,0,00
1780847192,0,0,00,0,00,100,00,0,00
1780847192,1,0,00,0,00,100,00,0,00
1780847192,2,0,00,0,00,100,00,0,00
1780847192,3,0,00,0,00,100,00,0,00
1780847192,4,100,00,0,00,0,00,100,00
1780847192,5,0,00,0,00,100,00,0,00
1780847192,6,0,00,0,00,100,00,0,00
1780847192,7,0,00,3,45,96,55,3,45
1780847192,8,0,00,6,90,93,10,6,90
1780847192,9,0,00,3,45,96,55,3,45
1780847192,10,0,00,0,00,100,00,0,00
1780847192,11,0,00,0,00,100,00,0,00
1780847193,0,0,00,0,00,100,00,0,00
1780847193,1,0,00,0,00,100,00,0,00
1780847193,2,0,00,6,90,93,10,6,90
1780847193,3,0,00,0,00,100,00,0,00
1780847193,4,100,00,0,00,0,00,100,00
1780847193,5,0,00,0,00,100,00,0,00
1780847193,6,0,00,3,45,96,55,3,45
1780847193,7,0,00,3,45,96,55,3,45
1780847193,8,0,00,0,00,100,00,0,00
1780847193,9,0,00,0,00,100,00,0,00
1780847193,10,0,00,0,00,100,00,0,00
1780847193,11,0,00,0,00,100,00,0,00
1780847193,0,0,00,3,57,96,43,3,57
1780847193,1,0,00,0,00,100,00,0,00
1780847193,2,0,00,0,00,100,00,0,00
1780847193,3,0,00,0,00,100,00,0,00
1780847193,4,0,00,0,00,100,00,0,00
1780847193,5,0,00,0,00,100,00,0,00
1780847193,6,0,00,3,45,96,55,3,45
1780847193,7,0,00,3,45,96,55,3,45
1780847193,8,0,00,0,00,100,00,0,00
1780847193,9,0,00,3,45,96,55,3,45
1780847193,10,100,00,0,00,0,00,100,00
1780847193,11,0,00,0,00,100,00,0,00
1780847194,0,0,00,3,45,96,55,3,45
1780847194,1,0,00,3,45,96,55,3,45
1780847194,2,0,00,0,00,100,00,0,00
1780847194,3,0,00,0,00,100,00,0,00
1780847194,4,0,00,0,00,100,00,0,00
1780847194,5,0,00,3,33,96,67,3,33
1780847194,6,0,00,0,00,100,00,0,00
1780847194,7,0,00,0,00,100,00,0,00
1780847194,8,3,45,3,45,93,10,6,90
1780847194,9,0,00,0,00,100,00,0,00
1780847194,10,100,00,0,00,0,00,100,00
1780847194,11,0,00,0,00,100,00,0,00
1780847195,0,0,00,3,70,96,30,3,70
1780847195,1,3,45,0,00,96,55,3,45
1780847195,2,0,00,0,00,100,00,0,00
1780847195,3,3,45,0,00,96,55,3,45
1780847195,4,0,00,0,00,100,00,0,00
1780847195,5,0,00,0,00,100,00,0,00
1780847195,6,0,00,0,00,100,00,0,00
1780847195,7,0,00,0,00,100,00,0,00
1780847195,8,0,00,0,00,100,00,0,00
1780847195,9,0,00,0,00,100,00,0,00
1780847195,10,100,00,0,00,0,00,100,00
1780847195,11,0,00,0,00,100,00,0,00
1780847195,0,0,00,0,00,100,00,0,00
1780847195,1,0,00,3,45,96,55,3,45
1780847195,2,3,45,6,90,89,66,10,34
1780847195,3,0,00,0,00,100,00,0,00
1780847195,4,0,00,0,00,100,00,0,00
1780847195,5,0,00,0,00,100,00,0,00
1780847195,6,0,00,0,00,100,00,0,00
1780847195,7,0,00,0,00,100,00,0,00
1780847195,8,0,00,3,33,96,67,3,33
1780847195,9,0,00,0,00,100,00,0,00
1780847195,10,100,00,0,00,0,00,100,00
1780847195,11,0,00,0,00,100,00,0,00
1780847196,0,0,00,0,00,100,00,0,00
1780847196,1,0,00,3,57,96,43,3,57
1780847196,2,0,00,0,00,100,00,0,00
1780847196,3,0,00,0,00,100,00,0,00
1780847196,4,0,00,0,00,100,00,0,00
1780847196,5,0,00,0,00,100,00,0,00
1780847196,6,0,00,0,00,100,00,0,00
1780847196,7,0,00,0,00,100,00,0,00
1780847196,8,3,33,6,67,90,00,10,00
1780847196,9,0,00,0,00,100,00,0,00
1780847196,10,100,00,0,00,0,00,100,00
1780847196,11,0,00,3,33,96,67,3,33
1780847197,0,0,00,0,00,100,00,0,00
1780847197,1,0,00,0,00,100,00,0,00
1780847197,2,0,00,3,57,96,43,3,57
1780847197,3,0,00,3,45,96,55,3,45
1780847197,4,0,00,0,00,100,00,0,00
1780847197,5,0,00,0,00,100,00,0,00
1780847197,6,0,00,3,45,96,55,3,45
1780847197,7,0,00,3,45,96,55,3,45
1780847197,8,0,00,0,00,100,00,0,00
1780847197,9,0,00,0,00,100,00,0,00
1780847197,10,100,00,0,00,0,00,100,00
1780847197,11,0,00,0,00,100,00,0,00
1780847197,0,0,00,0,00,100,00,0,00
1780847197,1,0,00,6,90,93,10,6,90
1780847197,2,0,00,6,67,93,33,6,67
1780847197,3,0,00,0,00,100,00,0,00
1780847197,4,0,00,0,00,100,00,0,00
1780847197,5,0,00,3,45,96,55,3,45
1780847197,6,0,00,0,00,100,00,0,00
1780847197,7,0,00,0,00,100,00,0,00
1780847197,8,0,00,0,00,100,00,0,00
1780847197,9,0,00,0,00,100,00,0,00
1780847197,10,100,00,0,00,0,00,100,00
1780847197,11,0,00,0,00,100,00,0,00
1780847198,0,0,00,0,00,100,00,0,00
1780847198,1,0,00,0,00,100,00,0,00
1780847198,2,0,00,0,00,100,00,0,00
1780847198,3,0,00,0,00,100,00,0,00
1780847198,4,0,00,0,00,100,00,0,00
1780847198,5,0,00,0,00,100,00,0,00
1780847198,6,0,00,6,90,93,10,6,90
1780847198,7,0,00,3,45,96,55,3,45
1780847198,8,0,00,0,00,100,00,0,00
1780847198,9,0,00,0,00,100,00,0,00
1780847198,10,100,00,0,00,0,00,100,00
1780847198,11,0,00,0,00,100,00,0,00
1780847198,0,0,00,0,00,100,00,0,00
1780847198,1,0,00,0,00,100,00,0,00
1780847198,2,0,00,0,00,100,00,0,00
1780847198,3,0,00,0,00,100,00,0,00
1780847198,4,100,00,0,00,0,00,100,00
1780847198,5,0,00,0,00,100,00,0,00
1780847198,6,0,00,0,00,100,00,0,00
1780847198,7,0,00,0,00,100,00,0,00
1780847198,8,0,00,7,14,92,86,7,14
1780847198,9,0,00,0,00,100,00,0,00
1780847198,10,0,00,0,00,100,00,0,00
1780847198,11,0,00,0,00,100,00,0,00
1780847199,0,0,00,0,00,100,00,0,00
1780847199,1,0,00,0,00,100,00,0,00
1780847199,2,0,00,3,45,96,55,3,45
1780847199,3,0,00,3,33,96,67,3,33
1780847199,4,100,00,0,00,0,00,100,00
1780847199,5,0,00,0,00,100,00,0,00
1780847199,6,0,00,6,90,93,10,6,90
1780847199,7,0,00,0,00,100,00,0,00
1780847199,8,0,00,0,00,100,00,0,00
1780847199,9,0,00,0,00,100,00,0,00
1780847199,10,0,00,0,00,100,00,0,00
1780847199,11,0,00,0,00,100,00,0,00
1780847200,0,0,00,0,00,100,00,0,00
1780847200,1,0,00,6,90,93,10,6,90
1780847200,2,0,00,0,00,100,00,0,00
1780847200,3,0,00,0,00,100,00,0,00
1780847200,4,100,00,0,00,0,00,100,00
1780847200,5,0,00,3,45,96,55,3,45
1780847200,6,0,00,0,00,100,00,0,00
1780847200,7,0,00,0,00,100,00,0,00
1780847200,8,0,00,0,00,100,00,0,00
1780847200,9,0,00,0,00,100,00,0,00
1780847200,10,0,00,0,00,100,00,0,00
1780847200,11,0,00,0,00,100,00,0,00
1780847200,0,0,00,0,00,100,00,0,00
1780847200,1,0,00,0,00,100,00,0,00
1780847200,2,0,00,0,00,100,00,0,00
1780847200,3,0,00,0,00,100,00,0,00
1780847200,4,100,00,0,00,0,00,100,00
1780847200,5,0,00,0,00,100,00,0,00
1780847200,6,0,00,0,00,100,00,0,00
1780847200,7,3,33,6,67,90,00,10,00
1780847200,8,0,00,0,00,100,00,0,00
1780847200,9,0,00,0,00,100,00,0,00
1780847200,10,0,00,0,00,100,00,0,00
1780847200,11,0,00,0,00,100,00,0,00
1780847201,0,0,00,0,00,100,00,0,00
1780847201,1,0,00,3,45,96,55,3,45
1780847201,2,0,00,3,45,96,55,3,45
1780847201,3,0,00,0,00,100,00,0,00
1780847201,4,100,00,0,00,0,00,100,00
1780847201,5,0,00,0,00,100,00,0,00
1780847201,6,0,00,6,90,93,10,6,90
1780847201,7,0,00,0,00,100,00,0,00
1780847201,8,0,00,0,00,100,00,0,00
1780847201,9,0,00,0,00,100,00,0,00
1780847201,10,0,00,0,00,100,00,0,00
1780847201,11,0,00,0,00,100,00,0,00
1780847202,0,0,00,0,00,100,00,0,00
1780847202,1,0,00,7,14,92,86,7,14
1780847202,2,0,00,3,57,96,43,3,57
1780847202,3,0,00,3,33,96,67,3,33
1780847202,4,100,00,0,00,0,00,100,00
1780847202,5,0,00,0,00,100,00,0,00
1780847202,6,0,00,3,45,96,55,3,45
1780847202,7,0,00,0,00,100,00,0,00
1780847202,8,0,00,0,00,100,00,0,00
1780847202,9,0,00,0,00,100,00,0,00
1780847202,10,0,00,0,00,100,00,0,00
1780847202,11,0,00,0,00,100,00,0,00
1780847202,0,0,00,7,14,92,86,7,14
1780847202,1,0,00,3,45,96,55,3,45
1780847202,2,0,00,3,45,96,55,3,45
1780847202,3,0,00,0,00,100,00,0,00
1780847202,4,100,00,0,00,0,00,100,00
1780847202,5,0,00,0,00,100,00,0,00
1780847202,6,0,00,0,00,100,00,0,00
1780847202,7,0,00,0,00,100,00,0,00
1780847202,8,0,00,0,00,100,00,0,00
1780847202,9,0,00,0,00,100,00,0,00
1780847202,10,0,00,0,00,100,00,0,00
1780847202,11,0,00,0,00,100,00,0,00
1780847203,0,0,00,0,00,100,00,0,00
1780847203,1,0,00,0,00,100,00,0,00
1780847203,2,0,00,0,00,100,00,0,00
1780847203,3,3,45,0,00,96,55,3,45
1780847203,4,100,00,0,00,0,00,100,00
1780847203,5,0,00,0,00,100,00,0,00
1780847203,6,0,00,7,14,92,86,7,14
1780847203,7,0,00,0,00,100,00,0,00
1780847203,8,0,00,3,45,96,55,3,45
1780847203,9,0,00,0,00,100,00,0,00
1780847203,10,0,00,0,00,100,00,0,00
1780847203,11,0,00,0,00,100,00,0,00
1780847204,0,0,00,7,14,92,86,7,14
1780847204,1,0,00,0,00,100,00,0,00
1780847204,2,0,00,0,00,100,00,0,00
1780847204,3,0,00,3,33,96,67,3,33
1780847204,4,100,00,0,00,0,00,100,00
1780847204,5,0,00,3,45,96,55,3,45
1780847204,6,0,00,0,00,100,00,0,00
1780847204,7,0,00,3,45,96,55,3,45
1780847204,8,0,00,0,00,100,00,0,00
1780847204,9,0,00,0,00,100,00,0,00
1780847204,10,0,00,0,00,100,00,0,00
1780847204,11,0,00,0,00,100,00,0,00
1780847204,0,0,00,0,00,100,00,0,00
1780847204,1,0,00,0,00,100,00,0,00
1780847204,2,0,00,0,00,100,00,0,00
1780847204,3,0,00,0,00,100,00,0,00
1780847204,4,100,00,0,00,0,00,100,00
1780847204,5,0,00,0,00,100,00,0,00
1780847204,6,0,00,3,45,96,55,3,45
1780847204,7,0,00,3,70,96,30,3,70
1780847204,8,0,00,0,00,100,00,0,00
1780847204,9,0,00,0,00,100,00,0,00
1780847204,10,0,00,0,00,100,00,0,00
1780847204,11,0,00,0,00,100,00,0,00
1780847205,0,0,00,0,00,100,00,0,00
1780847205,1,0,00,0,00,100,00,0,00
1780847205,2,3,45,3,45,93,10,6,90
1780847205,3,0,00,0,00,100,00,0,00
1780847205,4,100,00,0,00,0,00,100,00
1780847205,5,0,00,0,00,100,00,0,00
1780847205,6,0,00,6,90,93,10,6,90
1780847205,7,3,45,0,00,96,55,3,45
1780847205,8,0,00,0,00,100,00,0,00
1780847205,9,0,00,0,00,100,00,0,00
1780847205,10,0,00,0,00,100,00,0,00
1780847205,11,0,00,0,00,100,00,0,00
1780847206,0,0,00,0,00,100,00,0,00
1780847206,1,0,00,6,90,93,10,6,90
1780847206,2,0,00,0,00,100,00,0,00
1780847206,3,0,00,0,00,100,00,0,00
1780847206,4,100,00,0,00,0,00,100,00
1780847206,5,0,00,3,45,96,55,3,45
1780847206,6,0,00,3,33,96,67,3,33
1780847206,7,0,00,0,00,100,00,0,00
1780847206,8,0,00,0,00,100,00,0,00
1780847206,9,0,00,0,00,100,00,0,00
1780847206,10,0,00,0,00,100,00,0,00
1780847206,11,0,00,0,00,100,00,0,00
1780847206,0,0,00,0,00,100,00,0,00
1780847206,1,0,00,0,00,100,00,0,00
1780847206,2,0,00,0,00,100,00,0,00
1780847206,3,0,00,0,00,100,00,0,00
1780847206,4,100,00,0,00,0,00,100,00
1780847206,5,0,00,0,00,100,00,0,00
1780847206,6,0,00,0,00,100,00,0,00
1780847206,7,0,00,7,14,92,86,7,14
1780847206,8,0,00,0,00,100,00,0,00
1780847206,9,0,00,3,33,96,67,3,33
1780847206,10,0,00,0,00,100,00,0,00
1780847206,11,0,00,0,00,100,00,0,00
1780847207,0,0,00,0,00,100,00,0,00
1780847207,1,0,00,6,90,93,10,6,90
1780847207,2,0,00,0,00,100,00,0,00
1780847207,3,0,00,3,33,96,67,3,33
1780847207,4,100,00,0,00,0,00,100,00
1780847207,5,0,00,0,00,100,00,0,00
1780847207,6,0,00,3,45,96,55,3,45
1780847207,7,0,00,0,00,100,00,0,00
1780847207,8,0,00,3,45,96,55,3,45
1780847207,9,0,00,0,00,100,00,0,00
1780847207,10,0,00,0,00,100,00,0,00
1780847207,11,0,00,0,00,100,00,0,00
1780847207,0,0,00,0,00,100,00,0,00
1780847207,1,3,33,6,67,90,00,10,00
1780847207,2,0,00,0,00,100,00,0,00
1780847207,3,0,00,0,00,100,00,0,00
1780847207,4,100,00,0,00,0,00,100,00
1780847207,5,0,00,3,45,96,55,3,45
1780847207,6,0,00,0,00,100,00,0,00
1780847207,7,0,00,0,00,100,00,0,00
1780847207,8,0,00,0,00,100,00,0,00
1780847207,9,0,00,0,00,100,00,0,00
1780847207,10,0,00,0,00,100,00,0,00
1780847207,11,0,00,0,00,100,00,0,00
1780847208,0,0,00,3,45,96,55,3,45
1780847208,1,0,00,0,00,100,00,0,00
1780847208,2,0,00,0,00,100,00,0,00
1780847208,3,0,00,0,00,100,00,0,00
1780847208,4,100,00,0,00,0,00,100,00
1780847208,5,0,00,0,00,100,00,0,00
1780847208,6,0,00,0,00,100,00,0,00
1780847208,7,0,00,3,33,96,67,3,33
1780847208,8,0,00,7,14,92,86,7,14
1780847208,9,0,00,0,00,100,00,0,00
1780847208,10,0,00,0,00,100,00,0,00
1780847208,11,0,00,0,00,100,00,0,00
1780847209,0,0,00,3,57,96,43,3,57
1780847209,1,0,00,0,00,100,00,0,00
1780847209,2,0,00,0,00,100,00,0,00
1780847209,3,0,00,0,00,100,00,0,00
1780847209,4,100,00,0,00,0,00,100,00
1780847209,5,0,00,0,00,100,00,0,00
1780847209,6,0,00,3,57,96,43,3,57
1780847209,7,0,00,0,00,100,00,0,00
1780847209,8,0,00,0,00,100,00,0,00
1780847209,9,0,00,0,00,100,00,0,00
1780847209,10,0,00,0,00,100,00,0,00
1780847209,11,0,00,0,00,100,00,0,00
1780847209,0,0,00,0,00,100,00,0,00
1780847209,1,0,00,0,00,100,00,0,00
1780847209,2,0,00,0,00,100,00,0,00
1780847209,3,0,00,0,00,100,00,0,00
1780847209,4,100,00,0,00,0,00,100,00
1780847209,5,0,00,0,00,100,00,0,00
1780847209,6,0,00,0,00,100,00,0,00
1780847209,7,3,57,3,57,92,86,7,14
1780847209,8,0,00,0,00,100,00,0,00
1780847209,9,0,00,0,00,100,00,0,00
1780847209,10,0,00,0,00,100,00,0,00
1780847209,11,0,00,0,00,100,00,0,00
1780847210,0,0,00,0,00,100,00,0,00
1780847210,1,0,00,0,00,100,00,0,00
1780847210,2,0,00,3,57,96,43,3,57
1780847210,3,0,00,0,00,100,00,0,00
1780847210,4,100,00,0,00,0,00,100,00
1780847210,5,3,23,0,00,93,55,6,45
1780847210,6,0,00,0,00,100,00,0,00
1780847210,7,0,00,6,90,93,10,6,90
1780847210,8,0,00,0,00,100,00,0,00
1780847210,9,0,00,0,00,100,00,0,00
1780847210,10,0,00,0,00,100,00,0,00
1780847210,11,0,00,0,00,100,00,0,00
1780847211,0,0,00,0,00,100,00,0,00
1780847211,1,0,00,3,57,96,43,3,57
1780847211,2,0,00,0,00,100,00,0,00
1780847211,3,0,00,3,33,96,67,3,33
1780847211,4,100,00,0,00,0,00,100,00
1780847211,5,0,00,3,33,96,67,3,33
1780847211,6,0,00,0,00,100,00,0,00
1780847211,7,0,00,0,00,100,00,0,00
1780847211,8,0,00,0,00,100,00,0,00
1780847211,9,0,00,0,00,100,00,0,00
1780847211,10,0,00,0,00,100,00,0,00
1780847211,11,0,00,0,00,100,00,0,00
1780847211,0,0,00,7,14,92,86,7,14
1780847211,1,0,00,0,00,100,00,0,00
1780847211,2,0,00,0,00,100,00,0,00
1780847211,3,0,00,0,00,100,00,0,00
1780847211,4,100,00,0,00,0,00,100,00
1780847211,5,0,00,0,00,100,00,0,00
1780847211,6,0,00,0,00,100,00,0,00
1780847211,7,0,00,0,00,100,00,0,00
1780847211,8,0,00,0,00,100,00,0,00
1780847211,9,0,00,0,00,100,00,0,00
1780847211,10,0,00,0,00,100,00,0,00
1780847211,11,0,00,0,00,100,00,0,00
1780847212,0,0,00,0,00,100,00,0,00
1780847212,1,0,00,0,00,100,00,0,00
1780847212,2,0,00,0,00,100,00,0,00
1780847212,3,0,00,0,00,100,00,0,00
1780847212,4,100,00,0,00,0,00,100,00
1780847212,5,0,00,0,00,100,00,0,00
1780847212,6,3,33,6,67,90,00,10,00
1780847212,7,0,00,0,00,100,00,0,00
1780847212,8,0,00,0,00,100,00,0,00
1780847212,9,0,00,0,00,100,00,0,00
1780847212,10,0,00,0,00,100,00,0,00
1780847212,11,0,00,0,00,100,00,0,00
1780847213,0,0,00,0,00,100,00,0,00
1780847213,1,0,00,3,45,96,55,3,45
1780847213,2,0,00,3,57,96,43,3,57
1780847213,3,0,00,3,45,96,55,3,45
1780847213,4,100,00,0,00,0,00,100,00
1780847213,5,0,00,0,00,100,00,0,00
1780847213,6,3,33,6,67,90,00,10,00
1780847213,7,0,00,0,00,100,00,0,00
1780847213,8,0,00,0,00,100,00,0,00
1780847213,9,0,00,3,33,96,67,3,33
1780847213,10,0,00,0,00,100,00,0,00
1780847213,11,0,00,0,00,100,00,0,00
1780847213,0,0,00,0,00,100,00,0,00
1780847213,1,3,45,6,90,89,66,10,34
1780847213,2,0,00,3,45,96,55,3,45
1780847213,3,0,00,0,00,100,00,0,00
1780847213,4,100,00,0,00,0,00,100,00
1780847213,5,0,00,0,00,100,00,0,00
1780847213,6,0,00,3,45,96,55,3,45
1780847213,7,0,00,0,00,100,00,0,00
1780847213,8,0,00,0,00,100,00,0,00
1780847213,9,0,00,0,00,100,00,0,00
1780847213,10,0,00,0,00,100,00,0,00
1780847213,11,0,00,0,00,100,00,0,00
1780847214,0,0,00,0,00,100,00,0,00
1780847214,1,0,00,0,00,100,00,0,00
1780847214,2,0,00,0,00,100,00,0,00
1780847214,3,0,00,0,00,100,00,0,00
1780847214,4,0,00,0,00,100,00,0,00
1780847214,5,0,00,3,45,96,55,3,45
1780847214,6,0,00,0,00,100,00,0,00
1780847214,7,0,00,0,00,100,00,0,00
1780847214,8,0,00,7,14,92,86,7,14
1780847214,9,0,00,0,00,100,00,0,00
1780847214,10,100,00,0,00,0,00,100,00
1780847214,11,0,00,0,00,100,00,0,00
1780847215,0,0,00,0,00,100,00,0,00
1780847215,1,0,00,0,00,100,00,0,00
1780847215,2,0,00,6,90,93,10,6,90
1780847215,3,0,00,0,00,100,00,0,00
1780847215,4,0,00,0,00,100,00,0,00
1780847215,5,0,00,0,00,100,00,0,00
1780847215,6,0,00,6,67,93,33,6,67
1780847215,7,0,00,0,00,100,00,0,00
1780847215,8,0,00,0,00,100,00,0,00
1780847215,9,0,00,0,00,100,00,0,00
1780847215,10,100,00,0,00,0,00,100,00
1780847215,11,0,00,0,00,100,00,0,00
1780847215,0,0,00,0,00,100,00,0,00
1780847215,1,0,00,7,14,92,86,7,14
1780847215,2,0,00,3,57,96,43,3,57
1780847215,3,0,00,0,00,100,00,0,00
1780847215,4,0,00,0,00,100,00,0,00
1780847215,5,0,00,0,00,100,00,0,00
1780847215,6,0,00,3,45,96,55,3,45
1780847215,7,0,00,0,00,100,00,0,00
1780847215,8,0,00,0,00,100,00,0,00
1780847215,9,0,00,0,00,100,00,0,00
1780847215,10,100,00,0,00,0,00,100,00
1780847215,11,0,00,0,00,100,00,0,00
1780847216,0,0,00,3,33,96,67,3,33
1780847216,1,0,00,0,00,100,00,0,00
1780847216,2,3,33,3,33,93,33,6,67
1780847216,3,0,00,3,33,96,67,3,33
1780847216,4,0,00,0,00,100,00,0,00
1780847216,5,0,00,3,33,96,67,3,33
1780847216,6,0,00,6,90,93,10,6,90
1780847216,7,0,00,0,00,100,00,0,00
1780847216,8,0,00,0,00,100,00,0,00
1780847216,9,0,00,0,00,100,00,0,00
1780847216,10,100,00,0,00,0,00,100,00
1780847216,11,0,00,0,00,100,00,0,00
1780847216,0,0,00,7,14,92,86,7,14
1780847216,1,0,00,0,00,100,00,0,00
1780847216,2,0,00,0,00,100,00,0,00
1780847216,3,0,00,0,00,100,00,0,00
1780847216,4,0,00,0,00,100,00,0,00
1780847216,5,0,00,0,00,100,00,0,00
1780847216,6,0,00,0,00,100,00,0,00
1780847216,7,0,00,0,00,100,00,0,00
1780847216,8,0,00,0,00,100,00,0,00
1780847216,9,0,00,0,00,100,00,0,00
1780847216,10,100,00,0,00,0,00,100,00
1780847216,11,0,00,0,00,100,00,0,00
1780847217,0,0,00,0,00,100,00,0,00
1780847217,1,0,00,0,00,100,00,0,00
1780847217,2,0,00,0,00,100,00,0,00
1780847217,3,0,00,0,00,100,00,0,00
1780847217,4,100,00,0,00,0,00,100,00
1780847217,5,0,00,0,00,100,00,0,00
1780847217,6,0,00,0,00,100,00,0,00
1780847217,7,0,00,3,45,96,55,3,45
1780847217,8,0,00,7,14,92,86,7,14
1780847217,9,0,00,0,00,100,00,0,00
1780847217,10,0,00,0,00,100,00,0,00
1780847217,11,0,00,0,00,100,00,0,00
1780847218,0,3,33,6,67,90,00,10,00
1780847218,1,0,00,0,00,100,00,0,00
1780847218,2,0,00,0,00,100,00,0,00
1780847218,3,0,00,0,00,100,00,0,00
1780847218,4,100,00,0,00,0,00,100,00
1780847218,5,0,00,0,00,100,00,0,00
1780847218,6,0,00,0,00,100,00,0,00
1780847218,7,0,00,0,00,100,00,0,00
1780847218,8,0,00,0,00,100,00,0,00
1780847218,9,0,00,0,00,100,00,0,00
1780847218,10,0,00,0,00,100,00,0,00
1780847218,11,0,00,3,33,96,67,3,33
1780847218,0,0,00,0,00,100,00,0,00
1780847218,1,0,00,7,14,92,86,7,14
1780847218,2,0,00,0,00,100,00,0,00
1780847218,3,0,00,0,00,100,00,0,00
1780847218,4,100,00,0,00,0,00,100,00
1780847218,5,0,00,0,00,100,00,0,00
1780847218,6,0,00,0,00,100,00,0,00
1780847218,7,0,00,0,00,100,00,0,00
1780847218,8,0,00,0,00,100,00,0,00
1780847218,9,3,45,0,00,96,55,3,45
1780847218,10,0,00,0,00,100,00,0,00
1780847218,11,0,00,0,00,100,00,0,00
1780847219,0,0,00,3,45,96,55,3,45
1780847219,1,3,45,6,90,89,66,10,34
1780847219,2,0,00,0,00,100,00,0,00
1780847219,3,0,00,0,00,100,00,0,00
1780847219,4,100,00,0,00,0,00,100,00
1780847219,5,0,00,0,00,100,00,0,00
1780847219,6,0,00,0,00,100,00,0,00
1780847219,7,0,00,0,00,100,00,0,00
1780847219,8,0,00,0,00,100,00,0,00
1780847219,9,0,00,0,00,100,00,0,00
1780847219,10,0,00,0,00,100,00,0,00
1780847219,11,0,00,0,00,100,00,0,00
1780847220,0,0,00,0,00,100,00,0,00
1780847220,1,0,00,0,00,100,00,0,00
1780847220,2,0,00,0,00,100,00,0,00
1780847220,3,0,00,0,00,100,00,0,00
1780847220,4,100,00,0,00,0,00,100,00
1780847220,5,0,00,0,00,100,00,0,00
1780847220,6,0,00,3,45,96,55,3,45
1780847220,7,0,00,0,00,100,00,0,00
1780847220,8,3,45,6,90,89,66,10,34
1780847220,9,0,00,0,00,100,00,0,00
1780847220,10,0,00,0,00,100,00,0,00
1780847220,11,0,00,0,00,100,00,0,00
1780847220,0,0,00,0,00,100,00,0,00
1780847220,1,0,00,3,45,96,55,3,45
1780847220,2,3,45,3,45,93,10,6,90
1780847220,3,0,00,0,00,100,00,0,00
1780847220,4,100,00,0,00,0,00,100,00
1780847220,5,0,00,0,00,100,00,0,00
1780847220,6,3,33,3,33,93,33,6,67
1780847220,7,0,00,0,00,100,00,0,00
1780847220,8,0,00,0,00,100,00,0,00
1780847220,9,0,00,0,00,100,00,0,00
1780847220,10,0,00,0,00,100,00,0,00
1780847220,11,0,00,0,00,100,00,0,00
1780847221,0,0,00,3,33,96,67,3,33
1780847221,1,0,00,0,00,100,00,0,00
1780847221,2,0,00,0,00,100,00,0,00
1780847221,3,0,00,0,00,100,00,0,00
1780847221,4,16,67,0,00,83,33,16,67
1780847221,5,0,00,0,00,100,00,0,00
1780847221,6,0,00,0,00,100,00,0,00
1780847221,7,0,00,6,90,93,10,6,90
1780847221,8,0,00,3,57,96,43,3,57
1780847221,9,0,00,0,00,100,00,0,00
1780847221,10,86,21,0,00,13,79,86,21
1780847221,11,0,00,3,33,96,67,3,33
1780847222,0,0,00,0,00,100,00,0,00
1780847222,1,0,00,0,00,100,00,0,00
1780847222,2,0,00,0,00,100,00,0,00
1780847222,3,0,00,0,00,100,00,0,00
1780847222,4,0,00,0,00,100,00,0,00
1780847222,5,0,00,0,00,100,00,0,00
1780847222,6,3,45,6,90,89,66,10,34
1780847222,7,0,00,3,45,96,55,3,45
1780847222,8,0,00,0,00,100,00,0,00
1780847222,9,0,00,3,45,96,55,3,45
1780847222,10,100,00,0,00,0,00,100,00
1780847222,11,0,00,0,00,100,00,0,00
1780847222,0,0,00,0,00,100,00,0,00
1780847222,1,0,00,0,00,100,00,0,00
1780847222,2,0,00,0,00,100,00,0,00
1780847222,3,0,00,0,00,100,00,0,00
1780847222,4,0,00,0,00,100,00,0,00
1780847222,5,0,00,0,00,100,00,0,00
1780847222,6,0,00,7,14,92,86,7,14
1780847222,7,0,00,3,45,96,55,3,45
1780847222,8,0,00,0,00,100,00,0,00
1780847222,9,0,00,0,00,100,00,0,00
1780847222,10,100,00,0,00,0,00,100,00
1780847222,11,0,00,0,00,100,00,0,00
1780847223,0,0,00,0,00,100,00,0,00
1780847223,1,0,00,0,00,100,00,0,00
1780847223,2,0,00,0,00,100,00,0,00
1780847223,3,0,00,0,00,100,00,0,00
1780847223,4,0,00,0,00,100,00,0,00
1780847223,5,0,00,3,45,96,55,3,45
1780847223,6,0,00,0,00,100,00,0,00
1780847223,7,0,00,3,70,96,30,3,70
1780847223,8,0,00,3,45,96,55,3,45
1780847223,9,0,00,0,00,100,00,0,00
1780847223,10,100,00,0,00,0,00,100,00
1780847223,11,0,00,0,00,100,00,0,00
1780847224,0,3,33,3,33,93,33,6,67
1780847224,1,3,45,0,00,96,55,3,45
1780847224,2,0,00,0,00,100,00,0,00
1780847224,3,0,00,0,00,100,00,0,00
1780847224,4,0,00,0,00,100,00,0,00
1780847224,5,0,00,0,00,100,00,0,00
1780847224,6,0,00,0,00,100,00,0,00
1780847224,7,0,00,3,45,96,55,3,45
1780847224,8,0,00,6,90,93,10,6,90
1780847224,9,0,00,0,00,100,00,0,00
1780847224,10,100,00,0,00,0,00,100,00
1780847224,11,0,00,0,00,100,00,0,00
1780847224,0,0,00,3,45,96,55,3,45
1780847224,1,0,00,6,90,93,10,6,90
1780847224,2,0,00,0,00,100,00,0,00
1780847224,3,0,00,0,00,100,00,0,00
1780847224,4,0,00,0,00,100,00,0,00
1780847224,5,0,00,0,00,100,00,0,00
1780847224,6,0,00,0,00,100,00,0,00
1780847224,7,0,00,0,00,100,00,0,00
1780847224,8,0,00,0,00,100,00,0,00
1780847224,9,0,00,3,33,96,67,3,33
1780847224,10,100,00,0,00,0,00,100,00
1780847224,11,0,00,0,00,100,00,0,00
1780847225,0,0,00,0,00,100,00,0,00
1780847225,1,0,00,0,00,100,00,0,00
1780847225,2,0,00,0,00,100,00,0,00
1780847225,3,0,00,0,00,100,00,0,00
1780847225,4,0,00,0,00,100,00,0,00
1780847225,5,0,00,0,00,100,00,0,00
1780847225,6,0,00,3,57,96,43,3,57
1780847225,7,0,00,0,00,100,00,0,00
1780847225,8,3,33,6,67,90,00,10,00
1780847225,9,0,00,0,00,100,00,0,00
1780847225,10,100,00,0,00,0,00,100,00
1780847225,11,0,00,0,00,100,00,0,00
1780847225,0,3,33,0,00,96,67,3,33
1780847225,1,0,00,0,00,100,00,0,00
1780847225,2,0,00,6,90,93,10,6,90
1780847225,3,0,00,3,33,96,67,3,33
1780847225,4,0,00,0,00,100,00,0,00
1780847225,5,0,00,3,33,96,67,3,33
1780847225,6,0,00,0,00,100,00,0,00
1780847225,7,3,33,6,67,90,00,10,00
1780847225,8,0,00,0,00,100,00,0,00
1780847225,9,0,00,0,00,100,00,0,00
1780847225,10,100,00,0,00,0,00,100,00
1780847225,11,0,00,0,00,100,00,0,00
1780847226,0,0,00,3,70,96,30,3,70
1780847226,1,0,00,0,00,100,00,0,00
1780847226,2,0,00,0,00,100,00,0,00
1780847226,3,0,00,0,00,100,00,0,00
1780847226,4,0,00,0,00,100,00,0,00
1780847226,5,0,00,0,00,100,00,0,00
1780847226,6,0,00,0,00,100,00,0,00
1780847226,7,0,00,0,00,100,00,0,00
1780847226,8,0,00,3,45,96,55,3,45
1780847226,9,0,00,0,00,100,00,0,00
1780847226,10,100,00,0,00,0,00,100,00
1780847226,11,0,00,0,00,100,00,0,00
1780847227,0,0,00,0,00,100,00,0,00
1780847227,1,0,00,0,00,100,00,0,00
1780847227,2,0,00,0,00,100,00,0,00
1780847227,3,0,00,0,00,100,00,0,00
1780847227,4,0,00,0,00,100,00,0,00
1780847227,5,3,33,3,33,93,33,6,67
1780847227,6,3,57,3,57,92,86,7,14
1780847227,7,0,00,3,45,96,55,3,45
1780847227,8,0,00,0,00,100,00,0,00
1780847227,9,0,00,0,00,100,00,0,00
1780847227,10,100,00,0,00,0,00,100,00
1780847227,11,0,00,0,00,100,00,0,00
1780847227,0,0,00,0,00,100,00,0,00
1780847227,1,0,00,0,00,100,00,0,00
1780847227,2,3,33,0,00,96,67,3,33
1780847227,3,0,00,0,00,100,00,0,00
1780847227,4,0,00,0,00,100,00,0,00
1780847227,5,0,00,0,00,100,00,0,00
1780847227,6,0,00,0,00,100,00,0,00
1780847227,7,0,00,3,45,96,55,3,45
1780847227,8,3,45,6,90,89,66,10,34
1780847227,9,0,00,0,00,100,00,0,00
1780847227,10,100,00,0,00,0,00,100,00
1780847227,11,0,00,0,00,100,00,0,00
1780847228,0,0,00,6,90,93,10,6,90
1780847228,1,0,00,0,00,100,00,0,00
1780847228,2,0,00,3,45,96,55,3,45
1780847228,3,0,00,0,00,100,00,0,00
1780847228,4,0,00,0,00,100,00,0,00
1780847228,5,0,00,0,00,100,00,0,00
1780847228,6,0,00,3,33,96,67,3,33
1780847228,7,0,00,0,00,100,00,0,00
1780847228,8,0,00,0,00,100,00,0,00
1780847228,9,0,00,0,00,100,00,0,00
1780847228,10,100,00,0,00,0,00,100,00
1780847228,11,0,00,0,00,100,00,0,00
1780847229,0,0,00,0,00,100,00,0,00
1780847229,1,0,00,3,45,96,55,3,45
1780847229,2,0,00,3,45,96,55,3,45
1780847229,3,0,00,0,00,100,00,0,00
1780847229,4,0,00,0,00,100,00,0,00
1780847229,5,0,00,0,00,100,00,0,00
1780847229,6,0,00,7,14,92,86,7,14
1780847229,7,0,00,0,00,100,00,0,00
1780847229,8,0,00,3,57,96,43,3,57
1780847229,9,0,00,0,00,100,00,0,00
1780847229,10,100,00,0,00,0,00,100,00
1780847229,11,0,00,0,00,100,00,0,00
1780847229,0,0,00,0,00,100,00,0,00
1780847229,1,0,00,3,57,96,43,3,57
1780847229,2,0,00,0,00,100,00,0,00
1780847229,3,0,00,0,00,100,00,0,00
1780847229,4,100,00,0,00,0,00,100,00
1780847229,5,0,00,3,45,96,55,3,45
1780847229,6,0,00,7,14,92,86,7,14
1780847229,7,0,00,0,00,100,00,0,00
1780847229,8,0,00,0,00,100,00,0,00
1780847229,9,0,00,0,00,100,00,0,00
1780847229,10,0,00,0,00,100,00,0,00
1780847229,11,0,00,0,00,100,00,0,00
1780847230,0,0,00,0,00,100,00,0,00
1780847230,1,0,00,0,00,100,00,0,00
1780847230,2,0,00,3,45,96,55,3,45
1780847230,3,0,00,0,00,100,00,0,00
1780847230,4,100,00,0,00,0,00,100,00
1780847230,5,0,00,0,00,100,00,0,00
1780847230,6,3,33,3,33,93,33,6,67
1780847230,7,0,00,3,45,96,55,3,45
1780847230,8,0,00,3,57,96,43,3,57
1780847230,9,0,00,0,00,100,00,0,00
1780847230,10,0,00,0,00,100,00,0,00
1780847230,11,0,00,0,00,100,00,0,00
1780847231,0,0,00,0,00,100,00,0,00
1780847231,1,0,00,7,14,92,86,7,14
1780847231,2,0,00,0,00,100,00,0,00
1780847231,3,0,00,0,00,100,00,0,00
1780847231,4,100,00,0,00,0,00,100,00
1780847231,5,0,00,0,00,100,00,0,00
1780847231,6,0,00,0,00,100,00,0,00
1780847231,7,0,00,0,00,100,00,0,00
1780847231,8,0,00,3,45,96,55,3,45
1780847231,9,0,00,0,00,100,00,0,00
1780847231,10,0,00,0,00,100,00,0,00
1780847231,11,0,00,0,00,100,00,0,00
1780847231,0,0,00,0,00,100,00,0,00
1780847231,1,0,00,3,45,96,55,3,45
1780847231,2,0,00,0,00,100,00,0,00
1780847231,3,0,00,0,00,100,00,0,00
1780847231,4,100,00,0,00,0,00,100,00
1780847231,5,0,00,0,00,100,00,0,00
1780847231,6,0,00,0,00,100,00,0,00
1780847231,7,0,00,3,45,96,55,3,45
1780847231,8,3,33,6,67,90,00,10,00
1780847231,9,3,33,3,33,93,33,6,67
1780847231,10,0,00,0,00,100,00,0,00
1780847231,11,0,00,0,00,100,00,0,00
1780847232,0,0,00,3,45,96,55,3,45
1780847232,1,0,00,0,00,100,00,0,00
1780847232,2,0,00,0,00,100,00,0,00
1780847232,3,0,00,0,00,100,00,0,00
1780847232,4,0,00,0,00,100,00,0,00
1780847232,5,3,33,3,33,93,33,6,67
1780847232,6,0,00,0,00,100,00,0,00
1780847232,7,0,00,0,00,100,00,0,00
1780847232,8,0,00,7,14,92,86,7,14
1780847232,9,0,00,0,00,100,00,0,00
1780847232,10,100,00,0,00,0,00,100,00
1780847232,11,0,00,0,00,100,00,0,00
1780847233,0,0,00,7,14,92,86,7,14
1780847233,1,0,00,0,00,100,00,0,00
1780847233,2,0,00,0,00,100,00,0,00
1780847233,3,0,00,3,45,96,55,3,45
1780847233,4,0,00,0,00,100,00,0,00
1780847233,5,0,00,0,00,100,00,0,00
1780847233,6,0,00,0,00,100,00,0,00
1780847233,7,0,00,3,45,96,55,3,45
1780847233,8,0,00,0,00,100,00,0,00
1780847233,9,0,00,0,00,100,00,0,00
1780847233,10,100,00,0,00,0,00,100,00
1780847233,11,0,00,0,00,100,00,0,00
1780847233,0,0,00,3,57,96,43,3,57
1780847233,1,0,00,0,00,100,00,0,00
1780847233,2,0,00,0,00,100,00,0,00
1780847233,3,0,00,0,00,100,00,0,00
1780847233,4,0,00,0,00,100,00,0,00
1780847233,5,0,00,0,00,100,00,0,00
1780847233,6,0,00,0,00,100,00,0,00
1780847233,7,0,00,6,67,93,33,6,67
1780847233,8,0,00,0,00,100,00,0,00
1780847233,9,0,00,0,00,100,00,0,00
1780847233,10,100,00,0,00,0,00,100,00
1780847233,11,0,00,0,00,100,00,0,00
1780847234,0,0,00,0,00,96,55,3,45
1780847234,1,0,00,0,00,100,00,0,00
1780847234,2,0,00,0,00,100,00,0,00
1780847234,3,0,00,0,00,100,00,0,00
1780847234,4,0,00,0,00,100,00,0,00
1780847234,5,0,00,0,00,100,00,0,00
1780847234,6,0,00,3,45,96,55,3,45
1780847234,7,0,00,7,14,92,86,7,14
1780847234,8,0,00,3,45,96,55,3,45
1780847234,9,0,00,0,00,96,55,3,45
1780847234,10,100,00,0,00,0,00,100,00
1780847234,11,0,00,0,00,100,00,0,00
1780847235,0,0,00,0,00,100,00,0,00
1780847235,1,0,00,0,00,100,00,0,00
1780847235,2,0,00,3,57,96,43,3,57
1780847235,3,0,00,0,00,100,00,0,00
1780847235,4,0,00,0,00,100,00,0,00
1780847235,5,0,00,0,00,100,00,0,00
1780847235,6,0,00,3,45,96,55,3,45
1780847235,7,0,00,0,00,100,00,0,00
1780847235,8,0,00,0,00,100,00,0,00
1780847235,9,0,00,0,00,100,00,0,00
1780847235,10,100,00,0,00,0,00,100,00
1780847235,11,0,00,0,00,100,00,0,00
1780847235,0,3,33,6,67,90,00,10,00
1780847235,1,0,00,3,45,96,55,3,45
1780847235,2,0,00,3,33,96,67,3,33
1780847235,3,0,00,0,00,100,00,0,00
1780847235,4,0,00,0,00,100,00,0,00
1780847235,5,0,00,0,00,100,00,0,00
1780847235,6,0,00,0,00,100,00,0,00
1780847235,7,0,00,3,33,96,67,3,33
1780847235,8,0,00,0,00,100,00,0,00
1780847235,9,0,00,0,00,100,00,0,00
1780847235,10,100,00,0,00,0,00,100,00
1780847235,11,0,00,0,00,100,00,0,00
1780847236,0,0,00,0,00,100,00,0,00
1780847236,1,3,33,6,67,90,00,10,00
1780847236,2,0,00,0,00,100,00,0,00
1780847236,3,0,00,0,00,100,00,0,00
1780847236,4,0,00,0,00,100,00,0,00
1780847236,5,0,00,0,00,100,00,0,00
1780847236,6,0,00,0,00,100,00,0,00
1780847236,7,0,00,0,00,100,00,0,00
1780847236,8,0,00,3,45,96,55,3,45
1780847236,9,0,00,0,00,100,00,0,00
1780847236,10,100,00,0,00,0,00,100,00
1780847236,11,0,00,0,00,100,00,0,00
1780847236,0,0,00,3,70,96,30,3,70
1780847236,1,0,00,0,00,100,00,0,00
1780847236,2,0,00,3,45,96,55,3,45
1780847236,3,0,00,0,00,100,00,0,00
1780847236,4,0,00,0,00,100,00,0,00
1780847236,5,0,00,3,45,96,55,3,45
1780847236,6,0,00,0,00,100,00,0,00
1780847236,7,0,00,0,00,100,00,0,00
1780847236,8,0,00,0,00,100,00,0,00
1780847236,9,0,00,0,00,100,00,0,00
1780847236,10,100,00,0,00,0,00,100,00
1780847236,11,0,00,0,00,100,00,0,00
1780847237,0,0,00,0,00,100,00,0,00
1780847237,1,0,00,0,00,100,00,0,00
1780847237,2,0,00,0,00,100,00,0,00
1780847237,3,0,00,0,00,100,00,0,00
1780847237,4,0,00,0,00,100,00,0,00
1780847237,5,0,00,0,00,100,00,0,00
1780847237,6,0,00,3,45,96,55,3,45
1780847237,7,0,00,0,00,100,00,0,00
1780847237,8,0,00,6,90,93,10,6,90
1780847237,9,0,00,3,45,96,55,3,45
1780847237,10,100,00,0,00,0,00,100,00
1780847237,11,0,00,0,00,100,00,0,00
1780847238,0,0,00,0,00,100,00,0,00
1780847238,1,0,00,0,00,100,00,0,00
1780847238,2,0,00,0,00,100,00,0,00
1780847238,3,0,00,0,00,100,00,0,00
1780847238,4,0,00,0,00,100,00,0,00
1780847238,5,0,00,0,00,100,00,0,00
1780847238,6,3,33,6,67,90,00,10,00
1780847238,7,0,00,0,00,100,00,0,00
1780847238,8,3,33,0,00,96,67,3,33
1780847238,9,0,00,0,00,100,00,0,00
1780847238,10,100,00,0,00,0,00,100,00
1780847238,11,0,00,3,33,96,67,3,33
1780847238,0,3,33,6,67,90,00,10,00
1780847238,1,0,00,3,57,96,43,3,57
1780847238,2,0,00,0,00,100,00,0,00
1780847238,3,0,00,0,00,100,00,0,00
1780847238,4,0,00,0,00,100,00,0,00
1780847238,5,0,00,0,00,100,00,0,00
1780847238,6,0,00,0,00,100,00,0,00
1780847238,7,0,00,0,00,100,00,0,00
1780847238,8,0,00,0,00,100,00,0,00
1780847238,9,0,00,0,00,100,00,0,00
1780847238,10,100,00,0,00,0,00,100,00
1780847238,11,0,00,0,00,100,00,0,00
1780847239,0,0,00,0,00,100,00,0,00
1780847239,1,0,00,3,45,96,55,3,45
1780847239,2,3,45,0,00,96,55,3,45
1780847239,3,0,00,0,00,100,00,0,00
1780847239,4,0,00,0,00,100,00,0,00
1780847239,5,0,00,0,00,100,00,0,00
1780847239,6,0,00,0,00,100,00,0,00
1780847239,7,0,00,3,33,96,67,3,33
1780847239,8,0,00,3,57,96,43,3,57
1780847239,9,0,00,0,00,100,00,0,00
1780847239,10,100,00,0,00,0,00,100,00
1780847239,11,0,00,0,00,100,00,0,00
1780847240,0,0,00,0,00,100,00,0,00
1780847240,1,0,00,0,00,100,00,0,00
1780847240,2,0,00,3,57,96,43,3,57
1780847240,3,0,00,0,00,100,00,0,00
1780847240,4,0,00,0,00,100,00,0,00
1780847240,5,0,00,0,00,100,00,0,00
1780847240,6,0,00,3,45,96,55,3,45
1780847240,7,0,00,3,45,96,55,3,45
1780847240,8,0,00,0,00,100,00,0,00
1780847240,9,3,33,3,33,93,33,6,67
1780847240,10,100,00,0,00,0,00,100,00
1780847240,11,0,00,0,00,100,00,0,00
1780847240,0,0,00,0,00,100,00,0,00
1780847240,1,0,00,0,00,100,00,0,00
1780847240,2,0,00,0,00,100,00,0,00
1780847240,3,0,00,0,00,100,00,0,00
1780847240,4,0,00,0,00,100,00,0,00
1780847240,5,0,00,0,00,100,00,0,00
1780847240,6,0,00,3,57,96,43,3,57
1780847240,7,0,00,0,00,100,00,0,00
1780847240,8,3,45,6,90,89,66,10,34
1780847240,9,0,00,0,00,100,00,0,00
1780847240,10,100,00,0,00,0,00,100,00
1780847240,11,0,00,0,00,100,00,0,00
1780847241,0,0,00,3,45,96,55,3,45
1780847241,1,0,00,0,00,100,00,0,00
1780847241,2,0,00,0,00,100,00,0,00
1780847241,3,0,00,0,00,100,00,0,00
1780847241,4,100,00,0,00,0,00,100,00
1780847241,5,0,00,0,00,100,00,0,00
1780847241,6,0,00,0,00,100,00,0,00
1780847241,7,0,00,0,00,100,00,0,00
1780847241,8,0,00,7,14,92,86,7,14
1780847241,9,0,00,3,45,96,55,3,45
1780847241,10,0,00,0,00,100,00,0,00
1780847241,11,0,00,3,45,96,55,3,45
1780847242,0,0,00,0,00,100,00,0,00
1780847242,1,0,00,0,00,100,00,0,00
1780847242,2,0,00,0,00,100,00,0,00
1780847242,3,0,00,0,00,100,00,0,00
1780847242,4,100,00,0,00,0,00,100,00
1780847242,5,0,00,0,00,100,00,0,00
1780847242,6,0,00,0,00,100,00,0,00
1780847242,7,0,00,6,90,93,10,6,90
1780847242,8,0,00,3,45,96,55,3,45
1780847242,9,0,00,0,00,100,00,0,00
1780847242,10,0,00,0,00,100,00,0,00
1780847242,11,0,00,0,00,100,00,0,00
1780847242,0,0,00,3,57,96,43,3,57
1780847242,1,0,00,0,00,100,00,0,00
1780847242,2,0,00,3,45,96,55,3,45
1780847242,3,0,00,0,00,100,00,0,00
1780847242,4,0,00,0,00,100,00,0,00
1780847242,5,0,00,0,00,100,00,0,00
1780847242,6,0,00,0,00,100,00,0,00
1780847242,7,0,00,0,00,100,00,0,00
1780847242,8,0,00,0,00,100,00,0,00
1780847242,9,0,00,0,00,100,00,0,00
1780847242,10,100,00,0,00,0,00,100,00
1780847242,11,0,00,0,00,100,00,0,00
1780847243,0,0,00,0,00,100,00,0,00
1780847243,1,0,00,0,00,100,00,0,00
1780847243,2,0,00,0,00,100,00,0,00
1780847243,3,0,00,3,45,96,55,3,45
1780847243,4,0,00,0,00,100,00,0,00
1780847243,5,0,00,0,00,100,00,0,00
1780847243,6,3,33,6,67,90,00,10,00
1780847243,7,0,00,3,57,96,43,3,57
1780847243,8,0,00,0,00,100,00,0,00
1780847243,9,0,00,0,00,100,00,0,00
1780847243,10,100,00,0,00,0,00,100,00
1780847243,11,0,00,0,00,100,00,0,00
1780847244,0,0,00,0,00,100,00,0,00
1780847244,1,0,00,0,00,100,00,0,00
1780847244,2,0,00,0,00,100,00,0,00
1780847244,3,0,00,0,00,100,00,0,00
1780847244,4,0,00,0,00,100,00,0,00
1780847244,5,0,00,0,00,100,00,0,00
1780847244,6,0,00,3,45,96,55,3,45
1780847244,7,0,00,7,14,92,86,7,14
1780847244,8,0,00,0,00,100,00,0,00
1780847244,9,0,00,0,00,100,00,0,00
1780847244,10,100,00,0,00,0,00,100,00
1780847244,11,0,00,3,45,96,55,3,45
1780847244,0,0,00,0,00,96,55,3,45
1780847244,1,0,00,7,14,92,86,7,14
1780847244,2,0,00,3,57,96,43,3,57
1780847244,3,0,00,0,00,100,00,0,00
1780847244,4,0,00,0,00,100,00,0,00
1780847244,5,0,00,0,00,100,00,0,00
1780847244,6,0,00,3,45,96,55,3,45
1780847244,7,0,00,0,00,100,00,0,00
1780847244,8,0,00,0,00,100,00,0,00
1780847244,9,0,00,0,00,100,00,0,00
1780847244,10,100,00,0,00,0,00,100,00
1780847244,11,0,00,0,00,100,00,0,00
1780847245,0,0,00,0,00,100,00,0,00
1780847245,1,0,00,0,00,100,00,0,00
1780847245,2,0,00,6,90,93,10,6,90
1780847245,3,0,00,0,00,100,00,0,00
1780847245,4,0,00,0,00,100,00,0,00
1780847245,5,0,00,0,00,100,00,0,00
1780847245,6,0,00,3,45,96,55,3,45
1780847245,7,0,00,0,00,100,00,0,00
1780847245,8,0,00,3,45,96,55,3,45
1780847245,9,0,00,0,00,100,00,0,00
1780847245,10,100,00,0,00,0,00,100,00
1780847245,11,0,00,0,00,100,00,0,00
1780847246,0,0,00,0,00,100,00,0,00
1780847246,1,0,00,0,00,100,00,0,00
1780847246,2,0,00,0,00,100,00,0,00
1780847246,3,0,00,0,00,100,00,0,00
1780847246,4,0,00,0,00,100,00,0,00
1780847246,5,0,00,0,00,100,00,0,00
1780847246,6,0,00,0,00,100,00,0,00
1780847246,7,0,00,3,45,96,55,3,45
1780847246,8,0,00,7,14,92,86,7,14
1780847246,9,0,00,0,00,100,00,0,00
1780847246,10,100,00,0,00,0,00,100,00
1780847246,11,0,00,0,00,100,00,0,00
1780847246,0,0,00,0,00,100,00,0,00
1780847246,1,0,00,0,00,100,00,0,00
1780847246,2,0,00,7,14,92,86,7,14
1780847246,3,0,00,0,00,100,00,0,00
1780847246,4,0,00,0,00,100,00,0,00
1780847246,5,0,00,0,00,100,00,0,00
1780847246,6,0,00,0,00,100,00,0,00
1780847246,7,0,00,0,00,100,00,0,00
1780847246,8,0,00,0,00,100,00,0,00
1780847246,9,0,00,3,45,96,55,3,45
1780847246,10,100,00,0,00,0,00,100,00
1780847246,11,0,00,0,00,100,00,0,00
1780847247,0,0,00,0,00,100,00,0,00
1780847247,1,0,00,0,00,100,00,0,00
1780847247,2,0,00,0,00,100,00,0,00
1780847247,3,0,00,0,00,100,00,0,00
1780847247,4,0,00,0,00,100,00,0,00
1780847247,5,0,00,0,00,100,00,0,00
1780847247,6,0,00,0,00,100,00,0,00
1780847247,7,0,00,0,00,100,00,0,00
1780847247,8,0,00,6,90,93,10,6,90
1780847247,9,0,00,0,00,100,00,0,00
1780847247,10,100,00,0,00,0,00,100,00
1780847247,11,0,00,3,45,96,55,3,45
1780847247,0,0,00,0,00,100,00,0,00
1780847247,1,0,00,0,00,100,00,0,00
1780847247,2,0,00,0,00,100,00,0,00
1780847247,3,0,00,3,45,96,55,3,45
1780847247,4,0,00,0,00,100,00,0,00
1780847247,5,0,00,0,00,100,00,0,00
1780847247,6,0,00,7,14,92,86,7,14
1780847247,7,0,00,0,00,100,00,0,00
1780847247,8,0,00,0,00,100,00,0,00
1780847247,9,0,00,0,00,100,00,0,00
1780847247,10,100,00,0,00,0,00,100,00
1780847247,11,0,00,0,00,100,00,0,00
1780847248,0,0,00,3,45,96,55,3,45
1780847248,1,0,00,0,00,96,55,3,45
1780847248,2,0,00,6,90,93,10,6,90
1780847248,3,0,00,0,00,100,00,0,00
1780847248,4,0,00,0,00,100,00,0,00
1780847248,5,0,00,0,00,100,00,0,00
1780847248,6,0,00,0,00,100,00,0,00
1780847248,7,0,00,0,00,100,00,0,00
1780847248,8,0,00,0,00,100,00,0,00
1780847248,9,0,00,3,45,96,55,3,45
1780847248,10,100,00,0,00,0,00,100,00
1780847248,11,3,33,0,00,96,67,3,33
1780847249,0,0,00,0,00,100,00,0,00
1780847249,1,0,00,6,90,93,10,6,90
1780847249,2,0,00,0,00,100,00,0,00
1780847249,3,0,00,0,00,100,00,0,00
1780847249,4,89,66,0,00,10,34,89,66
1780847249,5,0,00,0,00,100,00,0,00
1780847249,6,3,33,0,00,96,67,3,33
1780847249,7,0,00,3,33,96,67,3,33
1780847249,8,0,00,0,00,100,00,0,00
1780847249,9,0,00,0,00,100,00,0,00
1780847249,10,13,79,0,00,86,21,13,79
1780847249,11,0,00,0,00,100,00,0,00
1780847249,0,0,00,0,00,100,00,0,00
1780847249,1,0,00,0,00,100,00,0,00
1780847249,2,0,00,6,90,93,10,6,90
1780847249,3,0,00,0,00,100,00,0,00
1780847249,4,0,00,0,00,100,00,0,00
1780847249,5,0,00,0,00,100,00,0,00
1780847249,6,0,00,0,00,100,00,0,00
1780847249,7,0,00,3,70,96,30,3,70
1780847249,8,0,00,0,00,100,00,0,00
1780847249,9,3,33,3,33,93,33,6,67
1780847249,10,100,00,0,00,0,00,100,00
1780847249,11,0,00,0,00,100,00,0,00
1780847250,0,0,00,0,00,100,00,0,00
1780847250,1,0,00,3,45,96,55,3,45
1780847250,2,0,00,7,14,92,86,7,14
1780847250,3,0,00,0,00,100,00,0,00
1780847250,4,0,00,0,00,100,00,0,00
1780847250,5,0,00,0,00,100,00,0,00
1780847250,6,0,00,3,45,96,55,3,45
1780847250,7,0,00,0,00,100,00,0,00
1780847250,8,0,00,0,00,100,00,0,00
1780847250,9,0,00,0,00,100,00,0,00
1780847250,10,100,00,0,00,0,00,100,00
1780847250,11,0,00,3,45,96,55,3,45
1780847251,0,0,00,0,00,100,00,0,00
1780847251,1,3,45,6,90,89,66,10,34
1780847251,2,0,00,0,00,100,00,0,00
1780847251,3,0,00,0,00,100,00,0,00
1780847251,4,0,00,0,00,100,00,0,00
1780847251,5,0,00,0,00,100,00,0,00
1780847251,6,0,00,0,00,100,00,0,00
1780847251,7,0,00,0,00,100,00,0,00
1780847251,8,0,00,0,00,100,00,0,00
1780847251,9,0,00,0,00,100,00,0,00
1780847251,10,100,00,0,00,0,00,100,00
1780847251,11,0,00,0,00,100,00,0,00
1780847251,0,0,00,0,00,100,00,0,00
1780847251,1,0,00,0,00,100,00,0,00
1780847251,2,0,00,0,00,100,00,0,00
1780847251,3,0,00,0,00,100,00,0,00
1780847251,4,0,00,0,00,100,00,0,00
1780847251,5,0,00,0,00,100,00,0,00
1780847251,6,0,00,0,00,100,00,0,00
1780847251,7,3,45,6,90,89,66,10,34
1780847251,8,0,00,0,00,100,00,0,00
1780847251,9,0,00,0,00,100,00,0,00
1780847251,10,100,00,0,00,0,00,100,00
1780847251,11,0,00,0,00,100,00,0,00
1780847252,0,0,00,7,14,92,86,7,14
1780847252,1,0,00,3,45,96,55,3,45
1780847252,2,0,00,3,45,96,55,3,45
1780847252,3,0,00,3,45,96,55,3,45
1780847252,4,0,00,0,00,100,00,0,00
1780847252,5,0,00,0,00,100,00,0,00
1780847252,6,0,00,0,00,100,00,0,00
1780847252,7,0,00,0,00,100,00,0,00
1780847252,8,0,00,0,00,100,00,0,00
1780847252,9,0,00,0,00,100,00,0,00
1780847252,10,100,00,0,00,0,00,100,00
1780847252,11,0,00,0,00,100,00,0,00
1780847253,0,0,00,0,00,100,00,0,00
1780847253,1,0,00,0,00,100,00,0,00
1780847253,2,3,33,6,67,90,00,10,00
1780847253,3,0,00,0,00,100,00,0,00
1780847253,4,0,00,0,00,100,00,0,00
1780847253,5,0,00,0,00,100,00,0,00
1780847253,6,0,00,3,45,96,55,3,45
1780847253,7,0,00,0,00,100,00,0,00
1780847253,8,0,00,0,00,100,00,0,00
1780847253,9,0,00,3,33,96,67,3,33
1780847253,10,100,00,0,00,0,00,100,00
1780847253,11,0,00,0,00,100,00,0,00
1780847253,0,0,00,0,00,100,00,0,00
1780847253,1,3,33,3,33,93,33,6,67
1780847253,2,0,00,6,90,93,10,6,90
1780847253,3,0,00,0,00,100,00,0,00
1780847253,4,86,21,0,00,13,79,86,21
1780847253,5,0,00,0,00,100,00,0,00
1780847253,6,0,00,3,33,96,67,3,33
1780847253,7,0,00,0,00,100,00,0,00
1780847253,8,0,00,0,00,100,00,0,00
1780847253,9,0,00,0,00,100,00,0,00
1780847253,10,13,79,0,00,86,21,13,79
1780847253,11,0,00,0,00,100,00,0,00
1780847254,0,0,00,3,57,96,43,3,57
1780847254,1,0,00,3,45,96,55,3,45
1780847254,2,0,00,0,00,100,00,0,00
1780847254,3,0,00,0,00,100,00,0,00
1780847254,4,100,00,0,00,0,00,100,00
1780847254,5,0,00,0,00,100,00,0,00
1780847254,6,0,00,0,00,100,00,0,00
1780847254,7,0,00,0,00,100,00,0,00
1780847254,8,0,00,0,00,100,00,0,00
1780847254,9,0,00,3,33,96,67,3,33
1780847254,10,0,00,0,00,100,00,0,00
1780847254,11,0,00,0,00,100,00,0,00
1780847255,0,3,45,3,45,93,10,6,90
1780847255,1,0,00,0,00,100,00,0,00
1780847255,2,0,00,3,70,96,30,3,70
1780847255,3,0,00,0,00,100,00,0,00
1780847255,4,100,00,0,00,0,00,100,00
1780847255,5,0,00,0,00,100,00,0,00
1780847255,6,0,00,0,00,100,00,0,00
1780847255,7,0,00,0,00,100,00,0,00
1780847255,8,0,00,0,00,100,00,0,00
1780847255,9,0,00,0,00,100,00,0,00
1780847255,10,0,00,0,00,100,00,0,00
1780847255,11,0,00,3,45,96,55,3,45
1780847255,0,0,00,0,00,100,00,0,00
1780847255,1,0,00,3,57,96,43,3,57
1780847255,2,0,00,0,00,100,00,0,00
1780847255,3,0,00,0,00,100,00,0,00
1780847255,4,100,00,0,00,0,00,100,00
1780847255,5,0,00,0,00,100,00,0,00
1780847255,6,0,00,0,00,100,00,0,00
1780847255,7,0,00,0,00,100,00,0,00
1780847255,8,0,00,3,45,96,55,3,45
1780847255,9,0,00,0,00,100,00,0,00
1780847255,10,0,00,0,00,100,00,0,00
1780847255,11,0,00,0,00,100,00,0,00
1780847256,0,0,00,0,00,100,00,0,00
1780847256,1,0,00,0,00,100,00,0,00
1780847256,2,0,00,0,00,100,00,0,00
1780847256,3,0,00,0,00,100,00,0,00
1780847256,4,100,00,0,00,0,00,100,00
1780847256,5,0,00,3,45,96,55,3,45
1780847256,6,0,00,0,00,100,00,0,00
1780847256,7,0,00,0,00,100,00,0,00
1780847256,8,0,00,7,14,92,86,7,14
1780847256,9,0,00,0,00,100,00,0,00
1780847256,10,0,00,0,00,100,00,0,00
1780847256,11,0,00,0,00,100,00,0,00
1780847257,0,0,00,0,00,100,00,0,00
1780847257,1,0,00,0,00,100,00,0,00
1780847257,2,0,00,0,00,100,00,0,00
1780847257,3,0,00,0,00,100,00,0,00
1780847257,4,100,00,0,00,0,00,100,00
1780847257,5,0,00,0,00,100,00,0,00
1780847257,6,0,00,6,90,93,10,6,90
1780847257,7,0,00,3,45,96,55,3,45
1780847257,8,0,00,0,00,100,00,0,00
1780847257,9,3,33,3,33,93,33,6,67
1780847257,10,0,00,0,00,100,00,0,00
1780847257,11,0,00,0,00,100,00,0,00
1780847257,0,0,00,6,90,93,10,6,90
1780847257,1,0,00,0,00,100,00,0,00
1780847257,2,0,00,3,45,96,55,3,45
1780847257,3,0,00,3,45,96,55,3,45
1780847257,4,100,00,0,00,0,00,100,00
1780847257,5,0,00,0,00,100,00,0,00
1780847257,6,3,45,0,00,96,55,3,45
1780847257,7,0,00,0,00,100,00,0,00
1780847257,8,0,00,0,00,100,00,0,00
1780847257,9,0,00,0,00,100,00,0,00
1780847257,10,0,00,0,00,100,00,0,00
1780847257,11,0,00,0,00,100,00,0,00
1780847258,0,0,00,0,00,100,00,0,00
1780847258,1,0,00,0,00,100,00,0,00
1780847258,2,0,00,7,14,92,86,7,14
1780847258,3,0,00,0,00,100,00,0,00
1780847258,4,100,00,0,00,0,00,100,00
1780847258,5,0,00,0,00,100,00,0,00
1780847258,6,0,00,0,00,100,00,0,00
1780847258,7,0,00,3,45,96,55,3,45
1780847258,8,0,00,0,00,100,00,0,00
1780847258,9,0,00,0,00,100,00,0,00
1780847258,10,0,00,0,00,100,00,0,00
1780847258,11,0,00,0,00,100,00,0,00
1780847258,0,0,00,0,00,100,00,0,00
1780847258,1,0,00,0,00,100,00,0,00
1780847258,2,0,00,0,00,100,00,0,00
1780847258,3,0,00,0,00,100,00,0,00
1780847258,4,100,00,0,00,0,00,100,00
1780847258,5,0,00,0,00,100,00,0,00
1780847258,6,0,00,7,14,92,86,7,14
1780847258,7,0,00,3,45,96,55,3,45
1780847258,8,0,00,0,00,100,00,0,00
1780847258,9,0,00,0,00,100,00,0,00
1780847258,10,0,00,0,00,100,00,0,00
1780847258,11,0,00,0,00,100,00,0,00
1780847259,0,0,00,0,00,100,00,0,00
1780847259,1,0,00,6,90,93,10,6,90
1780847259,2,0,00,0,00,100,00,0,00
1780847259,3,3,33,0,00,96,67,3,33
1780847259,4,100,00,0,00,0,00,100,00
1780847259,5,0,00,0,00,100,00,0,00
1780847259,6,0,00,3,45,96,55,3,45
1780847259,7,0,00,0,00,100,00,0,00
1780847259,8,0,00,0,00,100,00,0,00
1780847259,9,0,00,0,00,100,00,0,00
1780847259,10,0,00,0,00,100,00,0,00
1780847259,11,0,00,0,00,100,00,0,00
1780847260,0,0,00,3,45,96,55,3,45
1780847260,1,0,00,0,00,100,00,0,00
1780847260,2,0,00,0,00,100,00,0,00
1780847260,3,0,00,3,45,96,55,3,45
1780847260,4,0,00,0,00,100,00,0,00
1780847260,5,0,00,3,45,96,55,3,45
1780847260,6,0,00,0,00,100,00,0,00
1780847260,7,0,00,3,45,96,55,3,45
1780847260,8,0,00,6,90,93,10,6,90
1780847260,9,0,00,0,00,100,00,0,00
1780847260,10,100,00,0,00,0,00,100,00
1780847260,11,0,00,0,00,100,00,0,00
1780847260,0,0,00,0,00,100,00,0,00
1780847260,1,0,00,0,00,100,00,0,00
1780847260,2,0,00,0,00,100,00,0,00
1780847260,3,0,00,0,00,100,00,0,00
1780847260,4,0,00,0,00,100,00,0,00
1780847260,5,0,00,0,00,100,00,0,00
1780847260,6,0,00,0,00,100,00,0,00
1780847260,7,0,00,6,90,93,10,6,90
1780847260,8,0,00,0,00,100,00,0,00
1780847260,9,0,00,0,00,100,00,0,00
1780847260,10,100,00,0,00,0,00,100,00
1780847260,11,0,00,0,00,100,00,0,00
1780847261,0,0,00,0,00,100,00,0,00
1780847261,1,0,00,0,00,100,00,0,00
1780847261,2,0,00,0,00,100,00,0,00
1780847261,3,0,00,0,00,100,00,0,00
1780847261,4,0,00,0,00,100,00,0,00
1780847261,5,0,00,0,00,100,00,0,00
1780847261,6,0,00,6,90,93,10,6,90
1780847261,7,0,00,0,00,100,00,0,00
1780847261,8,0,00,3,33,96,67,3,33
1780847261,9,0,00,3,45,96,55,3,45
1780847261,10,100,00,0,00,0,00,100,00
1780847261,11,0,00,0,00,100,00,0,00
1780847262,0,0,00,0,00,100,00,0,00
1780847262,1,0,00,0,00,100,00,0,00
1780847262,2,0,00,6,90,93,10,6,90
1780847262,3,0,00,0,00,100,00,0,00
1780847262,4,100,00,0,00,0,00,100,00
1780847262,5,0,00,0,00,100,00,0,00
1780847262,6,0,00,0,00,100,00,0,00
1780847262,7,0,00,3,45,96,55,3,45
1780847262,8,0,00,0,00,100,00,0,00
1780847262,9,0,00,0,00,100,00,0,00
1780847262,10,0,00,0,00,100,00,0,00
1780847262,11,0,00,0,00,100,00,0,00
1780847262,0,3,45,6,90,89,66,10,34
1780847262,1,0,00,0,00,100,00,0,00
1780847262,2,0,00,0,00,100,00,0,00
1780847262,3,0,00,0,00,100,00,0,00
1780847262,4,100,00,0,00,0,00,100,00
1780847262,5,0,00,0,00,100,00,0,00
1780847262,6,3,33,0,00,96,67,3,33
1780847262,7,0,00,3,45,96,55,3,45
1780847262,8,0,00,0,00,100,00,0,00
1780847262,9,0,00,0,00,100,00,0,00
1780847262,10,0,00,0,00,100,00,0,00
1780847262,11,0,00,0,00,100,00,0,00
1780847263,0,0,00,3,33,96,67,3,33
1780847263,1,0,00,7,14,92,86,7,14
1780847263,2,0,00,3,45,96,55,3,45
1780847263,3,0,00,0,00,100,00,0,00
1780847263,4,100,00,0,00,0,00,100,00
1780847263,5,0,00,0,00,100,00,0,00
1780847263,6,0,00,0,00,100,00,0,00
1780847263,7,0,00,0,00,100,00,0,00
1780847263,8,0,00,0,00,100,00,0,00
1780847263,9,0,00,3,45,96,55,3,45
1780847263,10,0,00,0,00,100,00,0,00
1780847263,11,0,00,0,00,100,00,0,00
1780847264,0,0,00,0,00,100,00,0,00
1780847264,1,0,00,0,00,100,00,0,00
1780847264,2,3,45,6,90,89,66,10,34
1780847264,3,0,00,0,00,100,00,0,00
1780847264,4,100,00,0,00,0,00,100,00
1780847264,5,0,00,0,00,100,00,0,00
1780847264,6,0,00,3,45,96,55,3,45
1780847264,7,0,00,3,57,96,43,3,57
1780847264,8,0,00,0,00,100,00,0,00
1780847264,9,0,00,0,00,100,00,0,00
1780847264,10,0,00,0,00,100,00,0,00
1780847264,11,0,00,0,00,100,00,0,00
1780847264,0,0,00,3,45,96,55,3,45
1780847264,1,0,00,0,00,100,00,0,00
1780847264,2,0,00,0,00,100,00,0,00
1780847264,3,0,00,0,00,100,00,0,00
1780847264,4,100,00,0,00,0,00,100,00
1780847264,5,0,00,0,00,100,00,0,00
1780847264,6,0,00,0,00,100,00,0,00
1780847264,7,0,00,6,90,93,10,6,90
1780847264,8,0,00,0,00,100,00,0,00
1780847264,9,0,00,0,00,100,00,0,00
1780847264,10,0,00,0,00,100,00,0,00
1780847264,11,3,33,3,33,93,33,6,67
1780847265,0,0,00,3,45,96,55,3,45
1780847265,1,0,00,0,00,100,00,0,00
1780847265,2,0,00,0,00,100,00,0,00
1780847265,3,0,00,0,00,100,00,0,00
1780847265,4,100,00,0,00,0,00,100,00
1780847265,5,0,00,0,00,100,00,0,00
1780847265,6,0,00,0,00,100,00,0,00
1780847265,7,3,45,3,45,93,10,6,90
1780847265,8,0,00,0,00,100,00,0,00
1780847265,9,0,00,0,00,100,00,0,00
1780847265,10,0,00,0,00,100,00,0,00
1780847265,11,0,00,0,00,100,00,0,00
1780847266,0,0,00,0,00,100,00,0,00
1780847266,1,0,00,3,57,96,43,3,57
1780847266,2,0,00,0,00,100,00,0,00
1780847266,3,0,00,0,00,100,00,0,00
1780847266,4,100,00,0,00,0,00,100,00
1780847266,5,0,00,0,00,100,00,0,00
1780847266,6,0,00,0,00,100,00,0,00
1780847266,7,0,00,0,00,100,00,0,00
1780847266,8,0,00,3,45,96,55,3,45
1780847266,9,3,33,0,00,96,67,3,33
1780847266,10,0,00,0,00,100,00,0,00
1780847266,11,0,00,0,00,100,00,0,00
1780847266,0,3,33,6,67,90,00,10,00
1780847266,1,3,45,0,00,96,55,3,45
1780847266,2,0,00,0,00,100,00,0,00
1780847266,3,0,00,0,00,100,00,0,00
1780847266,4,100,00,0,00,0,00,100,00
1780847266,5,0,00,0,00,100,00,0,00
1780847266,6,0,00,0,00,100,00,0,00
1780847266,7,0,00,0,00,100,00,0,00
1780847266,8,0,00,3,33,96,67,3,33
1780847266,9,0,00,3,33,96,67,3,33
1780847266,10,0,00,0,00,100,00,0,00
1780847266,11,0,00,0,00,100,00,0,00
1780847267,0,0,00,0,00,100,00,0,00
1780847267,1,0,00,3,70,96,30,3,70
1780847267,2,0,00,0,00,100,00,0,00
1780847267,3,0,00,0,00,100,00,0,00
1780847267,4,100,00,0,00,0,00,100,00
1780847267,5,0,00,0,00,100,00,0,00
1780847267,6,0,00,0,00,100,00,0,00
1780847267,7,0,00,0,00,100,00,0,00
1780847267,8,0,00,3,45,96,55,3,45
1780847267,9,0,00,0,00,100,00,0,00
1780847267,10,0,00,0,00,100,00,0,00
1780847267,11,0,00,0,00,100,00,0,00
1780847267,0,0,00,0,00,100,00,0,00
1780847267,1,0,00,0,00,100,00,0,00
1780847267,2,0,00,0,00,100,00,0,00
1780847267,3,0,00,3,45,96,55,3,45
1780847267,4,100,00,0,00,0,00,100,00
1780847267,5,0,00,0,00,100,00,0,00
1780847267,6,0,00,0,00,100,00,0,00
1780847267,7,0,00,6,90,93,10,6,90
1780847267,8,0,00,6,90,93,10,6,90
1780847267,9,0,00,0,00,100,00,0,00
1780847267,10,0,00,0,00,100,00,0,00
1780847267,11,0,00,0,00,100,00,0,00
1780847268,0,0,00,0,00,100,00,0,00
1780847268,1,3,45,3,45,93,10,6,90
1780847268,2,0,00,0,00,100,00,0,00
1780847268,3,0,00,0,00,100,00,0,00
1780847268,4,100,00,0,00,0,00,100,00
1780847268,5,0,00,0,00,100,00,0,00
1780847268,6,0,00,0,00,100,00,0,00
1780847268,7,0,00,0,00,100,00,0,00
1780847268,8,0,00,3,45,96,55,3,45
1780847268,9,0,00,3,45,96,55,3,45
1780847268,10,0,00,0,00,100,00,0,00
1780847268,11,0,00,0,00,100,00,0,00
1780847269,0,0,00,0,00,100,00,0,00
1780847269,1,0,00,0,00,100,00,0,00
1780847269,2,0,00,0,00,100,00,0,00
1780847269,3,0,00,0,00,100,00,0,00
1780847269,4,100,00,0,00,0,00,100,00
1780847269,5,0,00,0,00,100,00,0,00
1780847269,6,0,00,7,14,92,86,7,14
1780847269,7,0,00,3,57,96,43,3,57
1780847269,8,0,00,0,00,100,00,0,00
1780847269,9,0,00,0,00,100,00,0,00
1780847269,10,0,00,0,00,100,00,0,00
1780847269,11,0,00,0,00,100,00,0,00
1780847269,0,3,45,3,45,93,10,6,90
1780847269,1,0,00,0,00,100,00,0,00
1780847269,2,3,45,0,00,96,55,3,45
1780847269,3,0,00,0,00,100,00,0,00
1780847269,4,100,00,0,00,0,00,100,00
1780847269,5,0,00,0,00,100,00,0,00
1780847269,6,0,00,0,00,100,00,0,00
1780847269,7,0,00,3,45,96,55,3,45
1780847269,8,0,00,0,00,100,00,0,00
1780847269,9,0,00,0,00,100,00,0,00
1780847269,10,0,00,0,00,100,00,0,00
1780847269,11,0,00,0,00,100,00,0,00
1780847270,0,0,00,0,00,100,00,0,00
1780847270,1,0,00,0,00,100,00,0,00
1780847270,2,0,00,7,14,92,86,7,14
1780847270,3,0,00,0,00,100,00,0,00
1780847270,4,100,00,0,00,0,00,100,00
1780847270,5,0,00,0,00,100,00,0,00
1780847270,6,0,00,3,45,96,55,3,45
1780847270,7,0,00,3,45,96,55,3,45
1780847270,8,0,00,0,00,100,00,0,00
1780847270,9,0,00,3,33,96,67,3,33
1780847270,10,0,00,0,00,100,00,0,00
1780847270,11,0,00,0,00,100,00,0,00
1780847271,0,0,00,0,00,100,00,0,00
1780847271,1,0,00,0,00,100,00,0,00
1780847271,2,3,33,6,67,90,00,10,00
1780847271,3,0,00,0,00,100,00,0,00
1780847271,4,100,00,0,00,0,00,100,00
1780847271,5,0,00,0,00,100,00,0,00
1780847271,6,0,00,3,57,96,43,3,57
1780847271,7,0,00,0,00,100,00,0,00
1780847271,8,0,00,0,00,100,00,0,00
1780847271,9,0,00,0,00,100,00,0,00
1780847271,10,0,00,0,00,100,00,0,00
1780847271,11,0,00,0,00,100,00,0,00
1780847271,0,0,00,0,00,100,00,0,00
1780847271,1,0,00,0,00,100,00,0,00
1780847271,2,0,00,0,00,100,00,0,00
1780847271,3,0,00,0,00,100,00,0,00
1780847271,4,100,00,0,00,0,00,100,00
1780847271,5,0,00,0,00,100,00,0,00
1780847271,6,0,00,0,00,100,00,0,00
1780847271,7,0,00,0,00,100,00,0,00
1780847271,8,0,00,7,14,92,86,7,14
1780847271,9,0,00,0,00,100,00,0,00
1780847271,10,0,00,0,00,100,00,0,00
1780847271,11,0,00,0,00,100,00,0,00
1780847272,0,0,00,3,45,96,55,3,45
1780847272,1,0,00,0,00,100,00,0,00
1780847272,2,0,00,0,00,100,00,0,00
1780847272,3,0,00,3,45,96,55,3,45
1780847272,4,100,00,0,00,0,00,100,00
1780847272,5,0,00,0,00,100,00,0,00
1780847272,6,0,00,0,00,100,00,0,00
1780847272,7,0,00,0,00,100,00,0,00
1780847272,8,0,00,3,57,96,43,3,57
1780847272,9,0,00,0,00,100,00,0,00
1780847272,10,0,00,0,00,100,00,0,00
1780847272,11,0,00,0,00,100,00,0,00
1780847273,0,0,00,3,45,96,55,3,45
1780847273,1,0,00,0,00,100,00,0,00
1780847273,2,0,00,6,90,93,10,6,90
1780847273,3,0,00,0,00,100,00,0,00
1780847273,4,100,00,0,00,0,00,100,00
1780847273,5,0,00,0,00,100,00,0,00
1780847273,6,0,00,0,00,100,00,0,00
1780847273,7,0,00,0,00,100,00,0,00
1780847273,8,0,00,0,00,100,00,0,00
1780847273,9,0,00,0,00,100,00,0,00
1780847273,10,0,00,0,00,100,00,0,00
1780847273,11,0,00,0,00,100,00,0,00
1780847273,0,0,00,3,45,96,55,3,45
1780847273,1,0,00,3,70,96,30,3,70
1780847273,2,0,00,0,00,100,00,0,00
1780847273,3,0,00,0,00,100,00,0,00
1780847273,4,100,00,0,00,0,00,100,00
1780847273,5,0,00,0,00,100,00,0,00
1780847273,6,0,00,0,00,100,00,0,00
1780847273,7,0,00,0,00,100,00,0,00
1780847273,8,0,00,0,00,100,00,0,00
1780847273,9,0,00,0,00,100,00,0,00
1780847273,10,0,00,0,00,100,00,0,00
1780847273,11,0,00,0,00,100,00,0,00
1780847274,0,0,00,7,14,92,86,7,14
1780847274,1,0,00,0,00,100,00,0,00
1780847274,2,0,00,0,00,100,00,0,00
1780847274,3,0,00,0,00,100,00,0,00
1780847274,4,100,00,0,00,0,00,100,00
1780847274,5,0,00,0,00,100,00,0,00
1780847274,6,0,00,3,33,96,67,3,33
1780847274,7,0,00,3,45,96,55,3,45
1780847274,8,0,00,3,45,96,55,3,45
1780847274,9,0,00,0,00,100,00,0,00
1780847274,10,0,00,0,00,100,00,0,00
1780847274,11,0,00,3,45,96,55,3,45
1780847275,0,0,00,0,00,96,67,3,33
1780847275,1,0,00,0,00,100,00,0,00
1780847275,2,0,00,0,00,100,00,0,00
1780847275,3,0,00,3,45,96,55,3,45
1780847275,4,100,00,0,00,0,00,100,00
1780847275,5,3,33,0,00,96,67,3,33
1780847275,6,0,00,3,45,96,55,3,45
1780847275,7,0,00,6,90,93,10,6,90
1780847275,8,0,00,0,00,100,00,0,00
1780847275,9,0,00,0,00,100,00,0,00
1780847275,10,0,00,0,00,100,00,0,00
1780847275,11,0,00,0,00,100,00,0,00
1780847275,0,0,00,0,00,100,00,0,00
1780847275,1,0,00,3,45,96,55,3,45
1780847275,2,0,00,3,57,96,43,3,57
1780847275,3,0,00,0,00,100,00,0,00
1780847275,4,100,00,0,00,0,00,100,00
1780847275,5,0,00,0,00,100,00,0,00
1780847275,6,0,00,0,00,100,00,0,00
1780847275,7,0,00,0,00,100,00,0,00
1780847275,8,0,00,0,00,100,00,0,00
1780847275,9,0,00,3,45,96,55,3,45
1780847275,10,0,00,0,00,100,00,0,00
1780847275,11,0,00,0,00,100,00,0,00
1780847276,0,0,00,6,90,93,10,6,90
1780847276,1,0,00,0,00,100,00,0,00
1780847276,2,0,00,0,00,100,00,0,00
1780847276,3,0,00,0,00,100,00,0,00
1780847276,4,100,00,0,00,0,00,100,00
1780847276,5,0,00,0,00,100,00,0,00
1780847276,6,0,00,0,00,100,00,0,00
1780847276,7,0,00,3,57,96,43,3,57
1780847276,8,0,00,0,00,100,00,0,00
1780847276,9,0,00,0,00,100,00,0,00
1780847276,10,0,00,0,00,100,00,0,00
1780847276,11,0,00,0,00,100,00,0,00
1780847277,0,0,00,6,90,93,10,6,90
1780847277,1,0,00,0,00,100,00,0,00
1780847277,2,0,00,3,45,96,55,3,45
1780847277,3,0,00,0,00,100,00,0,00
1780847277,4,100,00,0,00,0,00,100,00
1780847277,5,0,00,0,00,100,00,0,00
1780847277,6,0,00,0,00,100,00,0,00
1780847277,7,0,00,0,00,100,00,0,00
1780847277,8,0,00,0,00,100,00,0,00
1780847277,9,0,00,0,00,100,00,0,00
1780847277,10,0,00,0,00,100,00,0,00
1780847277,11,0,00,0,00,100,00,0,00
1780847277,0,0,00,6,90,93,10,6,90
1780847277,1,0,00,3,45,96,55,3,45
1780847277,2,0,00,0,00,100,00,0,00
1780847277,3,0,00,0,00,100,00,0,00
1780847277,4,100,00,0,00,0,00,100,00
1780847277,5,0,00,0,00,100,00,0,00
1780847277,6,0,00,0,00,100,00,0,00
1780847277,7,0,00,0,00,100,00,0,00
1780847277,8,0,00,0,00,100,00,0,00
1780847277,9,0,00,3,33,96,67,3,33
1780847277,10,0,00,0,00,100,00,0,00
1780847277,11,0,00,0,00,100,00,0,00
1780847278,0,0,00,3,45,96,55,3,45
1780847278,1,0,00,3,45,96,55,3,45
1780847278,2,0,00,0,00,100,00,0,00
1780847278,3,0,00,0,00,100,00,0,00
1780847278,4,100,00,0,00,0,00,100,00
1780847278,5,0,00,0,00,100,00,0,00
1780847278,6,0,00,3,33,96,67,3,33
1780847278,7,0,00,0,00,100,00,0,00
1780847278,8,0,00,3,57,96,43,3,57
1780847278,9,0,00,0,00,100,00,0,00
1780847278,10,0,00,0,00,100,00,0,00
1780847278,11,0,00,0,00,100,00,0,00
1780847278,0,0,00,0,00,100,00,0,00
1780847278,1,0,00,7,14,92,86,7,14
1780847278,2,0,00,3,45,96,55,3,45
1780847278,3,0,00,0,00,100,00,0,00
1780847278,4,100,00,0,00,0,00,100,00
1780847278,5,0,00,0,00,100,00,0,00
1780847278,6,0,00,0,00,100,00,0,00
1780847278,7,0,00,0,00,100,00,0,00
1780847278,8,0,00,0,00,100,00,0,00
1780847278,9,0,00,0,00,100,00,0,00
1780847278,10,0,00,0,00,100,00,0,00
1780847278,11,0,00,0,00,100,00,0,00
1780847279,0,0,00,3,33,96,67,3,33
1780847279,1,0,00,0,00,100,00,0,00
1780847279,2,0,00,0,00,100,00,0,00
1780847279,3,0,00,0,00,100,00,0,00
1780847279,4,100,00,0,00,0,00,100,00
1780847279,5,0,00,0,00,100,00,0,00
1780847279,6,0,00,0,00,100,00,0,00
1780847279,7,0,00,3,45,96,55,3,45
1780847279,8,3,33,6,67,90,00,10,00
1780847279,9,0,00,3,45,96,55,3,45
1780847279,10,0,00,0,00,100,00,0,00
1780847279,11,0,00,0,00,100,00,0,00
1780847280,0,0,00,0,00,100,00,0,00
1780847280,1,0,00,0,00,100,00,0,00
1780847280,2,0,00,0,00,100,00,0,00
1780847280,3,0,00,3,33,96,67,3,33
1780847280,4,100,00,0,00,0,00,100,00
1780847280,5,0,00,0,00,100,00,0,00
1780847280,6,0,00,6,90,93,10,6,90
1780847280,7,0,00,3,45,96,55,3,45
1780847280,8,0,00,0,00,100,00,0,00
1780847280,9,0,00,0,00,100,00,0,00
1780847280,10,0,00,0,00,100,00,0,00
1780847280,11,0,00,0,00,100,00,0,00
1780847280,0,0,00,0,00,100,00,0,00
1780847280,1,0,00,0,00,100,00,0,00
1780847280,2,0,00,6,90,93,10,6,90
1780847280,3,0,00,0,00,100,00,0,00
1780847280,4,100,00,0,00,0,00,100,00
1780847280,5,0,00,0,00,100,00,0,00
1780847280,6,0,00,0,00,100,00,0,00
1780847280,7,0,00,3,33,96,67,3,33
1780847280,8,0,00,3,45,96,55,3,45
1780847280,9,0,00,0,00,100,00,0,00
1780847280,10,0,00,0,00,100,00,0,00
1780847280,11,0,00,0,00,100,00,0,00
1780847281,0,0,00,10,00,90,00,10,00
1780847281,1,0,00,0,00,100,00,0,00
1780847281,2,3,45,3,45,93,10,6,90
1780847281,3,0,00,0,00,100,00,0,00
1780847281,4,100,00,0,00,0,00,100,00
1780847281,5,0,00,0,00,100,00,0,00
1780847281,6,0,00,0,00,100,00,0,00
1780847281,7,0,00,0,00,100,00,0,00
1780847281,8,0,00,0,00,100,00,0,00
1780847281,9,0,00,0,00,100,00,0,00
1780847281,10,0,00,0,00,100,00,0,00
1780847281,11,0,00,0,00,100,00,0,00
1780847282,0,0,00,0,00,100,00,0,00
1780847282,1,0,00,0,00,100,00,0,00
1780847282,2,0,00,0,00,100,00,0,00
1780847282,3,0,00,0,00,100,00,0,00
1780847282,4,100,00,0,00,0,00,100,00
1780847282,5,0,00,0,00,100,00,0,00
1780847282,6,0,00,3,45,96,55,3,45
1780847282,7,0,00,0,00,100,00,0,00
1780847282,8,0,00,7,14,92,86,7,14
1780847282,9,0,00,3,33,96,67,3,33
1780847282,10,0,00,0,00,100,00,0,00
1780847282,11,0,00,0,00,100,00,0,00
1780847282,0,0,00,6,90,93,10,6,90
1780847282,1,0,00,0,00,100,00,0,00
1780847282,2,0,00,0,00,100,00,0,00
1780847282,3,0,00,0,00,100,00,0,00
1780847282,4,100,00,0,00,0,00,100,00
1780847282,5,0,00,0,00,100,00,0,00
1780847282,6,0,00,0,00,100,00,0,00
1780847282,7,0,00,3,57,96,43,3,57
1780847282,8,0,00,0,00,100,00,0,00
1780847282,9,0,00,0,00,100,00,0,00
1780847282,10,0,00,0,00,100,00,0,00
1780847282,11,0,00,0,00,100,00,0,00
1780847283,0,0,00,6,90,93,10,6,90
1780847283,1,0,00,0,00,100,00,0,00
1780847283,2,0,00,3,45,96,55,3,45
1780847283,3,0,00,0,00,100,00,0,00
1780847283,4,20,69,0,00,79,31,20,69
1780847283,5,0,00,0,00,100,00,0,00
1780847283,6,0,00,0,00,100,00,0,00
1780847283,7,3,57,0,00,96,43,3,57
1780847283,8,0,00,3,33,96,67,3,33
1780847283,9,0,00,0,00,100,00,0,00
1780847283,10,79,31,0,00,20,69,79,31
1780847283,11,0,00,0,00,100,00,0,00
1780847284,0,0,00,0,00,100,00,0,00
1780847284,1,0,00,0,00,100,00,0,00
1780847284,2,3,33,6,67,90,00,10,00
1780847284,3,0,00,0,00,100,00,0,00
1780847284,4,0,00,0,00,100,00,0,00
1780847284,5,0,00,3,33,96,67,3,33
1780847284,6,0,00,6,90,93,10,6,90
1780847284,7,0,00,0,00,100,00,0,00
1780847284,8,0,00,0,00,100,00,0,00
1780847284,9,0,00,3,33,96,67,3,33
1780847284,10,100,00,0,00,0,00,100,00
1780847284,11,0,00,0,00,100,00,0,00
1780847284,0,0,00,0,00,100,00,0,00
1780847284,1,0,00,0,00,100,00,0,00
1780847284,2,0,00,0,00,100,00,0,00
1780847284,3,0,00,0,00,100,00,0,00
1780847284,4,0,00,0,00,100,00,0,00
1780847284,5,0,00,0,00,100,00,0,00
1780847284,6,0,00,0,00,100,00,0,00
1780847284,7,0,00,6,90,93,10,6,90
1780847284,8,0,00,6,67,93,33,6,67
1780847284,9,0,00,0,00,100,00,0,00
1780847284,10,100,00,0,00,0,00,100,00
1780847284,11,0,00,0,00,100,00,0,00
1780847285,0,0,00,6,90,93,10,6,90
1780847285,1,0,00,0,00,100,00,0,00
1780847285,2,0,00,0,00,100,00,0,00
1780847285,3,0,00,3,45,96,55,3,45
1780847285,4,0,00,0,00,100,00,0,00
1780847285,5,0,00,0,00,100,00,0,00
1780847285,6,0,00,0,00,100,00,0,00
1780847285,7,0,00,3,45,96,55,3,45
1780847285,8,0,00,3,45,96,55,3,45
1780847285,9,0,00,0,00,100,00,0,00
1780847285,10,100,00,0,00,0,00,100,00
1780847285,11,0,00,0,00,100,00,0,00
1780847286,0,0,00,0,00,100,00,0,00
1780847286,1,0,00,0,00,100,00,0,00
1780847286,2,3,33,3,33,93,33,6,67
1780847286,3,0,00,0,00,100,00,0,00
1780847286,4,0,00,0,00,100,00,0,00
1780847286,5,0,00,0,00,100,00,0,00
1780847286,6,0,00,6,90,93,10,6,90
1780847286,7,0,00,0,00,100,00,0,00
1780847286,8,0,00,0,00,100,00,0,00
1780847286,9,0,00,0,00,100,00,0,00
1780847286,10,100,00,0,00,0,00,100,00
1780847286,11,0,00,0,00,100,00,0,00
1780847286,0,0,00,3,33,96,67,3,33
1780847286,1,0,00,7,14,92,86,7,14
1780847286,2,0,00,3,45,96,55,3,45
1780847286,3,0,00,0,00,100,00,0,00
1780847286,4,0,00,0,00,100,00,0,00
1780847286,5,0,00,0,00,100,00,0,00
1780847286,6,0,00,3,33,96,67,3,33
1780847286,7,0,00,0,00,100,00,0,00
1780847286,8,0,00,0,00,100,00,0,00
1780847286,9,0,00,0,00,100,00,0,00
1780847286,10,100,00,0,00,0,00,100,00
1780847286,11,0,00,0,00,100,00,0,00
1780847287,0,0,00,3,70,96,30,3,70
1780847287,1,0,00,3,45,96,55,3,45
1780847287,2,0,00,0,00,100,00,0,00
1780847287,3,0,00,0,00,100,00,0,00
1780847287,4,0,00,0,00,100,00,0,00
1780847287,5,0,00,3,33,96,67,3,33
1780847287,6,0,00,0,00,100,00,0,00
1780847287,7,0,00,3,45,96,55,3,45
1780847287,8,0,00,3,45,96,55,3,45
1780847287,9,0,00,0,00,100,00,0,00
1780847287,10,100,00,0,00,0,00,100,00
1780847287,11,0,00,0,00,100,00,0,00
1780847288,0,0,00,0,00,100,00,0,00
1780847288,1,0,00,0,00,100,00,0,00
1780847288,2,0,00,0,00,100,00,0,00
1780847288,3,0,00,0,00,100,00,0,00
1780847288,4,0,00,0,00,100,00,0,00
1780847288,5,0,00,0,00,100,00,0,00
1780847288,6,0,00,3,45,96,55,3,45
1780847288,7,0,00,0,00,100,00,0,00
1780847288,8,0,00,6,90,93,10,6,90
1780847288,9,0,00,0,00,100,00,0,00
1780847288,10,100,00,0,00,0,00,100,00
1780847288,11,0,00,3,45,96,55,3,45
1780847288,0,0,00,6,90,93,10,6,90
1780847288,1,0,00,0,00,100,00,0,00
1780847288,2,3,33,0,00,96,67,3,33
1780847288,3,0,00,0,00,100,00,0,00
1780847288,4,0,00,0,00,100,00,0,00
1780847288,5,3,33,0,00,96,67,3,33
1780847288,6,0,00,0,00,100,00,0,00
1780847288,7,3,45,3,45,93,10,6,90
1780847288,8,0,00,0,00,100,00,0,00
1780847288,9,0,00,0,00,100,00,0,00
1780847288,10,100,00,0,00,0,00,100,00
1780847288,11,0,00,0,00,100,00,0,00
1780847289,0,0,00,0,00,100,00,0,00
1780847289,1,0,00,0,00,100,00,0,00
1780847289,2,0,00,7,14,92,86,7,14
1780847289,3,0,00,0,00,100,00,0,00
1780847289,4,0,00,0,00,100,00,0,00
1780847289,5,0,00,0,00,100,00,0,00
1780847289,6,0,00,3,45,96,55,3,45
1780847289,7,0,00,0,00,100,00,0,00
1780847289,8,0,00,0,00,100,00,0,00
1780847289,9,3,45,0,00,96,55,3,45
1780847289,10,100,00,0,00,0,00,100,00
1780847289,11,0,00,0,00,100,00,0,00
1780847289,0,0,00,0,00,100,00,0,00
1780847289,1,0,00,0,00,100,00,0,00
1780847289,2,0,00,0,00,100,00,0,00
1780847289,3,0,00,0,00,100,00,0,00
1780847289,4,0,00,0,00,100,00,0,00
1780847289,5,0,00,0,00,100,00,0,00
1780847289,6,0,00,7,14,92,86,7,14
1780847289,7,0,00,0,00,100,00,0,00
1780847289,8,0,00,0,00,100,00,0,00
1780847289,9,0,00,3,45,96,55,3,45
1780847289,10,100,00,0,00,0,00,100,00
1780847289,11,0,00,0,00,100,00,0,00
1780847290,0,0,00,0,00,100,00,0,00
1780847290,1,0,00,0,00,100,00,0,00
1780847290,2,0,00,0,00,100,00,0,00
1780847290,3,0,00,0,00,100,00,0,00
1780847290,4,0,00,0,00,100,00,0,00
1780847290,5,0,00,0,00,100,00,0,00
1780847290,6,3,33,6,67,90,00,10,00
1780847290,7,0,00,0,00,100,00,0,00
1780847290,8,0,00,0,00,100,00,0,00
1780847290,9,0,00,0,00,100,00,0,00
1780847290,10,100,00,0,00,0,00,100,00
1780847290,11,0,00,0,00,100,00,0,00
1780847291,0,0,00,0,00,100,00,0,00
1780847291,1,0,00,0,00,100,00,0,00
1780847291,2,0,00,0,00,100,00,0,00
1780847291,3,0,00,0,00,100,00,0,00
1780847291,4,0,00,0,00,100,00,0,00
1780847291,5,0,00,3,45,96,55,3,45
1780847291,6,0,00,6,90,93,10,6,90
1780847291,7,0,00,3,57,96,43,3,57
1780847291,8,3,33,0,00,96,67,3,33
1780847291,9,0,00,0,00,100,00,0,00
1780847291,10,100,00,0,00,0,00,100,00
1780847291,11,0,00,0,00,100,00,0,00
1780847291,0,0,00,0,00,100,00,0,00
1780847291,1,0,00,0,00,100,00,0,00
1780847291,2,0,00,6,90,93,10,6,90
1780847291,3,0,00,0,00,100,00,0,00
1780847291,4,0,00,0,00,100,00,0,00
1780847291,5,0,00,0,00,100,00,0,00
1780847291,6,0,00,6,67,93,33,6,67
1780847291,7,0,00,0,00,100,00,0,00
1780847291,8,0,00,0,00,100,00,0,00
1780847291,9,0,00,0,00,100,00,0,00
1780847291,10,100,00,0,00,0,00,100,00
1780847291,11,0,00,3,45,96,55,3,45
1780847292,0,0,00,3,45,96,55,3,45
1780847292,1,0,00,0,00,100,00,0,00
1780847292,2,0,00,0,00,100,00,0,00
1780847292,3,0,00,0,00,100,00,0,00
1780847292,4,0,00,0,00,100,00,0,00
1780847292,5,0,00,0,00,100,00,0,00
1780847292,6,0,00,0,00,100,00,0,00
1780847292,7,0,00,6,90,93,10,6,90
1780847292,8,0,00,3,33,96,67,3,33
1780847292,9,0,00,0,00,100,00,0,00
1780847292,10,100,00,0,00,0,00,100,00
1780847292,11,0,00,0,00,100,00,0,00
1780847293,0,0,00,3,45,96,55,3,45
1780847293,1,0,00,3,45,96,55,3,45
1780847293,2,0,00,0,00,100,00,0,00
1780847293,3,0,00,0,00,100,00,0,00
1780847293,4,0,00,0,00,100,00,0,00
1780847293,5,0,00,0,00,100,00,0,00
1780847293,6,0,00,0,00,100,00,0,00
1780847293,7,0,00,6,90,93,10,6,90
1780847293,8,0,00,0,00,100,00,0,00
1780847293,9,0,00,3,45,96,55,3,45
1780847293,10,100,00,0,00,0,00,100,00
1780847293,11,0,00,0,00,100,00,0,00
1780847293,0,0,00,0,00,100,00,0,00
1780847293,1,0,00,0,00,100,00,0,00
1780847293,2,0,00,0,00,100,00,0,00
1780847293,3,0,00,0,00,100,00,0,00
1780847293,4,0,00,0,00,100,00,0,00
1780847293,5,0,00,0,00,100,00,0,00
1780847293,6,0,00,3,45,96,55,3,45
1780847293,7,0,00,6,90,93,10,6,90
1780847293,8,0,00,6,90,93,10,6,90
1780847293,9,0,00,0,00,100,00,0,00
1780847293,10,100,00,0,00,0,00,100,00
1780847293,11,0,00,0,00,100,00,0,00
1780847294,0,0,00,0,00,100,00,0,00
1780847294,1,0,00,0,00,100,00,0,00
1780847294,2,0,00,0,00,100,00,0,00
1780847294,3,0,00,0,00,100,00,0,00
1780847294,4,0,00,0,00,100,00,0,00
1780847294,5,0,00,0,00,100,00,0,00
1780847294,6,0,00,0,00,100,00,0,00
1780847294,7,0,00,7,14,92,86,7,14
1780847294,8,0,00,3,45,96,55,3,45
1780847294,9,0,00,0,00,100,00,0,00
1780847294,10,100,00,0,00,0,00,100,00
1780847294,11,0,00,0,00,100,00,0,00
1780847295,0,0,00,0,00,100,00,0,00
1780847295,1,0,00,3,45,96,55,3,45
1780847295,2,0,00,3,33,96,67,3,33
1780847295,3,0,00,0,00,100,00,0,00
1780847295,4,0,00,0,00,100,00,0,00
1780847295,5,0,00,0,00,100,00,0,00
1780847295,6,0,00,3,57,96,43,3,57
1780847295,7,0,00,0,00,100,00,0,00
1780847295,8,0,00,0,00,100,00,0,00
1780847295,9,0,00,0,00,100,00,0,00
1780847295,10,100,00,0,00,0,00,100,00
1780847295,11,0,00,0,00,100,00,0,00
1780847295,0,0,00,0,00,100,00,0,00
1780847295,1,0,00,3,45,96,55,3,45
1780847295,2,0,00,6,90,93,10,6,90
1780847295,3,0,00,0,00,100,00,0,00
1780847295,4,0,00,0,00,100,00,0,00
1780847295,5,0,00,0,00,100,00,0,00
1780847295,6,0,00,0,00,100,00,0,00
1780847295,7,0,00,0,00,100,00,0,00
1780847295,8,0,00,0,00,100,00,0,00
1780847295,9,0,00,3,45,96,55,3,45
1780847295,10,100,00,0,00,0,00,100,00
1780847295,11,0,00,3,45,96,55,3,45
1780847296,0,0,00,3,45,96,55,3,45
1780847296,1,0,00,0,00,100,00,0,00
1780847296,2,0,00,0,00,100,00,0,00
1780847296,3,0,00,0,00,93,33,6,67
1780847296,4,0,00,0,00,100,00,0,00
1780847296,5,0,00,0,00,100,00,0,00
1780847296,6,0,00,0,00,100,00,0,00
1780847296,7,0,00,3,45,96,55,3,45
1780847296,8,0,00,6,90,93,10,6,90
1780847296,9,0,00,0,00,100,00,0,00
1780847296,10,100,00,0,00,0,00,100,00
1780847296,11,0,00,0,00,100,00,0,00
1780847297,0,0,00,0,00,100,00,0,00
1780847297,1,0,00,0,00,100,00,0,00
1780847297,2,0,00,3,33,96,67,3,33
1780847297,3,0,00,0,00,100,00,0,00
1780847297,4,0,00,0,00,100,00,0,00
1780847297,5,0,00,0,00,100,00,0,00
1780847297,6,0,00,3,70,96,30,3,70
1780847297,7,3,45,3,45,93,10,6,90
1780847297,8,0,00,0,00,100,00,0,00
1780847297,9,0,00,0,00,100,00,0,00
1780847297,10,100,00,0,00,0,00,100,00
1780847297,11,3,45,0,00,96,55,3,45
1780847297,0,0,00,3,45,96,55,3,45
1780847297,1,0,00,7,14,92,86,7,14
1780847297,2,0,00,0,00,100,00,0,00
1780847297,3,0,00,0,00,100,00,0,00
1780847297,4,0,00,0,00,100,00,0,00
1780847297,5,0,00,0,00,100,00,0,00
1780847297,6,0,00,0,00,100,00,0,00
1780847297,7,0,00,0,00,100,00,0,00
1780847297,8,0,00,0,00,100,00,0,00
1780847297,9,0,00,0,00,100,00,0,00
1780847297,10,100,00,0,00,0,00,100,00
1780847297,11,0,00,0,00,100,00,0,00
1780847298,0,0,00,0,00,100,00,0,00
1780847298,1,0,00,0,00,100,00,0,00
1780847298,2,0,00,6,90,93,10,6,90
1780847298,3,0,00,0,00,100,00,0,00
1780847298,4,0,00,0,00,100,00,0,00
1780847298,5,0,00,0,00,100,00,0,00
1780847298,6,0,00,0,00,100,00,0,00
1780847298,7,0,00,0,00,100,00,0,00
1780847298,8,0,00,0,00,100,00,0,00
1780847298,9,0,00,3,33,96,67,3,33
1780847298,10,100,00,0,00,0,00,100,00
1780847298,11,0,00,0,00,100,00,0,00
1780847299,0,0,00,0,00,100,00,0,00
1780847299,1,0,00,3,45,96,55,3,45
1780847299,2,0,00,0,00,100,00,0,00
1780847299,3,0,00,0,00,100,00,0,00
1780847299,4,0,00,0,00,100,00,0,00
1780847299,5,0,00,0,00,100,00,0,00
1780847299,6,3,45,0,00,96,55,3,45
1780847299,7,0,00,0,00,100,00,0,00
1780847299,8,0,00,3,70,96,30,3,70
1780847299,9,0,00,0,00,100,00,0,00
1780847299,10,100,00,0,00,0,00,100,00
1780847299,11,0,00,3,45,96,55,3,45
1780847299,0,3,45,3,45,93,10,6,90
1780847299,1,0,00,3,57,96,43,3,57
1780847299,2,0,00,0,00,100,00,0,00
1780847299,3,0,00,0,00,100,00,0,00
1780847299,4,0,00,0,00,100,00,0,00
1780847299,5,0,00,3,33,96,67,3,33
1780847299,6,0,00,0,00,100,00,0,00
1780847299,7,0,00,0,00,100,00,0,00
1780847299,8,0,00,0,00,100,00,0,00
1780847299,9,0,00,0,00,100,00,0,00
1780847299,10,100,00,0,00,0,00,100,00
1780847299,11,0,00,0,00,100,00,0,00
1780847300,0,0,00,3,70,96,30,3,70
1780847300,1,3,33,3,33,93,33,6,67
1780847300,2,0,00,0,00,100,00,0,00
1780847300,3,0,00,0,00,100,00,0,00
1780847300,4,0,00,0,00,100,00,0,00
1780847300,5,0,00,0,00,100,00,0,00
1780847300,6,0,00,0,00,100,00,0,00
1780847300,7,0,00,0,00,100,00,0,00
1780847300,8,0,00,0,00,100,00,0,00
1780847300,9,0,00,0,00,100,00,0,00
1780847300,10,100,00,0,00,0,00,100,00
1780847300,11,0,00,0,00,100,00,0,00
1780847300,0,0,00,0,00,100,00,0,00
1780847300,1,0,00,0,00,100,00,0,00
1780847300,2,0,00,3,45,96,55,3,45
1780847300,3,0,00,0,00,100,00,0,00
1780847300,4,0,00,0,00,100,00,0,00
1780847300,5,0,00,0,00,100,00,0,00
1780847300,6,0,00,0,00,100,00,0,00
1780847300,7,0,00,7,14,92,86,7,14
1780847300,8,0,00,0,00,100,00,0,00
1780847300,9,0,00,3,45,96,55,3,45
1780847300,10,100,00,0,00,0,00,100,00
1780847300,11,0,00,0,00,100,00,0,00
1780847301,0,0,00,0,00,96,55,3,45
1780847301,1,0,00,3,45,96,55,3,45
1780847301,2,0,00,7,14,92,86,7,14
1780847301,3,0,00,0,00,100,00,0,00
1780847301,4,0,00,0,00,100,00,0,00
1780847301,5,0,00,0,00,100,00,0,00
1780847301,6,0,00,0,00,100,00,0,00
1780847301,7,0,00,0,00,100,00,0,00
1780847301,8,0,00,0,00,100,00,0,00
1780847301,9,0,00,0,00,100,00,0,00
1780847301,10,100,00,0,00,0,00,100,00
1780847301,11,0,00,3,45,96,55,3,45
1780847302,0,0,00,0,00,100,00,0,00
1780847302,1,3,33,3,33,93,33,6,67
1780847302,2,0,00,3,33,96,67,3,33
1780847302,3,0,00,0,00,100,00,0,00
1780847302,4,100,00,0,00,0,00,100,00
1780847302,5,0,00,0,00,100,00,0,00
1780847302,6,0,00,7,14,92,86,7,14
1780847302,7,0,00,0,00,100,00,0,00
1780847302,8,0,00,3,45,96,55,3,45
1780847302,9,0,00,0,00,100,00,0,00
1780847302,10,0,00,0,00,100,00,0,00
1780847302,11,0,00,0,00,100,00,0,00
1780847302,0,0,00,0,00,100,00,0,00
1780847302,1,0,00,0,00,100,00,0,00
1780847302,2,0,00,0,00,100,00,0,00
1780847302,3,0,00,0,00,100,00,0,00
1780847302,4,100,00,0,00,0,00,100,00
1780847302,5,0,00,0,00,100,00,0,00
1780847302,6,0,00,3,45,96,55,3,45
1780847302,7,0,00,6,90,93,10,6,90
1780847302,8,0,00,0,00,100,00,0,00
1780847302,9,0,00,0,00,100,00,0,00
1780847302,10,0,00,0,00,100,00,0,00
1780847302,11,0,00,0,00,100,00,0,00
1780847303,0,0,00,0,00,100,00,0,00
1780847303,1,3,45,6,90,89,66,10,34
1780847303,2,3,33,3,33,93,33,6,67
1780847303,3,0,00,0,00,100,00,0,00
1780847303,4,100,00,0,00,0,00,100,00
1780847303,5,0,00,0,00,100,00,0,00
1780847303,6,0,00,3,45,96,55,3,45
1780847303,7,0,00,0,00,100,00,0,00
1780847303,8,0,00,0,00,100,00,0,00
1780847303,9,0,00,3,45,96,55,3,45
1780847303,10,0,00,0,00,100,00,0,00
1780847303,11,0,00,0,00,100,00,0,00
1780847304,0,0,00,0,00,100,00,0,00
1780847304,1,0,00,0,00,100,00,0,00
1780847304,2,0,00,3,45,96,55,3,45
1780847304,3,0,00,0,00,100,00,0,00
1780847304,4,100,00,0,00,0,00,100,00
1780847304,5,0,00,0,00,100,00,0,00
1780847304,6,0,00,7,14,92,86,7,14
1780847304,7,0,00,0,00,100,00,0,00
1780847304,8,0,00,0,00,100,00,0,00
1780847304,9,0,00,0,00,100,00,0,00
1780847304,10,0,00,0,00,100,00,0,00
1780847304,11,0,00,0,00,100,00,0,00
1780847304,0,0,00,0,00,100,00,0,00
1780847304,1,0,00,0,00,100,00,0,00
1780847304,2,0,00,0,00,100,00,0,00
1780847304,3,0,00,0,00,100,00,0,00
1780847304,4,100,00,0,00,0,00,100,00
1780847304,5,0,00,0,00,100,00,0,00
1780847304,6,3,33,6,67,90,00,10,00
1780847304,7,0,00,0,00,100,00,0,00
1780847304,8,0,00,3,45,96,55,3,45
1780847304,9,0,00,0,00,100,00,0,00
1780847304,10,0,00,0,00,100,00,0,00
1780847304,11,0,00,0,00,100,00,0,00
1780847305,0,0,00,0,00,100,00,0,00
1780847305,1,0,00,3,45,96,55,3,45
1780847305,2,0,00,0,00,96,55,3,45
1780847305,3,0,00,0,00,100,00,0,00
1780847305,4,100,00,0,00,0,00,100,00
1780847305,5,0,00,0,00,100,00,0,00
1780847305,6,0,00,3,57,96,43,3,57
1780847305,7,0,00,0,00,100,00,0,00
1780847305,8,0,00,3,45,96,55,3,45
1780847305,9,0,00,0,00,100,00,0,00
1780847305,10,0,00,0,00,100,00,0,00
1780847305,11,0,00,3,33,96,67,3,33
1780847306,0,0,00,6,90,93,10,6,90
1780847306,1,0,00,3,45,96,55,3,45
1780847306,2,0,00,0,00,100,00,0,00
1780847306,3,0,00,0,00,100,00,0,00
1780847306,4,100,00,0,00,0,00,100,00
1780847306,5,3,33,0,00,96,67,3,33
1780847306,6,0,00,0,00,100,00,0,00
1780847306,7,0,00,0,00,100,00,0,00
1780847306,8,0,00,0,00,100,00,0,00
1780847306,9,0,00,0,00,100,00,0,00
1780847306,10,0,00,0,00,100,00,0,00
1780847306,11,0,00,0,00,100,00,0,00
1780847306,0,0,00,7,14,92,86,7,14
1780847306,1,0,00,6,67,93,33,6,67
1780847306,2,0,00,0,00,100,00,0,00
1780847306,3,0,00,0,00,100,00,0,00
1780847306,4,100,00,0,00,0,00,100,00
1780847306,5,0,00,0,00,100,00,0,00
1780847306,6,0,00,0,00,100,00,0,00
1780847306,7,0,00,3,45,96,55,3,45
1780847306,8,0,00,0,00,100,00,0,00
1780847306,9,0,00,0,00,100,00,0,00
1780847306,10,0,00,0,00,100,00,0,00
1780847306,11,3,33,0,00,96,67,3,33
1780847307,0,0,00,0,00,100,00,0,00
1780847307,1,0,00,3,45,96,55,3,45
1780847307,2,0,00,0,00,100,00,0,00
1780847307,3,0,00,0,00,100,00,0,00
1780847307,4,100,00,0,00,0,00,100,00
1780847307,5,0,00,3,45,96,55,3,45
1780847307,6,0,00,0,00,100,00,0,00
1780847307,7,0,00,0,00,100,00,0,00
1780847307,8,3,45,3,45,93,10,6,90
1780847307,9,0,00,3,45,96,55,3,45
1780847307,10,0,00,0,00,100,00,0,00
1780847307,11,0,00,0,00,100,00,0,00
1780847308,0,0,00,0,00,100,00,0,00
1780847308,1,0,00,0,00,100,00,0,00
1780847308,2,3,45,0,00,96,55,3,45
1780847308,3,0,00,0,00,100,00,0,00
1780847308,4,100,00,0,00,0,00,100,00
1780847308,5,0,00,0,00,100,00,0,00
1780847308,6,0,00,7,14,92,86,7,14
1780847308,7,0,00,0,00,100,00,0,00
1780847308,8,0,00,3,33,96,67,3,33
1780847308,9,0,00,0,00,100,00,0,00
1780847308,10,0,00,0,00,100,00,0,00
1780847308,11,0,00,0,00,100,00,0,00
1780847308,0,0,00,0,00,100,00,0,00
1780847308,1,0,00,3,57,96,43,3,57
1780847308,2,0,00,3,45,96,55,3,45
1780847308,3,0,00,0,00,100,00,0,00
1780847308,4,100,00,0,00,0,00,100,00
1780847308,5,0,00,3,45,96,55,3,45
1780847308,6,3,45,0,00,96,55,3,45
1780847308,7,0,00,0,00,100,00,0,00
1780847308,8,0,00,0,00,100,00,0,00
1780847308,9,0,00,0,00,100,00,0,00
1780847308,10,0,00,0,00,100,00,0,00
1780847308,11,0,00,0,00,100,00,0,00
1780847309,0,0,00,3,33,96,67,3,33
1780847309,1,0,00,0,00,100,00,0,00
1780847309,2,0,00,0,00,100,00,0,00
1780847309,3,0,00,0,00,100,00,0,00
1780847309,4,100,00,0,00,0,00,100,00
1780847309,5,0,00,0,00,100,00,0,00
1780847309,6,0,00,0,00,100,00,0,00
1780847309,7,0,00,6,90,93,10,6,90
1780847309,8,0,00,3,33,96,67,3,33
1780847309,9,0,00,0,00,100,00,0,00
1780847309,10,0,00,0,00,100,00,0,00
1780847309,11,0,00,0,00,100,00,0,00
1780847310,0,0,00,0,00,100,00,0,00
1780847310,1,0,00,0,00,100,00,0,00
1780847310,2,3,45,6,90,89,66,10,34
1780847310,3,0,00,0,00,100,00,0,00
1780847310,4,100,00,0,00,0,00,100,00
1780847310,5,0,00,0,00,100,00,0,00
1780847310,6,0,00,3,45,96,55,3,45
1780847310,7,0,00,0,00,100,00,0,00
1780847310,8,0,00,0,00,100,00,0,00
1780847310,9,0,00,0,00,100,00,0,00
1780847310,10,0,00,0,00,100,00,0,00
1780847310,11,0,00,3,45,96,55,3,45
1780847310,0,3,45,0,00,96,55,3,45
1780847310,1,0,00,0,00,100,00,0,00
1780847310,2,0,00,3,33,96,67,3,33
1780847310,3,0,00,3,45,96,55,3,45
1780847310,4,100,00,0,00,0,00,100,00
1780847310,5,0,00,0,00,100,00,0,00
1780847310,6,0,00,6,90,93,10,6,90
1780847310,7,0,00,0,00,100,00,0,00
1780847310,8,0,00,3,45,96,55,3,45
1780847310,9,0,00,0,00,100,00,0,00
1780847310,10,0,00,0,00,100,00,0,00
1780847310,11,0,00,0,00,100,00,0,00
1780847311,0,0,00,6,90,93,10,6,90
1780847311,1,0,00,0,00,100,00,0,00
1780847311,2,0,00,3,45,96,55,3,45
1780847311,3,0,00,0,00,100,00,0,00
1780847311,4,100,00,0,00,0,00,100,00
1780847311,5,0,00,0,00,100,00,0,00
1780847311,6,0,00,0,00,100,00,0,00
1780847311,7,0,00,0,00,100,00,0,00
1780847311,8,0,00,0,00,100,00,0,00
1780847311,9,0,00,0,00,100,00,0,00
1780847311,10,0,00,0,00,100,00,0,00
1780847311,11,0,00,0,00,100,00,0,00
1780847311,0,0,00,0,00,100,00,0,00
1780847311,1,0,00,0,00,100,00,0,00
1780847311,2,0,00,0,00,100,00,0,00
1780847311,3,0,00,0,00,100,00,0,00
1780847311,4,100,00,0,00,0,00,100,00
1780847311,5,0,00,0,00,100,00,0,00
1780847311,6,3,33,6,67,90,00,10,00
1780847311,7,3,33,3,33,93,33,6,67
1780847311,8,0,00,3,33,96,67,3,33
1780847311,9,0,00,0,00,100,00,0,00
1780847311,10,0,00,0,00,100,00,0,00
1780847311,11,0,00,0,00,100,00,0,00
1780847312,0,0,00,0,00,100,00,0,00
1780847312,1,0,00,0,00,100,00,0,00
1780847312,2,0,00,0,00,100,00,0,00
1780847312,3,0,00,0,00,100,00,0,00
1780847312,4,100,00,0,00,0,00,100,00
1780847312,5,0,00,0,00,100,00,0,00
1780847312,6,0,00,0,00,100,00,0,00
1780847312,7,0,00,7,14,92,86,7,14
1780847312,8,0,00,0,00,100,00,0,00
1780847312,9,0,00,0,00,100,00,0,00
1780847312,10,0,00,0,00,100,00,0,00
1780847312,11,0,00,3,45,96,55,3,45
1780847313,0,3,45,3,45,93,10,6,90
1780847313,1,0,00,0,00,100,00,0,00
1780847313,2,0,00,7,14,92,86,7,14
1780847313,3,0,00,0,00,100,00,0,00
1780847313,4,24,14,0,00,75,86,24,14
1780847313,5,0,00,3,45,96,55,3,45
1780847313,6,0,00,0,00,100,00,0,00
1780847313,7,0,00,0,00,100,00,0,00
1780847313,8,0,00,0,00,100,00,0,00
1780847313,9,0,00,0,00,100,00,0,00
1780847313,10,75,86,0,00,24,14,75,86
1780847313,11,0,00,0,00,100,00,0,00
1780847313,0,0,00,3,45,96,55,3,45
1780847313,1,0,00,0,00,100,00,0,00
1780847313,2,0,00,3,70,96,30,3,70
1780847313,3,0,00,0,00,100,00,0,00
1780847313,4,0,00,0,00,100,00,0,00
1780847313,5,0,00,0,00,100,00,0,00
1780847313,6,0,00,0,00,100,00,0,00
1780847313,7,0,00,0,00,100,00,0,00
1780847313,8,0,00,0,00,100,00,0,00
1780847313,9,0,00,3,45,96,55,3,45
1780847313,10,100,00,0,00,0,00,100,00
1780847313,11,0,00,0,00,100,00,0,00
1780847314,0,0,00,0,00,100,00,0,00
1780847314,1,0,00,7,14,92,86,7,14
1780847314,2,0,00,0,00,100,00,0,00
1780847314,3,0,00,0,00,100,00,0,00
1780847314,4,0,00,0,00,100,00,0,00
1780847314,5,0,00,0,00,100,00,0,00
1780847314,6,0,00,3,45,96,55,3,45
1780847314,7,0,00,0,00,100,00,0,00
1780847314,8,0,00,0,00,100,00,0,00
1780847314,9,0,00,0,00,100,00,0,00
1780847314,10,100,00,0,00,0,00,100,00
1780847314,11,0,00,0,00,100,00,0,00
1780847315,0,0,00,0,00,100,00,0,00
1780847315,1,3,33,6,67,90,00,10,00
1780847315,2,0,00,0,00,100,00,0,00
1780847315,3,0,00,0,00,100,00,0,00
1780847315,4,0,00,0,00,100,00,0,00
1780847315,5,0,00,0,00,100,00,0,00
1780847315,6,0,00,0,00,100,00,0,00
1780847315,7,0,00,0,00,100,00,0,00
1780847315,8,0,00,0,00,100,00,0,00
1780847315,9,0,00,0,00,100,00,0,00
1780847315,10,100,00,0,00,0,00,100,00
1780847315,11,0,00,0,00,100,00,0,00
1780847315,0,0,00,6,90,93,10,6,90
1780847315,1,0,00,3,33,96,67,3,33
1780847315,2,0,00,0,00,100,00,0,00
1780847315,3,0,00,0,00,100,00,0,00
1780847315,4,0,00,0,00,100,00,0,00
1780847315,5,0,00,3,45,96,55,3,45
1780847315,6,0,00,0,00,100,00,0,00
1780847315,7,0,00,0,00,100,00,0,00
1780847315,8,0,00,0,00,100,00,0,00
1780847315,9,0,00,0,00,100,00,0,00
1780847315,10,100,00,0,00,0,00,100,00
1780847315,11,0,00,0,00,100,00,0,00
1780847316,0,0,00,0,00,100,00,0,00
1780847316,1,3,45,0,00,96,55,3,45
1780847316,2,0,00,0,00,100,00,0,00
1780847316,3,0,00,0,00,96,55,3,45
1780847316,4,0,00,0,00,100,00,0,00
1780847316,5,0,00,0,00,100,00,0,00
1780847316,6,3,33,6,67,90,00,10,00
1780847316,7,0,00,0,00,100,00,0,00
1780847316,8,0,00,0,00,100,00,0,00
1780847316,9,0,00,3,45,96,55,3,45
1780847316,10,100,00,0,00,0,00,100,00
1780847316,11,0,00,0,00,100,00,0,00
1780847317,0,0,00,0,00,100,00,0,00
1780847317,1,0,00,6,90,93,10,6,90
1780847317,2,0,00,3,45,96,55,3,45
1780847317,3,0,00,0,00,100,00,0,00
1780847317,4,0,00,0,00,100,00,0,00
1780847317,5,0,00,0,00,100,00,0,00
1780847317,6,0,00,0,00,100,00,0,00
1780847317,7,0,00,0,00,100,00,0,00
1780847317,8,0,00,0,00,100,00,0,00
1780847317,9,0,00,0,00,100,00,0,00
1780847317,10,100,00,0,00,0,00,100,00
1780847317,11,0,00,0,00,100,00,0,00
1780847317,0,0,00,0,00,100,00,0,00
1780847317,1,0,00,0,00,100,00,0,00
1780847317,2,0,00,0,00,100,00,0,00
1780847317,3,0,00,0,00,100,00,0,00
1780847317,4,100,00,0,00,0,00,100,00
1780847317,5,0,00,0,00,100,00,0,00
1780847317,6,0,00,0,00,100,00,0,00
1780847317,7,0,00,3,70,96,30,3,70
1780847317,8,3,45,0,00,96,55,3,45
1780847317,9,0,00,0,00,100,00,0,00
1780847317,10,0,00,0,00,100,00,0,00
1780847317,11,0,00,0,00,100,00,0,00
1780847318,0,0,00,0,00,100,00,0,00
1780847318,1,0,00,6,90,93,10,6,90
1780847318,2,0,00,3,45,96,55,3,45
1780847318,3,0,00,0,00,100,00,0,00
1780847318,4,100,00,0,00,0,00,100,00
1780847318,5,0,00,0,00,100,00,0,00
1780847318,6,0,00,3,45,96,55,3,45
1780847318,7,0,00,0,00,100,00,0,00
1780847318,8,0,00,0,00,100,00,0,00
1780847318,9,0,00,0,00,100,00,0,00
1780847318,10,0,00,0,00,100,00,0,00
1780847318,11,0,00,3,45,96,55,3,45
1780847319,0,0,00,0,00,100,00,0,00
1780847319,1,3,33,6,67,90,00,10,00
1780847319,2,0,00,0,00,100,00,0,00
1780847319,3,0,00,0,00,100,00,0,00
1780847319,4,100,00,0,00,0,00,100,00
1780847319,5,0,00,0,00,100,00,0,00
1780847319,6,0,00,0,00,100,00,0,00
1780847319,7,0,00,0,00,100,00,0,00
1780847319,8,0,00,0,00,100,00,0,00
1780847319,9,3,33,0,00,96,67,3,33
1780847319,10,0,00,0,00,100,00,0,00
1780847319,11,0,00,0,00,100,00,0,00
1780847319,0,0,00,0,00,100,00,0,00
1780847319,1,0,00,0,00,100,00,0,00
1780847319,2,0,00,0,00,100,00,0,00
1780847319,3,0,00,3,45,96,55,3,45
1780847319,4,100,00,0,00,0,00,100,00
1780847319,5,0,00,0,00,100,00,0,00
1780847319,6,0,00,6,90,93,10,6,90
1780847319,7,0,00,3,45,96,55,3,45
1780847319,8,3,45,6,90,89,66,10,34
1780847319,9,0,00,3,33,96,67,3,33
1780847319,10,0,00,0,00,100,00,0,00
1780847319,11,0,00,0,00,100,00,0,00
1780847320,0,0,00,0,00,100,00,0,00
1780847320,1,0,00,0,00,100,00,0,00
1780847320,2,0,00,0,00,100,00,0,00
1780847320,3,0,00,0,00,100,00,0,00
1780847320,4,100,00,0,00,0,00,100,00
1780847320,5,0,00,0,00,100,00,0,00
1780847320,6,0,00,0,00,100,00,0,00
1780847320,7,0,00,3,45,96,55,3,45
1780847320,8,0,00,0,00,100,00,0,00
1780847320,9,0,00,3,57,96,43,3,57
1780847320,10,0,00,0,00,100,00,0,00
1780847320,11,3,33,0,00,96,67,3,33
1780847320,0,0,00,3,57,96,43,3,57
1780847320,1,0,00,0,00,100,00,0,00
1780847320,2,0,00,3,33,96,67,3,33
1780847320,3,0,00,0,00,100,00,0,00
1780847320,4,100,00,0,00,0,00,100,00
1780847320,5,0,00,0,00,100,00,0,00
1780847320,6,0,00,0,00,100,00,0,00
1780847320,7,0,00,3,57,96,43,3,57
1780847320,8,0,00,3,33,96,67,3,33
1780847320,9,0,00,0,00,100,00,0,00
1780847320,10,0,00,0,00,100,00,0,00
1780847320,11,0,00,0,00,100,00,0,00
1780847321,0,0,00,0,00,100,00,0,00
1780847321,1,0,00,0,00,100,00,0,00
1780847321,2,0,00,6,90,93,10,6,90
1780847321,3,0,00,0,00,100,00,0,00
1780847321,4,100,00,0,00,0,00,100,00
1780847321,5,0,00,0,00,100,00,0,00
1780847321,6,0,00,3,45,96,55,3,45
1780847321,7,0,00,0,00,100,00,0,00
1780847321,8,0,00,0,00,100,00,0,00
1780847321,9,0,00,0,00,100,00,0,00
1780847321,10,0,00,0,00,100,00,0,00
1780847321,11,0,00,0,00,100,00,0,00
1780847322,0,0,00,0,00,100,00,0,00
1780847322,1,0,00,0,00,100,00,0,00
1780847322,2,0,00,0,00,100,00,0,00
1780847322,3,0,00,3,45,96,55,3,45
1780847322,4,100,00,0,00,0,00,100,00
1780847322,5,0,00,0,00,100,00,0,00
1780847322,6,0,00,3,45,96,55,3,45
1780847322,7,0,00,3,33,96,67,3,33
1780847322,8,0,00,6,90,93,10,6,90
1780847322,9,0,00,0,00,100,00,0,00
1780847322,10,0,00,0,00,100,00,0,00
1780847322,11,0,00,0,00,100,00,0,00
1780847322,0,0,00,0,00,100,00,0,00
1780847322,1,3,33,6,67,90,00,10,00
1780847322,2,0,00,0,00,100,00,0,00
1780847322,3,0,00,0,00,100,00,0,00
1780847322,4,100,00,0,00,0,00,100,00
1780847322,5,0,00,0,00,100,00,0,00
1780847322,6,0,00,3,45,96,55,3,45
1780847322,7,0,00,0,00,100,00,0,00
1780847322,8,0,00,0,00,100,00,0,00
1780847322,9,0,00,0,00,100,00,0,00
1780847322,10,0,00,0,00,100,00,0,00
1780847322,11,0,00,3,33,93,33,6,67
1780847323,0,0,00,0,00,100,00,0,00
1780847323,1,0,00,0,00,100,00,0,00
1780847323,2,0,00,0,00,100,00,0,00
1780847323,3,0,00,0,00,100,00,0,00
1780847323,4,100,00,0,00,0,00,100,00
1780847323,5,0,00,0,00,100,00,0,00
1780847323,6,0,00,3,33,96,67,3,33
1780847323,7,0,00,3,33,96,67,3,33
1780847323,8,3,33,6,67,90,00,10,00
1780847323,9,0,00,0,00,100,00,0,00
1780847323,10,0,00,0,00,100,00,0,00
1780847323,11,0,00,0,00,100,00,0,00
1780847324,0,0,00,6,67,93,33,6,67
1780847324,1,0,00,0,00,100,00,0,00
1780847324,2,0,00,0,00,100,00,0,00
1780847324,3,0,00,0,00,100,00,0,00
1780847324,4,100,00,0,00,0,00,100,00
1780847324,5,0,00,0,00,100,00,0,00
1780847324,6,0,00,0,00,100,00,0,00
1780847324,7,0,00,3,33,96,67,3,33
1780847324,8,0,00,3,57,96,43,3,57
1780847324,9,0,00,0,00,100,00,0,00
1780847324,10,0,00,0,00,100,00,0,00
1780847324,11,0,00,0,00,100,00,0,00
1780847324,0,0,00,0,00,100,00,0,00
1780847324,1,0,00,6,90,93,10,6,90
1780847324,2,0,00,6,90,93,10,6,90
1780847324,3,0,00,0,00,100,00,0,00
1780847324,4,100,00,0,00,0,00,100,00
1780847324,5,0,00,0,00,100,00,0,00
1780847324,6,0,00,0,00,100,00,0,00
1780847324,7,0,00,0,00,100,00,0,00
1780847324,8,0,00,0,00,100,00,0,00
1780847324,9,0,00,0,00,100,00,0,00
1780847324,10,0,00,0,00,100,00,0,00
1780847324,11,0,00,3,33,96,67,3,33
1780847325,0,0,00,0,00,100,00,0,00
1780847325,1,0,00,0,00,100,00,0,00
1780847325,2,0,00,0,00,100,00,0,00
1780847325,3,0,00,0,00,100,00,0,00
1780847325,4,100,00,0,00,0,00,100,00
1780847325,5,0,00,0,00,100,00,0,00
1780847325,6,0,00,0,00,100,00,0,00
1780847325,7,3,45,6,90,89,66,10,34
1780847325,8,0,00,0,00,100,00,0,00
1780847325,9,0,00,0,00,100,00,0,00
1780847325,10,0,00,0,00,100,00,0,00
1780847325,11,0,00,0,00,100,00,0,00
1780847326,0,0,00,6,90,93,10,6,90
1780847326,1,0,00,0,00,100,00,0,00
1780847326,2,0,00,3,45,96,55,3,45
1780847326,3,0,00,3,45,96,55,3,45
1780847326,4,100,00,0,00,0,00,100,00
1780847326,5,0,00,0,00,100,00,0,00
1780847326,6,0,00,0,00,100,00,0,00
1780847326,7,0,00,3,45,96,55,3,45
1780847326,8,0,00,0,00,100,00,0,00
1780847326,9,0,00,0,00,100,00,0,00
1780847326,10,0,00,0,00,100,00,0,00
1780847326,11,3,45,0,00,96,55,3,45
1780847326,0,0,00,0,00,100,00,0,00
1780847326,1,0,00,0,00,100,00,0,00
1780847326,2,0,00,0,00,100,00,0,00
1780847326,3,3,45,0,00,96,55,3,45
1780847326,4,100,00,0,00,0,00,100,00
1780847326,5,0,00,0,00,100,00,0,00
1780847326,6,0,00,0,00,100,00,0,00
1780847326,7,3,45,3,45,93,10,6,90
1780847326,8,0,00,3,45,96,55,3,45
1780847326,9,0,00,3,45,96,55,3,45
1780847326,10,0,00,0,00,100,00,0,00
1780847326,11,0,00,0,00,100,00,0,00
1780847327,0,3,45,6,90,89,66,10,34
1780847327,1,0,00,0,00,100,00,0,00
1780847327,2,0,00,0,00,100,00,0,00
1780847327,3,0,00,0,00,100,00,0,00
1780847327,4,100,00,0,00,0,00,100,00
1780847327,5,0,00,0,00,100,00,0,00
1780847327,6,0,00,0,00,100,00,0,00
1780847327,7,0,00,3,57,96,43,3,57
1780847327,8,0,00,0,00,100,00,0,00
1780847327,9,0,00,0,00,100,00,0,00
1780847327,10,0,00,0,00,100,00,0,00
1780847327,11,0,00,0,00,100,00,0,00
1780847328,0,0,00,3,45,96,55,3,45
1780847328,1,0,00,0,00,100,00,0,00
1780847328,2,0,00,0,00,100,00,0,00
1780847328,3,0,00,0,00,100,00,0,00
1780847328,4,100,00,0,00,0,00,100,00
1780847328,5,0,00,0,00,100,00,0,00
1780847328,6,0,00,0,00,100,00,0,00
1780847328,7,3,45,3,45,93,10,6,90
1780847328,8,3,57,3,57,92,86,7,14
1780847328,9,0,00,0,00,100,00,0,00
1780847328,10,0,00,0,00,100,00,0,00
1780847328,11,0,00,3,45,96,55,3,45
1780847328,0,0,00,3,45,96,55,3,45
1780847328,1,0,00,0,00,96,67,3,33
1780847328,2,0,00,3,33,96,67,3,33
1780847328,3,0,00,0,00,100,00,0,00
1780847328,4,100,00,0,00,0,00,100,00
1780847328,5,0,00,0,00,100,00,0,00
1780847328,6,0,00,0,00,100,00,0,00
1780847328,7,0,00,3,45,96,55,3,45
1780847328,8,0,00,6,90,93,10,6,90
1780847328,9,0,00,0,00,100,00,0,00
1780847328,10,0,00,0,00,100,00,0,00
1780847328,11,0,00,0,00,100,00,0,00
1780847329,0,0,00,0,00,100,00,0,00
1780847329,1,0,00,0,00,100,00,0,00
1780847329,2,0,00,0,00,100,00,0,00
1780847329,3,0,00,3,45,96,55,3,45
1780847329,4,100,00,0,00,0,00,100,00
1780847329,5,0,00,0,00,100,00,0,00
1780847329,6,0,00,0,00,100,00,0,00
1780847329,7,0,00,3,57,96,43,3,57
1780847329,8,0,00,0,00,100,00,0,00
1780847329,9,0,00,0,00,100,00,0,00
1780847329,10,0,00,0,00,100,00,0,00
1780847329,11,0,00,0,00,100,00,0,00
1780847330,0,0,00,0,00,100,00,0,00
1780847330,1,0,00,3,45,96,55,3,45
1780847330,2,0,00,7,14,92,86,7,14
1780847330,3,0,00,0,00,100,00,0,00
1780847330,4,100,00,0,00,0,00,100,00
1780847330,5,0,00,0,00,100,00,0,00
1780847330,6,0,00,0,00,100,00,0,00
1780847330,7,0,00,0,00,100,00,0,00
1780847330,8,0,00,0,00,100,00,0,00
1780847330,9,0,00,0,00,100,00,0,00
1780847330,10,0,00,0,00,100,00,0,00
1780847330,11,0,00,0,00,100,00,0,00
1780847330,0,0,00,0,00,100,00,0,00
1780847330,1,0,00,0,00,100,00,0,00
1780847330,2,3,45,6,90,89,66,10,34
1780847330,3,0,00,0,00,100,00,0,00
1780847330,4,100,00,0,00,0,00,100,00
1780847330,5,0,00,0,00,100,00,0,00
1780847330,6,0,00,0,00,100,00,0,00
1780847330,7,0,00,0,00,100,00,0,00
1780847330,8,0,00,0,00,100,00,0,00
1780847330,9,0,00,0,00,100,00,0,00
1780847330,10,0,00,0,00,100,00,0,00
1780847330,11,0,00,3,45,96,55,3,45
1780847331,0,0,00,0,00,100,00,0,00
1780847331,1,0,00,3,33,96,67,3,33
1780847331,2,0,00,0,00,100,00,0,00
1780847331,3,0,00,0,00,100,00,0,00
1780847331,4,100,00,0,00,0,00,100,00
1780847331,5,0,00,0,00,100,00,0,00
1780847331,6,0,00,6,90,93,10,6,90
1780847331,7,3,45,0,00,96,55,3,45
1780847331,8,3,33,6,67,90,00,10,00
1780847331,9,0,00,0,00,100,00,0,00
1780847331,10,0,00,0,00,100,00,0,00
1780847331,11,0,00,0,00,100,00,0,00
1780847331,0,0,00,0,00,100,00,0,00
1780847331,1,0,00,0,00,100,00,0,00
1780847331,2,0,00,0,00,100,00,0,00
1780847331,3,0,00,3,45,96,55,3,45
1780847331,4,100,00,0,00,0,00,100,00
1780847331,5,0,00,0,00,100,00,0,00
1780847331,6,0,00,3,45,96,55,3,45
1780847331,7,0,00,6,90,93,10,6,90
1780847331,8,0,00,0,00,100,00,0,00
1780847331,9,0,00,0,00,100,00,0,00
1780847331,10,0,00,0,00,100,00,0,00
1780847331,11,0,00,0,00,100,00,0,00
1780847332,0,0,00,0,00,100,00,0,00
1780847332,1,0,00,0,00,100,00,0,00
1780847332,2,0,00,0,00,100,00,0,00
1780847332,3,0,00,0,00,100,00,0,00
1780847332,4,100,00,0,00,0,00,100,00
1780847332,5,0,00,0,00,100,00,0,00
1780847332,6,0,00,3,45,96,55,3,45
1780847332,7,0,00,3,45,96,55,3,45
1780847332,8,0,00,7,14,92,86,7,14
1780847332,9,0,00,0,00,100,00,0,00
1780847332,10,0,00,0,00,100,00,0,00
1780847332,11,0,00,0,00,100,00,0,00
1780847333,0,0,00,3,45,96,55,3,45
1780847333,1,3,33,6,67,90,00,10,00
1780847333,2,0,00,3,45,96,55,3,45
1780847333,3,0,00,0,00,100,00,0,00
1780847333,4,100,00,0,00,0,00,100,00
1780847333,5,0,00,0,00,100,00,0,00
1780847333,6,0,00,0,00,100,00,0,00
1780847333,7,0,00,0,00,100,00,0,00
1780847333,8,0,00,0,00,100,00,0,00
1780847333,9,0,00,0,00,100,00,0,00
1780847333,10,0,00,0,00,100,00,0,00
1780847333,11,0,00,3,45,96,55,3,45
1780847333,0,0,00,0,00,100,00,0,00
1780847333,1,0,00,0,00,100,00,0,00
1780847333,2,0,00,0,00,100,00,0,00
1780847333,3,0,00,0,00,100,00,0,00
1780847333,4,100,00,0,00,0,00,100,00
1780847333,5,0,00,0,00,100,00,0,00
1780847333,6,0,00,6,90,93,10,6,90
1780847333,7,0,00,0,00,100,00,0,00
1780847333,8,0,00,0,00,100,00,0,00
1780847333,9,0,00,0,00,100,00,0,00
1780847333,10,0,00,0,00,100,00,0,00
1780847333,11,0,00,0,00,100,00,0,00
1780847334,0,0,00,0,00,100,00,0,00
1780847334,1,0,00,0,00,100,00,0,00
1780847334,2,0,00,3,45,96,55,3,45
1780847334,3,0,00,0,00,100,00,0,00
1780847334,4,100,00,0,00,0,00,100,00
1780847334,5,0,00,0,00,100,00,0,00
1780847334,6,0,00,7,14,92,86,7,14
1780847334,7,0,00,0,00,100,00,0,00
1780847334,8,0,00,0,00,100,00,0,00
1780847334,9,0,00,0,00,100,00,0,00
1780847334,10,0,00,0,00,100,00,0,00
1780847334,11,0,00,0,00,100,00,0,00
1780847335,0,3,33,10,00,86,67,13,33
1780847335,1,0,00,0,00,100,00,0,00
1780847335,2,0,00,0,00,100,00,0,00
1780847335,3,0,00,3,33,96,67,3,33
1780847335,4,100,00,0,00,0,00,100,00
1780847335,5,0,00,0,00,100,00,0,00
1780847335,6,0,00,0,00,100,00,0,00
1780847335,7,0,00,3,45,96,55,3,45
1780847335,8,0,00,0,00,100,00,0,00
1780847335,9,0,00,0,00,100,00,0,00
1780847335,10,0,00,0,00,100,00,0,00
1780847335,11,0,00,0,00,100,00,0,00
1780847335,0,0,00,0,00,100,00,0,00
1780847335,1,0,00,6,90,93,10,6,90
1780847335,2,0,00,3,45,96,55,3,45
1780847335,3,0,00,0,00,100,00,0,00
1780847335,4,100,00,0,00,0,00,100,00
1780847335,5,0,00,0,00,100,00,0,00
1780847335,6,0,00,0,00,100,00,0,00
1780847335,7,0,00,0,00,100,00,0,00
1780847335,8,0,00,0,00,100,00,0,00
1780847335,9,0,00,0,00,100,00,0,00
1780847335,10,0,00,0,00,100,00,0,00
1780847335,11,0,00,0,00,100,00,0,00
1780847336,0,0,00,0,00,100,00,0,00
1780847336,1,0,00,0,00,100,00,0,00
1780847336,2,0,00,0,00,100,00,0,00
1780847336,3,0,00,0,00,100,00,0,00
1780847336,4,100,00,0,00,0,00,100,00
1780847336,5,0,00,0,00,100,00,0,00
1780847336,6,0,00,0,00,100,00,0,00
1780847336,7,0,00,7,14,92,86,7,14
1780847336,8,0,00,3,45,96,55,3,45
1780847336,9,0,00,0,00,100,00,0,00
1780847336,10,0,00,0,00,100,00,0,00
1780847336,11,0,00,3,45,96,55,3,45
1780847337,0,0,00,0,00,100,00,0,00
1780847337,1,3,45,3,45,93,10,6,90
1780847337,2,0,00,0,00,100,00,0,00
1780847337,3,0,00,0,00,100,00,0,00
1780847337,4,100,00,0,00,0,00,100,00
1780847337,5,0,00,3,33,96,67,3,33
1780847337,6,0,00,0,00,100,00,0,00
1780847337,7,0,00,0,00,100,00,0,00
1780847337,8,0,00,3,45,96,55,3,45
1780847337,9,0,00,0,00,100,00,0,00
1780847337,10,0,00,0,00,100,00,0,00
1780847337,11,0,00,0,00,100,00,0,00
1780847337,0,3,45,3,45,93,10,6,90
1780847337,1,0,00,0,00,100,00,0,00
1780847337,2,0,00,0,00,100,00,0,00
1780847337,3,0,00,0,00,100,00,0,00
1780847337,4,0,00,0,00,100,00,0,00
1780847337,5,0,00,0,00,100,00,0,00
1780847337,6,0,00,0,00,100,00,0,00
1780847337,7,0,00,0,00,100,00,0,00
1780847337,8,0,00,0,00,100,00,0,00
1780847337,9,0,00,0,00,100,00,0,00
1780847337,10,100,00,0,00,0,00,100,00
1780847337,11,0,00,0,00,100,00,0,00
1780847338,0,0,00,0,00,100,00,0,00
1780847338,1,0,00,0,00,100,00,0,00
1780847338,2,0,00,3,45,96,55,3,45
1780847338,3,0,00,0,00,100,00,0,00
1780847338,4,0,00,0,00,100,00,0,00
1780847338,5,3,33,3,33,93,33,6,67
1780847338,6,0,00,7,14,92,86,7,14
1780847338,7,0,00,3,45,96,55,3,45
1780847338,8,0,00,0,00,100,00,0,00
1780847338,9,0,00,0,00,100,00,0,00
1780847338,10,100,00,0,00,0,00,100,00
1780847338,11,0,00,0,00,100,00,0,00
1780847339,0,0,00,0,00,100,00,0,00
1780847339,1,0,00,0,00,100,00,0,00
1780847339,2,0,00,0,00,100,00,0,00
1780847339,3,0,00,0,00,100,00,0,00
1780847339,4,0,00,0,00,100,00,0,00
1780847339,5,0,00,0,00,100,00,0,00
1780847339,6,3,57,3,57,92,86,7,14
1780847339,7,0,00,3,57,96,43,3,57
1780847339,8,0,00,3,33,96,67,3,33
1780847339,9,0,00,0,00,100,00,0,00
1780847339,10,100,00,0,00,0,00,100,00
1780847339,11,0,00,0,00,100,00,0,00
1780847339,0,0,00,0,00,100,00,0,00
1780847339,1,0,00,0,00,100,00,0,00
1780847339,2,0,00,0,00,100,00,0,00
1780847339,3,0,00,0,00,100,00,0,00
1780847339,4,0,00,0,00,100,00,0,00
1780847339,5,0,00,0,00,100,00,0,00
1780847339,6,0,00,6,90,93,10,6,90
1780847339,7,0,00,3,57,96,43,3,57
1780847339,8,0,00,0,00,100,00,0,00
1780847339,9,3,33,3,33,93,33,6,67
1780847339,10,100,00,0,00,0,00,100,00
1780847339,11,0,00,0,00,100,00,0,00
1780847340,0,0,00,7,14,92,86,7,14
1780847340,1,0,00,0,00,100,00,0,00
1780847340,2,0,00,0,00,100,00,0,00
1780847340,3,0,00,0,00,100,00,0,00
1780847340,4,0,00,0,00,100,00,0,00
1780847340,5,0,00,0,00,100,00,0,00
1780847340,6,0,00,0,00,100,00,0,00
1780847340,7,0,00,3,45,96,55,3,45
1780847340,8,0,00,3,45,96,55,3,45
1780847340,9,0,00,0,00,100,00,0,00
1780847340,10,100,00,0,00,0,00,100,00
1780847340,11,0,00,0,00,100,00,0,00
1780847340,0,0,00,0,00,100,00,0,00
1780847340,1,0,00,0,00,100,00,0,00
1780847340,2,0,00,3,45,96,55,3,45
1780847340,3,0,00,0,00,100,00,0,00
1780847340,4,0,00,0,00,100,00,0,00
1780847340,5,0,00,0,00,100,00,0,00
1780847340,6,0,00,6,90,93,10,6,90
1780847340,7,0,00,3,45,96,55,3,45
1780847340,8,0,00,3,45,96,55,3,45
1780847340,9,0,00,0,00,100,00,0,00
1780847340,10,100,00,0,00,0,00,100,00
1780847340,11,0,00,0,00,100,00,0,00
1780847341,0,3,33,6,67,90,00,10,00
1780847341,1,0,00,3,45,96,55,3,45
1780847341,2,0,00,0,00,100,00,0,00
1780847341,3,0,00,0,00,100,00,0,00
1780847341,4,0,00,0,00,100,00,0,00
1780847341,5,0,00,0,00,100,00,0,00
1780847341,6,0,00,0,00,100,00,0,00
1780847341,7,0,00,0,00,100,00,0,00
1780847341,8,0,00,0,00,100,00,0,00
1780847341,9,0,00,3,45,96,55,3,45
1780847341,10,100,00,0,00,0,00,100,00
1780847341,11,0,00,3,33,96,67,3,33
1780847342,0,0,00,0,00,100,00,0,00
1780847342,1,0,00,0,00,100,00,0,00
1780847342,2,0,00,0,00,100,00,0,00
1780847342,3,0,00,0,00,100,00,0,00
1780847342,4,0,00,0,00,100,00,0,00
1780847342,5,0,00,0,00,100,00,0,00
1780847342,6,0,00,0,00,100,00,0,00
1780847342,7,0,00,6,90,93,10,6,90
1780847342,8,0,00,3,45,96,55,3,45
1780847342,9,0,00,0,00,100,00,0,00
1780847342,10,100,00,0,00,0,00,100,00
1780847342,11,3,45,0,00,96,55,3,45
1780847342,0,0,00,3,70,96,30,3,70
1780847342,1,0,00,3,33,96,67,3,33
1780847342,2,0,00,0,00,100,00,0,00
1780847342,3,0,00,0,00,100,00,0,00
1780847342,4,0,00,0,00,100,00,0,00
1780847342,5,0,00,0,00,100,00,0,00
1780847342,6,3,33,0,00,96,67,3,33
1780847342,7,0,00,0,00,100,00,0,00
1780847342,8,0,00,0,00,100,00,0,00
1780847342,9,0,00,3,45,96,55,3,45
1780847342,10,100,00,0,00,0,00,100,00
1780847342,11,0,00,0,00,100,00,0,00
1780847343,0,0,00,3,33,96,67,3,33
1780847343,1,0,00,0,00,100,00,0,00
1780847343,2,0,00,6,67,93,33,6,67
1780847343,3,0,00,0,00,100,00,0,00
1780847343,4,0,00,0,00,100,00,0,00
1780847343,5,0,00,0,00,100,00,0,00
1780847343,6,0,00,0,00,100,00,0,00
1780847343,7,0,00,7,14,92,86,7,14
1780847343,8,0,00,0,00,100,00,0,00
1780847343,9,0,00,3,45,96,55,3,45
1780847343,10,100,00,0,00,0,00,100,00
1780847343,11,0,00,0,00,100,00,0,00
1780847344,0,0,00,3,70,96,30,3,70
1780847344,1,0,00,0,00,100,00,0,00
1780847344,2,0,00,0,00,100,00,0,00
1780847344,3,0,00,0,00,100,00,0,00
1780847344,4,0,00,0,00,100,00,0,00
1780847344,5,0,00,0,00,100,00,0,00
1780847344,6,0,00,0,00,100,00,0,00
1780847344,7,0,00,3,45,96,55,3,45
1780847344,8,0,00,3,45,96,55,3,45
1780847344,9,0,00,0,00,100,00,0,00
1780847344,10,100,00,0,00,0,00,100,00
1780847344,11,0,00,0,00,100,00,0,00
1780847344,0,3,33,6,67,90,00,10,00
1780847344,1,3,33,3,33,93,33,6,67
1780847344,2,0,00,0,00,100,00,0,00
1780847344,3,0,00,0,00,100,00,0,00
1780847344,4,0,00,0,00,100,00,0,00
1780847344,5,0,00,0,00,100,00,0,00
1780847344,6,0,00,0,00,100,00,0,00
1780847344,7,0,00,0,00,100,00,0,00
1780847344,8,0,00,0,00,100,00,0,00
1780847344,9,0,00,0,00,100,00,0,00
1780847344,10,100,00,0,00,0,00,100,00
1780847344,11,0,00,0,00,100,00,0,00
1780847345,0,0,00,10,34,89,66,10,34
1780847345,1,0,00,0,00,100,00,0,00
1780847345,2,0,00,0,00,100,00,0,00
1780847345,3,0,00,0,00,100,00,0,00
1780847345,4,0,00,0,00,100,00,0,00
1780847345,5,0,00,0,00,100,00,0,00
1780847345,6,0,00,0,00,100,00,0,00
1780847345,7,0,00,0,00,100,00,0,00
1780847345,8,0,00,0,00,100,00,0,00
1780847345,9,0,00,0,00,100,00,0,00
1780847345,10,100,00,0,00,0,00,100,00
1780847345,11,0,00,0,00,100,00,0,00
1780847346,0,0,00,3,45,96,55,3,45
1780847346,1,0,00,0,00,100,00,0,00
1780847346,2,0,00,0,00,100,00,0,00
1780847346,3,0,00,0,00,100,00,0,00
1780847346,4,0,00,0,00,100,00,0,00
1780847346,5,0,00,3,45,96,55,3,45
1780847346,6,0,00,0,00,100,00,0,00
1780847346,7,0,00,0,00,100,00,0,00
1780847346,8,0,00,7,14,92,86,7,14
1780847346,9,0,00,0,00,100,00,0,00
1780847346,10,100,00,0,00,0,00,100,00
1780847346,11,0,00,0,00,100,00,0,00
1780847346,0,0,00,0,00,100,00,0,00
1780847346,1,3,33,6,67,90,00,10,00
1780847346,2,0,00,0,00,100,00,0,00
1780847346,3,0,00,0,00,100,00,0,00
1780847346,4,0,00,0,00,100,00,0,00
1780847346,5,0,00,0,00,100,00,0,00
1780847346,6,0,00,0,00,100,00,0,00
1780847346,7,0,00,0,00,100,00,0,00
1780847346,8,0,00,0,00,100,00,0,00
1780847346,9,0,00,0,00,100,00,0,00
1780847346,10,100,00,0,00,0,00,100,00
1780847346,11,0,00,0,00,100,00,0,00
1780847347,0,0,00,3,45,96,55,3,45
1780847347,1,0,00,0,00,100,00,0,00
1780847347,2,3,57,3,57,92,86,7,14
1780847347,3,0,00,3,33,96,67,3,33
1780847347,4,0,00,0,00,100,00,0,00
1780847347,5,0,00,0,00,100,00,0,00
1780847347,6,0,00,0,00,100,00,0,00
1780847347,7,0,00,0,00,100,00,0,00
1780847347,8,0,00,0,00,100,00,0,00
1780847347,9,0,00,0,00,100,00,0,00
1780847347,10,100,00,0,00,0,00,100,00
1780847347,11,0,00,0,00,100,00,0,00
1780847348,0,0,00,3,45,96,55,3,45
1780847348,1,0,00,3,45,96,55,3,45
1780847348,2,0,00,0,00,100,00,0,00
1780847348,3,0,00,0,00,100,00,0,00
1780847348,4,0,00,0,00,100,00,0,00
1780847348,5,0,00,0,00,100,00,0,00
1780847348,6,3,45,6,90,89,66,10,34
1780847348,7,0,00,0,00,100,00,0,00
1780847348,8,0,00,0,00,100,00,0,00
1780847348,9,0,00,0,00,100,00,0,00
1780847348,10,100,00,0,00,0,00,100,00
1780847348,11,0,00,0,00,100,00,0,00
1780847348,0,0,00,0,00,100,00,0,00
1780847348,1,0,00,3,33,96,67,3,33
1780847348,2,0,00,6,90,93,10,6,90
1780847348,3,0,00,0,00,100,00,0,00
1780847348,4,0,00,0,00,100,00,0,00
1780847348,5,0,00,3,33,96,67,3,33
1780847348,6,0,00,3,45,96,55,3,45
1780847348,7,0,00,3,57,96,43,3,57
1780847348,8,0,00,0,00,100,00,0,00
1780847348,9,0,00,0,00,100,00,0,00
1780847348,10,100,00,0,00,0,00,100,00
1780847348,11,0,00,0,00,100,00,0,00
1780847349,0,0,00,0,00,100,00,0,00
1780847349,1,0,00,3,33,96,67,3,33
1780847349,2,0,00,0,00,100,00,0,00
1780847349,3,0,00,0,00,100,00,0,00
1780847349,4,0,00,0,00,100,00,0,00
1780847349,5,0,00,0,00,100,00,0,00
1780847349,6,0,00,3,45,96,55,3,45
1780847349,7,0,00,0,00,100,00,0,00
1780847349,8,0,00,3,57,96,43,3,57
1780847349,9,0,00,0,00,100,00,0,00
1780847349,10,100,00,0,00,0,00,100,00
1780847349,11,0,00,0,00,100,00,0,00
1780847350,0,0,00,0,00,100,00,0,00
1780847350,1,0,00,0,00,100,00,0,00
1780847350,2,0,00,0,00,100,00,0,00
1780847350,3,0,00,0,00,100,00,0,00
1780847350,4,100,00,0,00,0,00,100,00
1780847350,5,0,00,0,00,100,00,0,00
1780847350,6,3,33,3,33,93,33,6,67
1780847350,7,0,00,0,00,100,00,0,00
1780847350,8,0,00,7,14,92,86,7,14
1780847350,9,0,00,0,00,100,00,0,00
1780847350,10,0,00,0,00,100,00,0,00
1780847350,11,0,00,3,45,96,55,3,45
1780847350,0,0,00,0,00,100,00,0,00
1780847350,1,0,00,7,14,92,86,7,14
1780847350,2,0,00,3,45,96,55,3,45
1780847350,3,0,00,0,00,100,00,0,00
1780847350,4,100,00,0,00,0,00,100,00
1780847350,5,0,00,3,45,96,55,3,45
1780847350,6,0,00,0,00,100,00,0,00
1780847350,7,0,00,0,00,100,00,0,00
1780847350,8,0,00,0,00,100,00,0,00
1780847350,9,0,00,0,00,100,00,0,00
1780847350,10,0,00,0,00,100,00,0,00
1780847350,11,0,00,0,00,100,00,0,00
1780847351,0,0,00,3,70,96,30,3,70
1780847351,1,0,00,3,45,96,55,3,45
1780847351,2,0,00,3,45,96,55,3,45
1780847351,3,0,00,0,00,100,00,0,00
1780847351,4,100,00,0,00,0,00,100,00
1780847351,5,0,00,0,00,100,00,0,00
1780847351,6,0,00,3,57,96,43,3,57
1780847351,7,0,00,0,00,100,00,0,00
1780847351,8,0,00,0,00,100,00,0,00
1780847351,9,0,00,3,45,96,55,3,45
1780847351,10,0,00,0,00,100,00,0,00
1780847351,11,0,00,0,00,100,00,0,00
1780847351,0,0,00,0,00,100,00,0,00
1780847351,1,3,33,10,00,86,67,13,33
1780847351,2,0,00,0,00,100,00,0,00
1780847351,3,0,00,0,00,100,00,0,00
1780847351,4,100,00,0,00,0,00,100,00
1780847351,5,0,00,0,00,100,00,0,00
1780847351,6,0,00,3,33,96,67,3,33
1780847351,7,0,00,0,00,100,00,0,00
1780847351,8,0,00,0,00,100,00,0,00
1780847351,9,0,00,0,00,100,00,0,00
1780847351,10,0,00,0,00,100,00,0,00
1780847351,11,0,00,0,00,100,00,0,00
1780847352,0,0,00,0,00,100,00,0,00
1780847352,1,0,00,0,00,100,00,0,00
1780847352,2,0,00,0,00,100,00,0,00
1780847352,3,0,00,0,00,100,00,0,00
1780847352,4,100,00,0,00,0,00,100,00
1780847352,5,0,00,0,00,100,00,0,00
1780847352,6,0,00,3,45,96,55,3,45
1780847352,7,0,00,0,00,100,00,0,00
1780847352,8,0,00,6,90,93,10,6,90
1780847352,9,0,00,0,00,100,00,0,00
1780847352,10,0,00,0,00,100,00,0,00
1780847352,11,0,00,0,00,100,00,0,00
1780847353,0,0,00,0,00,100,00,0,00
1780847353,1,0,00,0,00,100,00,0,00
1780847353,2,0,00,7,14,92,86,7,14
1780847353,3,0,00,0,00,100,00,0,00
1780847353,4,100,00,0,00,0,00,100,00
1780847353,5,0,00,3,33,96,67,3,33
1780847353,6,0,00,3,45,96,55,3,45
1780847353,7,0,00,0,00,100,00,0,00
1780847353,8,0,00,0,00,100,00,0,00
1780847353,9,0,00,0,00,100,00,0,00
1780847353,10,0,00,0,00,100,00,0,00
1780847353,11,0,00,0,00,100,00,0,00
1780847353,0,0,00,0,00,100,00,0,00
1780847353,1,0,00,0,00,100,00,0,00
1780847353,2,0,00,3,45,96,55,3,45
1780847353,3,0,00,0,00,100,00,0,00
1780847353,4,100,00,0,00,0,00,100,00
1780847353,5,0,00,0,00,100,00,0,00
1780847353,6,0,00,3,45,96,55,3,45
1780847353,7,0,00,3,57,96,43,3,57
1780847353,8,0,00,0,00,100,00,0,00
1780847353,9,0,00,0,00,100,00,0,00
1780847353,10,0,00,0,00,100,00,0,00
1780847353,11,0,00,0,00,100,00,0,00
1780847354,0,0,00,0,00,100,00,0,00
1780847354,1,0,00,0,00,100,00,0,00
1780847354,2,0,00,6,90,93,10,6,90
1780847354,3,0,00,0,00,100,00,0,00
1780847354,4,100,00,0,00,0,00,100,00
1780847354,5,3,33,3,33,93,33,6,67
1780847354,6,3,33,3,33,93,33,6,67
1780847354,7,0,00,0,00,100,00,0,00
1780847354,8,0,00,0,00,100,00,0,00
1780847354,9,0,00,0,00,100,00,0,00
1780847354,10,0,00,0,00,100,00,0,00
1780847354,11,0,00,0,00,100,00,0,00
1780847355,0,0,00,0,00,100,00,0,00
1780847355,1,0,00,10,34,89,66,10,34
1780847355,2,0,00,0,00,100,00,0,00
1780847355,3,0,00,0,00,100,00,0,00
1780847355,4,100,00,0,00,0,00,100,00
1780847355,5,0,00,0,00,100,00,0,00
1780847355,6,0,00,0,00,100,00,0,00
1780847355,7,0,00,0,00,100,00,0,00
1780847355,8,0,00,0,00,100,00,0,00
1780847355,9,0,00,3,45,96,55,3,45
1780847355,10,0,00,0,00,100,00,0,00
1780847355,11,0,00,0,00,100,00,0,00
1780847355,0,3,45,3,45,93,10,6,90
1780847355,1,0,00,0,00,100,00,0,00
1780847355,2,3,33,6,67,90,00,10,00
1780847355,3,0,00,0,00,100,00,0,00
1780847355,4,100,00,0,00,0,00,100,00
1780847355,5,0,00,0,00,100,00,0,00
1780847355,6,0,00,0,00,100,00,0,00
1780847355,7,0,00,0,00,100,00,0,00
1780847355,8,0,00,0,00,100,00,0,00
1780847355,9,0,00,0,00,100,00,0,00
1780847355,10,0,00,0,00,100,00,0,00
1780847355,11,0,00,0,00,100,00,0,00
1780847356,0,0,00,3,45,96,55,3,45
1780847356,1,0,00,0,00,100,00,0,00
1780847356,2,0,00,0,00,100,00,0,00
1780847356,3,0,00,0,00,100,00,0,00
1780847356,4,100,00,0,00,0,00,100,00
1780847356,5,0,00,0,00,100,00,0,00
1780847356,6,0,00,0,00,100,00,0,00
1780847356,7,3,33,6,67,90,00,10,00
1780847356,8,0,00,0,00,100,00,0,00
1780847356,9,0,00,0,00,100,00,0,00
1780847356,10,0,00,0,00,100,00,0,00
1780847356,11,0,00,0,00,100,00,0,00
1780847357,0,0,00,0,00,100,00,0,00
1780847357,1,0,00,7,14,92,86,7,14
1780847357,2,0,00,0,00,100,00,0,00
1780847357,3,0,00,0,00,100,00,0,00
1780847357,4,100,00,0,00,0,00,100,00
1780847357,5,0,00,0,00,100,00,0,00
1780847357,6,0,00,0,00,100,00,0,00
1780847357,7,0,00,0,00,100,00,0,00
1780847357,8,0,00,0,00,100,00,0,00
1780847357,9,0,00,3,57,96,43,3,57
1780847357,10,0,00,0,00,100,00,0,00
1780847357,11,0,00,3,33,96,67,3,33
1780847357,0,0,00,0,00,100,00,0,00
1780847357,1,0,00,6,90,93,10,6,90
1780847357,2,0,00,3,45,96,55,3,45
1780847357,3,0,00,0,00,100,00,0,00
1780847357,4,100,00,0,00,0,00,100,00
1780847357,5,0,00,3,45,96,55,3,45
1780847357,6,0,00,0,00,100,00,0,00
1780847357,7,0,00,0,00,100,00,0,00
1780847357,8,0,00,0,00,100,00,0,00
1780847357,9,0,00,0,00,100,00,0,00
1780847357,10,0,00,0,00,100,00,0,00
1780847357,11,0,00,0,00,100,00,0,00
1780847358,0,0,00,0,00,100,00,0,00
1780847358,1,0,00,0,00,100,00,0,00
1780847358,2,0,00,6,90,93,10,6,90
1780847358,3,0,00,0,00,100,00,0,00
1780847358,4,100,00,0,00,0,00,100,00
1780847358,5,0,00,0,00,100,00,0,00
1780847358,6,0,00,3,33,96,67,3,33
1780847358,7,0,00,3,33,96,67,3,33
1780847358,8,0,00,0,00,100,00,0,00
1780847358,9,0,00,0,00,100,00,0,00
1780847358,10,0,00,0,00,100,00,0,00
1780847358,11,0,00,0,00,100,00,0,00
1780847359,0,0,00,0,00,100,00,0,00
1780847359,1,0,00,3,57,96,43,3,57
1780847359,2,0,00,3,45,96,55,3,45
1780847359,3,0,00,0,00,100,00,0,00
1780847359,4,100,00,0,00,0,00,100,00
1780847359,5,0,00,0,00,100,00,0,00
1780847359,6,0,00,3,57,96,43,3,57
1780847359,7,0,00,0,00,100,00,0,00
1780847359,8,0,00,0,00,100,00,0,00
1780847359,9,0,00,0,00,100,00,0,00
1780847359,10,0,00,0,00,100,00,0,00
1780847359,11,0,00,0,00,100,00,0,00
1780847359,0,20,00,6,67,70,00,30,00
1780847359,1,0,00,3,57,96,43,3,57
1780847359,2,3,57,3,57,92,86,7,14
1780847359,3,0,00,0,00,100,00,0,00
1780847359,4,82,76,17,24,0,00,100,00
1780847359,5,0,00,3,45,96,55,3,45
1780847359,6,0,00,3,57,96,43,3,57
1780847359,7,3,33,6,67,90,00,10,00
1780847359,8,25,93,48,15,25,93,74,07
1780847359,9,0,00,0,00,100,00,0,00
1780847359,10,0,00,0,00,100,00,0,00
1780847359,11,0,00,0,00,100,00,0,00
1780847360,0,3,45,3,45,89,66,10,34
1780847360,1,3,33,6,67,90,00,10,00
1780847360,2,3,45,10,34,82,76,17,24
1780847360,3,100,00,0,00,0,00,100,00
1780847360,4,0,00,0,00,100,00,0,00
1780847360,5,0,00,0,00,100,00,0,00
1780847360,6,0,00,3,45,96,55,3,45
1780847360,7,3,45,3,45,93,10,6,90
1780847360,8,0,00,6,90,93,10,6,90
1780847360,9,3,45,0,00,96,55,3,45
1780847360,10,0,00,0,00,100,00,0,00
1780847360,11,3,33,3,33,93,33,6,67
1780847360,0,0,00,7,14,92,86,7,14
1780847360,1,0,00,3,45,96,55,3,45
1780847360,2,3,45,0,00,96,55,3,45
1780847360,3,100,00,0,00,0,00,100,00
1780847360,4,0,00,3,45,96,55,3,45
1780847360,5,0,00,3,33,96,67,3,33
1780847360,6,0,00,0,00,100,00,0,00
1780847360,7,0,00,0,00,100,00,0,00
1780847360,8,0,00,0,00,100,00,0,00
1780847360,9,0,00,0,00,100,00,0,00
1780847360,10,0,00,0,00,100,00,0,00
1780847360,11,0,00,0,00,100,00,0,00
1780847361,0,7,14,7,14,85,71,14,29
1780847361,1,3,57,0,00,96,43,3,57
1780847361,2,24,14,10,34,65,52,34,48
1780847361,3,100,00,0,00,0,00,100,00
1780847361,4,3,45,0,00,96,55,3,45
1780847361,5,0,00,3,57,96,43,3,57
1780847361,6,0,00,3,45,96,55,3,45
1780847361,7,7,14,3,57,89,29,10,71
1780847361,8,7,14,0,00,92,86,7,14
1780847361,9,0,00,0,00,100,00,0,00
1780847361,10,0,00,3,45,96,55,3,45
1780847361,11,0,00,3,33,96,67,3,33
1780847362,0,0,00,0,00,100,00,0,00
1780847362,1,3,45,6,90,89,66,10,34
1780847362,2,0,00,3,45,96,55,3,45
1780847362,3,100,00,0,00,0,00,100,00
1780847362,4,0,00,0,00,100,00,0,00
1780847362,5,0,00,0,00,100,00,0,00
1780847362,6,0,00,0,00,100,00,0,00
1780847362,7,0,00,0,00,100,00,0,00
1780847362,8,3,57,0,00,96,43,3,57
1780847362,9,0,00,0,00,100,00,0,00
1780847362,10,0,00,0,00,100,00,0,00
1780847362,11,0,00,0,00,100,00,0,00
1780847362,0,0,00,3,57,96,43,3,57
1780847362,1,0,00,3,57,96,43,3,57
1780847362,2,0,00,3,57,96,43,3,57
1780847362,3,100,00,0,00,0,00,100,00
1780847362,4,0,00,0,00,100,00,0,00
1780847362,5,0,00,0,00,100,00,0,00
1780847362,6,0,00,3,45,96,55,3,45
1780847362,7,0,00,0,00,100,00,0,00
1780847362,8,7,69,0,00,92,31,7,69
1780847362,9,0,00,0,00,100,00,0,00
1780847362,10,0,00,6,90,93,10,6,90
1780847362,11,0,00,3,45,96,55,3,45
1780847363,0,0,00,0,00,100,00,0,00
1780847363,1,0,00,3,45,96,55,3,45
1780847363,2,0,00,0,00,100,00,0,00
1780847363,3,100,00,0,00,0,00,100,00
1780847363,4,0,00,0,00,100,00,0,00
1780847363,5,0,00,0,00,100,00,0,00
1780847363,6,3,45,6,90,89,66,10,34
1780847363,7,0,00,0,00,100,00,0,00
1780847363,8,0,00,0,00,100,00,0,00
1780847363,9,0,00,0,00,100,00,0,00
1780847363,10,0,00,0,00,100,00,0,00
1780847363,11,0,00,0,00,100,00,0,00
1780847364,0,3,45,3,45,93,10,6,90
1780847364,1,0,00,3,57,96,43,3,57
1780847364,2,0,00,3,33,96,67,3,33
1780847364,3,100,00,0,00,0,00,100,00
1780847364,4,0,00,0,00,100,00,0,00
1780847364,5,0,00,0,00,100,00,0,00
1780847364,6,0,00,0,00,100,00,0,00
1780847364,7,0,00,0,00,100,00,0,00
1780847364,8,6,90,3,45,89,66,10,34
1780847364,9,0,00,0,00,100,00,0,00
1780847364,10,0,00,7,14,92,86,7,14
1780847364,11,0,00,0,00,100,00,0,00
1780847364,0,0,00,0,00,100,00,0,00
1780847364,1,0,00,3,45,96,55,3,45
1780847364,2,0,00,0,00,100,00,0,00
1780847364,3,100,00,0,00,0,00,100,00
1780847364,4,0,00,0,00,100,00,0,00
1780847364,5,3,33,3,33,93,33,6,67
1780847364,6,3,45,6,90,89,66,10,34
1780847364,7,0,00,0,00,100,00,0,00
1780847364,8,0,00,0,00,100,00,0,00
1780847364,9,0,00,0,00,100,00,0,00
1780847364,10,0,00,0,00,100,00,0,00
1780847364,11,0,00,0,00,100,00,0,00
1780847365,0,0,00,0,00,100,00,0,00
1780847365,1,0,00,0,00,100,00,0,00
1780847365,2,0,00,3,45,96,55,3,45
1780847365,3,100,00,0,00,0,00,100,00
1780847365,4,0,00,0,00,100,00,0,00
1780847365,5,0,00,0,00,100,00,0,00
1780847365,6,0,00,0,00,100,00,0,00
1780847365,7,0,00,6,90,93,10,6,90
1780847365,8,0,00,0,00,100,00,0,00
1780847365,9,0,00,0,00,100,00,0,00
1780847365,10,0,00,0,00,100,00,0,00
1780847365,11,0,00,0,00,100,00,0,00
1780847366,0,3,57,10,71,85,71,14,29
1780847366,1,0,00,3,57,96,43,3,57
1780847366,2,0,00,6,90,93,10,6,90
1780847366,3,100,00,0,00,0,00,100,00
1780847366,4,0,00,0,00,100,00,0,00
1780847366,5,0,00,3,33,96,67,3,33
1780847366,6,0,00,0,00,100,00,0,00
1780847366,7,0,00,0,00,100,00,0,00
1780847366,8,3,57,3,57,92,86,7,14
1780847366,9,0,00,0,00,100,00,0,00
1780847366,10,0,00,0,00,100,00,0,00
1780847366,11,0,00,0,00,100,00,0,00
1780847366,0,0,00,0,00,100,00,0,00
1780847366,1,0,00,0,00,100,00,0,00
1780847366,2,0,00,0,00,100,00,0,00
1780847366,3,14,29,0,00,85,71,14,29
1780847366,4,0,00,0,00,100,00,0,00
1780847366,5,0,00,3,45,96,55,3,45
1780847366,6,0,00,0,00,100,00,0,00
1780847366,7,0,00,0,00,100,00,0,00
1780847366,8,0,00,7,14,92,86,7,14
1780847366,9,85,71,0,00,14,29,85,71
1780847366,10,0,00,0,00,100,00,0,00
1780847366,11,0,00,0,00,100,00,0,00
1780847367,0,0,00,3,70,96,30,3,70
1780847367,1,0,00,0,00,100,00,0,00
1780847367,2,0,00,0,00,100,00,0,00
1780847367,3,0,00,0,00,100,00,0,00
1780847367,4,0,00,3,45,96,55,3,45
1780847367,5,0,00,0,00,100,00,0,00
1780847367,6,0,00,0,00,100,00,0,00
1780847367,7,0,00,0,00,100,00,0,00
1780847367,8,0,00,0,00,100,00,0,00
1780847367,9,100,00,0,00,0,00,100,00
1780847367,10,0,00,0,00,100,00,0,00
1780847367,11,0,00,0,00,100,00,0,00
1780847368,0,3,57,3,57,92,86,7,14
1780847368,1,0,00,6,67,93,33,6,67
1780847368,2,0,00,0,00,100,00,0,00
1780847368,3,0,00,0,00,100,00,0,00
1780847368,4,0,00,0,00,100,00,0,00
1780847368,5,0,00,0,00,100,00,0,00
1780847368,6,0,00,0,00,100,00,0,00
1780847368,7,0,00,0,00,100,00,0,00
1780847368,8,0,00,0,00,100,00,0,00
1780847368,9,100,00,0,00,0,00,100,00
1780847368,10,0,00,0,00,100,00,0,00
1780847368,11,3,33,0,00,96,67,3,33
1780847368,0,0,00,0,00,100,00,0,00
1780847368,1,0,00,0,00,100,00,0,00
1780847368,2,0,00,0,00,100,00,0,00
1780847368,3,0,00,0,00,100,00,0,00
1780847368,4,0,00,0,00,100,00,0,00
1780847368,5,0,00,0,00,100,00,0,00
1780847368,6,0,00,0,00,100,00,0,00
1780847368,7,0,00,0,00,100,00,0,00
1780847368,8,0,00,6,90,93,10,6,90
1780847368,9,100,00,0,00,0,00,100,00
1780847368,10,0,00,3,33,96,67,3,33
1780847368,11,0,00,0,00,100,00,0,00
1780847369,0,0,00,10,71,89,29,10,71
1780847369,1,0,00,3,57,96,43,3,57
1780847369,2,3,45,6,90,89,66,10,34
1780847369,3,0,00,0,00,100,00,0,00
1780847369,4,0,00,0,00,100,00,0,00
1780847369,5,0,00,0,00,100,00,0,00
1780847369,6,0,00,0,00,100,00,0,00
1780847369,7,3,45,0,00,96,55,3,45
1780847369,8,0,00,0,00,100,00,0,00
1780847369,9,100,00,0,00,0,00,100,00
1780847369,10,0,00,0,00,100,00,0,00
1780847369,11,0,00,3,45,96,55,3,45
1780847369,0,0,00,0,00,100,00,0,00
1780847369,1,0,00,3,45,96,55,3,45
1780847369,2,0,00,0,00,100,00,0,00
1780847369,3,86,21,0,00,13,79,86,21
1780847369,4,0,00,0,00,100,00,0,00
1780847369,5,0,00,0,00,100,00,0,00
1780847369,6,0,00,0,00,100,00,0,00
1780847369,7,0,00,3,33,96,67,3,33
1780847369,8,0,00,3,57,96,43,3,57
1780847369,9,13,79,0,00,86,21,13,79
1780847369,10,0,00,0,00,100,00,0,00
1780847369,11,0,00,0,00,100,00,0,00
1780847370,0,0,00,3,57,96,43,3,57
1780847370,1,3,45,6,90,89,66,10,34
1780847370,2,0,00,0,00,100,00,0,00
1780847370,3,100,00,0,00,0,00,100,00
1780847370,4,0,00,3,45,96,55,3,45
1780847370,5,0,00,0,00,100,00,0,00
1780847370,6,0,00,0,00,100,00,0,00
1780847370,7,0,00,0,00,100,00,0,00
1780847370,8,0,00,0,00,100,00,0,00
1780847370,9,0,00,0,00,100,00,0,00
1780847370,10,0,00,0,00,100,00,0,00
1780847370,11,0,00,0,00,100,00,0,00
1780847371,0,0,00,0,00,100,00,0,00
1780847371,1,0,00,7,14,92,86,7,14
1780847371,2,0,00,0,00,100,00,0,00
1780847371,3,100,00,0,00,0,00,100,00
1780847371,4,0,00,0,00,100,00,0,00
1780847371,5,0,00,0,00,100,00,0,00
1780847371,6,0,00,0,00,100,00,0,00
1780847371,7,0,00,0,00,100,00,0,00
1780847371,8,0,00,0,00,100,00,0,00
1780847371,9,0,00,0,00,100,00,0,00
1780847371,10,0,00,0,00,100,00,0,00
1780847371,11,0,00,0,00,100,00,0,00
1780847371,0,0,00,7,14,92,86,7,14
1780847371,1,0,00,3,45,96,55,3,45
1780847371,2,0,00,3,33,96,67,3,33
1780847371,3,100,00,0,00,0,00,100,00
1780847371,4,0,00,0,00,100,00,0,00
1780847371,5,0,00,0,00,100,00,0,00
1780847371,6,0,00,0,00,100,00,0,00
1780847371,7,0,00,0,00,100,00,0,00
1780847371,8,0,00,0,00,100,00,0,00
1780847371,9,0,00,0,00,100,00,0,00
1780847371,10,0,00,0,00,100,00,0,00
1780847371,11,0,00,0,00,100,00,0,00
1780847372,0,0,00,10,71,89,29,10,71
1780847372,1,0,00,0,00,100,00,0,00
1780847372,2,0,00,0,00,100,00,0,00
1780847372,3,100,00,0,00,0,00,100,00
1780847372,4,3,33,0,00,96,67,3,33
1780847372,5,0,00,3,45,96,55,3,45
1780847372,6,0,00,0,00,100,00,0,00
1780847372,7,3,45,0,00,96,55,3,45
1780847372,8,0,00,7,14,92,86,7,14
1780847372,9,0,00,0,00,100,00,0,00
1780847372,10,0,00,0,00,100,00,0,00
1780847372,11,0,00,0,00,100,00,0,00
1780847373,0,3,33,3,33,93,33,6,67
1780847373,1,0,00,0,00,100,00,0,00
1780847373,2,0,00,3,45,96,55,3,45
1780847373,3,100,00,0,00,0,00,100,00
1780847373,4,0,00,0,00,100,00,0,00
1780847373,5,0,00,0,00,100,00,0,00
1780847373,6,0,00,0,00,100,00,0,00
1780847373,7,0,00,6,90,93,10,6,90
1780847373,8,0,00,0,00,100,00,0,00
1780847373,9,0,00,0,00,100,00,0,00
1780847373,10,0,00,0,00,100,00,0,00
1780847373,11,0,00,0,00,100,00,0,00
1780847373,0,0,00,10,71,89,29,10,71
1780847373,1,0,00,0,00,100,00,0,00
1780847373,2,0,00,0,00,100,00,0,00
1780847373,3,100,00,0,00,0,00,100,00
1780847373,4,0,00,0,00,100,00,0,00
1780847373,5,0,00,0,00,100,00,0,00
1780847373,6,0,00,0,00,100,00,0,00
1780847373,7,0,00,3,57,96,43,3,57
1780847373,8,0,00,0,00,100,00,0,00
1780847373,9,0,00,0,00,100,00,0,00
1780847373,10,0,00,0,00,100,00,0,00
1780847373,11,0,00,0,00,100,00,0,00
1780847374,0,3,33,6,67,90,00,10,00
1780847374,1,0,00,0,00,100,00,0,00
1780847374,2,0,00,0,00,100,00,0,00
1780847374,3,100,00,0,00,0,00,100,00
1780847374,4,0,00,0,00,100,00,0,00
1780847374,5,0,00,0,00,100,00,0,00
1780847374,6,0,00,0,00,100,00,0,00
1780847374,7,0,00,3,45,96,55,3,45
1780847374,8,0,00,0,00,100,00,0,00
1780847374,9,0,00,0,00,100,00,0,00
1780847374,10,0,00,0,00,100,00,0,00
1780847374,11,0,00,0,00,100,00,0,00
1780847375,0,0,00,7,14,92,86,7,14
1780847375,1,0,00,3,45,96,55,3,45
1780847375,2,0,00,0,00,100,00,0,00
1780847375,3,100,00,0,00,0,00,100,00
1780847375,4,0,00,0,00,100,00,0,00
1780847375,5,0,00,3,45,96,55,3,45
1780847375,6,0,00,0,00,100,00,0,00
1780847375,7,0,00,0,00,100,00,0,00
1780847375,8,0,00,0,00,100,00,0,00
1780847375,9,0,00,0,00,100,00,0,00
1780847375,10,0,00,0,00,100,00,0,00
1780847375,11,0,00,0,00,100,00,0,00
1780847375,0,0,00,0,00,100,00,0,00
1780847375,1,3,45,6,90,89,66,10,34
1780847375,2,0,00,3,45,96,55,3,45
1780847375,3,92,86,7,14,0,00,100,00
1780847375,4,0,00,0,00,100,00,0,00
1780847375,5,0,00,0,00,100,00,0,00
1780847375,6,0,00,0,00,100,00,0,00
1780847375,7,0,00,0,00,100,00,0,00
1780847375,8,0,00,0,00,100,00,0,00
